image_id,class_name,source_image,processed_image,processed_mask,num_masks,mask_paths,image_width,image_height,mask_width,mask_height,mask_empty,lesion_pixels,lesion_area_ratio,image_sha256,include_in_experiment,exclusion_reason,split
benign (43),benign,/content/drive/MyDrive/BUSI-XAI/data/raw/benign/benign (43).png,/content/drive/MyDrive/BUSI-XAI/data/processed/images/benign/benign (43).png,/content/drive/MyDrive/BUSI-XAI/data/processed/masks/benign/benign (43)_mask.png,1,/content/drive/MyDrive/BUSI-XAI/data/raw/benign/benign (43)_mask.png,554,495,554,495,False,2331,0.0085001640958319,39f6dfa89a464e9846424e460f9e40d55a527d4a2c7e80ad6ff06b01ccc0537b,True,,train
benign (103),benign,/content/drive/MyDrive/BUSI-XAI/data/raw/benign/benign (103).png,/content/drive/MyDrive/BUSI-XAI/data/processed/images/benign/benign (103).png,/content/drive/MyDrive/BUSI-XAI/data/processed/masks/benign/benign (103)_mask.png,1,/content/drive/MyDrive/BUSI-XAI/data/raw/benign/benign (103)_mask.png,766,585,766,585,False,49587,0.1106580973421704,f13ec0208399eb2c56dcdc08fc2fb5e1c803fe2cfd0e3cc3ef094178774a32df,True,,train
benign (323),benign,/content/drive/MyDrive/BUSI-XAI/data/raw/benign/benign (323).png,/content/drive/MyDrive/BUSI-XAI/data/processed/images/benign/benign (323).png,/content/drive/MyDrive/BUSI-XAI/data/processed/masks/benign/benign (323)_mask.png,1,/content/drive/MyDrive/BUSI-XAI/data/raw/benign/benign (323)_mask.png,560,468,560,468,False,7445,0.0284073565323565,db357797b98ceeba5f5c19516d9efc58a2ac3306b413d0d0a9a886f7e45688f1,True,,train
benign (94),benign,/content/drive/MyDrive/BUSI-XAI/data/raw/benign/benign (94).png,/content/drive/MyDrive/BUSI-XAI/data/processed/images/benign/benign (94).png,/content/drive/MyDrive/BUSI-XAI/data/processed/masks/benign/benign (94)_mask.png,1,/content/drive/MyDrive/BUSI-XAI/data/raw/benign/benign (94)_mask.png,767,583,767,583,False,10379,0.0232108793029803,c26a1139e106f51268c47721970366c0fe018af533e1cc0d046454359ff28d24,True,,train
benign (227),benign,/content/drive/MyDrive/BUSI-XAI/data/raw/benign/benign (227).png,/content/drive/MyDrive/BUSI-XAI/data/processed/images/benign/benign (227).png,/content/drive/MyDrive/BUSI-XAI/data/processed/masks/benign/benign (227)_mask.png,1,/content/drive/MyDrive/BUSI-XAI/data/raw/benign/benign (227)_mask.png,567,468,567,468,False,6774,0.0255279699724144,c4df4a42207b6d66745d869362da2c88d7f9f3372509480eb5b47dc4401ec948,True,,train
benign (180),benign,/content/drive/MyDrive/BUSI-XAI/data/raw/benign/benign (180).png,/content/drive/MyDrive/BUSI-XAI/data/processed/images/benign/benign (180).png,/content/drive/MyDrive/BUSI-XAI/data/processed/masks/benign/benign (180)_mask.png,1,/content/drive/MyDrive/BUSI-XAI/data/raw/benign/benign (180)_mask.png,763,600,763,600,False,11539,0.0252053298383573,591c1ff218294c15bae4562eb1b0619c9678ec44ab927c4406063c45c5fc08cb,True,,train
benign (230),benign,/content/drive/MyDrive/BUSI-XAI/data/raw/benign/benign (230).png,/content/drive/MyDrive/BUSI-XAI/data/processed/images/benign/benign (230).png,/content/drive/MyDrive/BUSI-XAI/data/processed/masks/benign/benign (230)_mask.png,1,/content/drive/MyDrive/BUSI-XAI/data/raw/benign/benign (230)_mask.png,566,470,566,470,False,12385,0.0465566498759491,d93bdd541fec39b5cb332cc2ded44a183200590f4f1d19269bd2fe1a714a8739,True,,train
benign (85),benign,/content/drive/MyDrive/BUSI-XAI/data/raw/benign/benign (85).png,/content/drive/MyDrive/BUSI-XAI/data/processed/images/benign/benign (85).png,/content/drive/MyDrive/BUSI-XAI/data/processed/masks/benign/benign (85)_mask.png,1,/content/drive/MyDrive/BUSI-XAI/data/raw/benign/benign (85)_mask.png,561,465,561,465,False,28115,0.1077760527475897,c73e911aa903c971d2b241f4d6ab4a8054107f458c09720610889ba9bc6c6be5,True,,train
benign (63),benign,/content/drive/MyDrive/BUSI-XAI/data/raw/benign/benign (63).png,/content/drive/MyDrive/BUSI-XAI/data/processed/images/benign/benign (63).png,/content/drive/MyDrive/BUSI-XAI/data/processed/masks/benign/benign (63)_mask.png,1,/content/drive/MyDrive/BUSI-XAI/data/raw/benign/benign (63)_mask.png,608,660,608,660,False,3949,0.0098410087719298,3801442a6285a557ddd76c30106f13e0f2e1ba642c4b5be56d320b9517ce389c,True,,train
malignant (21),malignant,/content/drive/MyDrive/BUSI-XAI/data/raw/malignant/malignant (21).png,/content/drive/MyDrive/BUSI-XAI/data/processed/images/malignant/malignant (21).png,/content/drive/MyDrive/BUSI-XAI/data/processed/masks/malignant/malignant (21)_mask.png,1,/content/drive/MyDrive/BUSI-XAI/data/raw/malignant/malignant (21)_mask.png,601,367,601,367,False,43594,0.1976451599740668,98065d9890691ea398cde3c4e3798d370fc6efdb2ffecfa5e692e1c293305845,True,,train
benign (168),benign,/content/drive/MyDrive/BUSI-XAI/data/raw/benign/benign (168).png,/content/drive/MyDrive/BUSI-XAI/data/processed/images/benign/benign (168).png,/content/drive/MyDrive/BUSI-XAI/data/processed/masks/benign/benign (168)_mask.png,1,/content/drive/MyDrive/BUSI-XAI/data/raw/benign/benign (168)_mask.png,557,471,557,471,False,12394,0.0472427738834444,b7897105cb22708f0b68cd57b84ecd39662a7aebc2bb8c3809b911235c4f157d,True,,train
benign (338),benign,/content/drive/MyDrive/BUSI-XAI/data/raw/benign/benign (338).png,/content/drive/MyDrive/BUSI-XAI/data/processed/images/benign/benign (338).png,/content/drive/MyDrive/BUSI-XAI/data/processed/masks/benign/benign (338)_mask.png,1,/content/drive/MyDrive/BUSI-XAI/data/raw/benign/benign (338)_mask.png,611,382,611,382,False,2462,0.0105483243502626,fb4ae2bd50133b82f6852b37e3888306c8e511479bbb90f5fc70bc940a46d326,True,,train
malignant (104),malignant,/content/drive/MyDrive/BUSI-XAI/data/raw/malignant/malignant (104).png,/content/drive/MyDrive/BUSI-XAI/data/processed/images/malignant/malignant (104).png,/content/drive/MyDrive/BUSI-XAI/data/processed/masks/malignant/malignant (104)_mask.png,1,/content/drive/MyDrive/BUSI-XAI/data/raw/malignant/malignant (104)_mask.png,554,494,554,494,False,47473,0.1734642423888101,e5926157fb81b4a678454d01547268a906a482a6ff727b68da1a36647e47e85d,True,,train
benign (419),benign,/content/drive/MyDrive/BUSI-XAI/data/raw/benign/benign (419).png,/content/drive/MyDrive/BUSI-XAI/data/processed/images/benign/benign (419).png,/content/drive/MyDrive/BUSI-XAI/data/processed/masks/benign/benign (419)_mask.png,1,/content/drive/MyDrive/BUSI-XAI/data/raw/benign/benign (419)_mask.png,772,574,772,574,False,10624,0.0239750139914426,e4ef06ad47dc089d82cad507251fa80f254b9c9da57e8545c77b39389021446e,True,,train
benign (56),benign,/content/drive/MyDrive/BUSI-XAI/data/raw/benign/benign (56).png,/content/drive/MyDrive/BUSI-XAI/data/processed/images/benign/benign (56).png,/content/drive/MyDrive/BUSI-XAI/data/processed/masks/benign/benign (56)_mask.png,1,/content/drive/MyDrive/BUSI-XAI/data/raw/benign/benign (56)_mask.png,806,711,806,711,False,34453,0.0601204747795192,b29ad34b95f06845940f121321747d795cc3263ef4cd215e0299724b1acc3c5a,True,,train
benign (23),benign,/content/drive/MyDrive/BUSI-XAI/data/raw/benign/benign (23).png,/content/drive/MyDrive/BUSI-XAI/data/processed/images/benign/benign (23).png,/content/drive/MyDrive/BUSI-XAI/data/processed/masks/benign/benign (23)_mask.png,1,/content/drive/MyDrive/BUSI-XAI/data/raw/benign/benign (23)_mask.png,779,583,779,583,False,18935,0.0416926305220441,9eafad6f09e538cff267e470e0e42b9b76c58478c5a997e075edd8433442f4c8,True,,train
benign (234),benign,/content/drive/MyDrive/BUSI-XAI/data/raw/benign/benign (234).png,/content/drive/MyDrive/BUSI-XAI/data/processed/images/benign/benign (234).png,/content/drive/MyDrive/BUSI-XAI/data/processed/masks/benign/benign (234)_mask.png,1,/content/drive/MyDrive/BUSI-XAI/data/raw/benign/benign (234)_mask.png,562,469,562,469,False,33802,0.1282428730774192,c6306149f51911ba8d323ed70464c27b6a196c5c1593adca48627386b9f82dc2,True,,train
benign (238),benign,/content/drive/MyDrive/BUSI-XAI/data/raw/benign/benign (238).png,/content/drive/MyDrive/BUSI-XAI/data/processed/images/benign/benign (238).png,/content/drive/MyDrive/BUSI-XAI/data/processed/masks/benign/benign (238)_mask.png,1,/content/drive/MyDrive/BUSI-XAI/data/raw/benign/benign (238)_mask.png,556,469,556,469,False,23244,0.089138071206148,3b8f7c09d17dfb27e39a83a672fcb10fae4963f2c3f03298ec9cf472d8648a5b,True,,train
benign (8),benign,/content/drive/MyDrive/BUSI-XAI/data/raw/benign/benign (8).png,/content/drive/MyDrive/BUSI-XAI/data/processed/images/benign/benign (8).png,/content/drive/MyDrive/BUSI-XAI/data/processed/masks/benign/benign (8)_mask.png,1,/content/drive/MyDrive/BUSI-XAI/data/raw/benign/benign (8)_mask.png,617,585,617,585,False,3997,0.0110737092908891,084bbbb6e16ca8cc9e0f920d08f4ab7b858034753abaf1e8766db7456c3adabb,True,,train
benign (213),benign,/content/drive/MyDrive/BUSI-XAI/data/raw/benign/benign (213).png,/content/drive/MyDrive/BUSI-XAI/data/processed/images/benign/benign (213).png,/content/drive/MyDrive/BUSI-XAI/data/processed/masks/benign/benign (213)_mask.png,1,/content/drive/MyDrive/BUSI-XAI/data/raw/benign/benign (213)_mask.png,573,486,573,486,False,10555,0.0379024554902003,997c9e5e4fa2e39c62dc73989a277eddfdb44830568ee8c8d4973aaff04027bc,True,,train
benign (204),benign,/content/drive/MyDrive/BUSI-XAI/data/raw/benign/benign (204).png,/content/drive/MyDrive/BUSI-XAI/data/processed/images/benign/benign (204).png,/content/drive/MyDrive/BUSI-XAI/data/processed/masks/benign/benign (204)_mask.png,1,/content/drive/MyDrive/BUSI-XAI/data/raw/benign/benign (204)_mask.png,560,476,560,476,False,14121,0.0529749399759904,5dd18b70dc77e5c41d505b0ea0a8a9efcedae480339bffe06034ea7a8a83e1fb,True,,train
benign (250),benign,/content/drive/MyDrive/BUSI-XAI/data/raw/benign/benign (250).png,/content/drive/MyDrive/BUSI-XAI/data/processed/images/benign/benign (250).png,/content/drive/MyDrive/BUSI-XAI/data/processed/masks/benign/benign (250)_mask.png,1,/content/drive/MyDrive/BUSI-XAI/data/raw/benign/benign (250)_mask.png,469,394,469,394,False,4554,0.0246447241674152,fbf2e9c8181b95b3f693b3c2292b97e04323076e27968f21787ea13a5424fa43,True,,train
benign (186),benign,/content/drive/MyDrive/BUSI-XAI/data/raw/benign/benign (186).png,/content/drive/MyDrive/BUSI-XAI/data/processed/images/benign/benign (186).png,/content/drive/MyDrive/BUSI-XAI/data/processed/masks/benign/benign (186)_mask.png,1,/content/drive/MyDrive/BUSI-XAI/data/raw/benign/benign (186)_mask.png,741,574,741,574,False,33341,0.0783878081695796,8f644e1d3d6bbd2af20d4dd3c064fdcaf210c076ab9b38007366bb95ad9fcbef,True,,train
benign (351),benign,/content/drive/MyDrive/BUSI-XAI/data/raw/benign/benign (351).png,/content/drive/MyDrive/BUSI-XAI/data/processed/images/benign/benign (351).png,/content/drive/MyDrive/BUSI-XAI/data/processed/masks/benign/benign (351)_mask.png,1,/content/drive/MyDrive/BUSI-XAI/data/raw/benign/benign (351)_mask.png,585,429,585,429,False,6786,0.027039627039627,78b49e629341aa2380a9c2efdec91b57254200644648983a0ce4d906ab8aef05,True,,train
benign (263),benign,/content/drive/MyDrive/BUSI-XAI/data/raw/benign/benign (263).png,/content/drive/MyDrive/BUSI-XAI/data/processed/images/benign/benign (263).png,/content/drive/MyDrive/BUSI-XAI/data/processed/masks/benign/benign (263)_mask.png,1,/content/drive/MyDrive/BUSI-XAI/data/raw/benign/benign (263)_mask.png,465,390,465,390,False,5734,0.031618417424869,555175176d5d7178a38140b0dcc043aa50b20dcdca02d373e1edc9fd2c120648,True,,train
malignant (116),malignant,/content/drive/MyDrive/BUSI-XAI/data/raw/malignant/malignant (116).png,/content/drive/MyDrive/BUSI-XAI/data/processed/images/malignant/malignant (116).png,/content/drive/MyDrive/BUSI-XAI/data/processed/masks/malignant/malignant (116)_mask.png,1,/content/drive/MyDrive/BUSI-XAI/data/raw/malignant/malignant (116)_mask.png,582,434,582,434,False,13582,0.0537713588927423,eef0c695122f4210a33e1f96c89c94911581f1ec4cb5d225dbdb952036e19e39,True,,train
benign (21),benign,/content/drive/MyDrive/BUSI-XAI/data/raw/benign/benign (21).png,/content/drive/MyDrive/BUSI-XAI/data/processed/images/benign/benign (21).png,/content/drive/MyDrive/BUSI-XAI/data/processed/masks/benign/benign (21)_mask.png,1,/content/drive/MyDrive/BUSI-XAI/data/raw/benign/benign (21)_mask.png,558,451,558,451,False,1854,0.0073671411200915,be6390b454e962f43d71897ffe9afca6614f5254ff9376d83aed7bd1ff1f07de,True,,train
benign (349),benign,/content/drive/MyDrive/BUSI-XAI/data/raw/benign/benign (349).png,/content/drive/MyDrive/BUSI-XAI/data/processed/images/benign/benign (349).png,/content/drive/MyDrive/BUSI-XAI/data/processed/masks/benign/benign (349)_mask.png,1,/content/drive/MyDrive/BUSI-XAI/data/raw/benign/benign (349)_mask.png,555,471,555,471,False,4667,0.017853522312121,68d3889cf233e7e5b27af254c8afce338403b7641fd8bfd2e5925ba6ba3d1574,True,,train
malignant (125),malignant,/content/drive/MyDrive/BUSI-XAI/data/raw/malignant/malignant (125).png,/content/drive/MyDrive/BUSI-XAI/data/processed/images/malignant/malignant (125).png,/content/drive/MyDrive/BUSI-XAI/data/processed/masks/malignant/malignant (125)_mask.png,1,/content/drive/MyDrive/BUSI-XAI/data/raw/malignant/malignant (125)_mask.png,557,465,557,465,False,13033,0.0503194919017007,5bd17d7423744c03f8b1052ef22264c2bcaa0b94529964a7aa83ad427aa70387,True,,train
malignant (58),malignant,/content/drive/MyDrive/BUSI-XAI/data/raw/malignant/malignant (58).png,/content/drive/MyDrive/BUSI-XAI/data/processed/images/malignant/malignant (58).png,/content/drive/MyDrive/BUSI-XAI/data/processed/masks/malignant/malignant (58)_mask.png,1,/content/drive/MyDrive/BUSI-XAI/data/raw/malignant/malignant (58)_mask.png,688,558,688,558,False,77150,0.2009616987580228,d61c69a8e923e1952736f964614923d6d57be864d45233735efde8745337db36,True,,train
malignant (110),malignant,/content/drive/MyDrive/BUSI-XAI/data/raw/malignant/malignant (110).png,/content/drive/MyDrive/BUSI-XAI/data/processed/images/malignant/malignant (110).png,/content/drive/MyDrive/BUSI-XAI/data/processed/masks/malignant/malignant (110)_mask.png,1,/content/drive/MyDrive/BUSI-XAI/data/raw/malignant/malignant (110)_mask.png,557,470,557,470,False,8899,0.0339928950685664,6175a507babfe30a794eb43d1ff7e1503e49a746ea9c6aa3850e8440b1132249,True,,train
benign (274),benign,/content/drive/MyDrive/BUSI-XAI/data/raw/benign/benign (274).png,/content/drive/MyDrive/BUSI-XAI/data/processed/images/benign/benign (274).png,/content/drive/MyDrive/BUSI-XAI/data/processed/masks/benign/benign (274)_mask.png,1,/content/drive/MyDrive/BUSI-XAI/data/raw/benign/benign (274)_mask.png,556,471,556,471,False,37185,0.1419946845071713,90b0de079f7e458768f061b86d1afc89b7ad8a1efacec00a9e706994d8e2a04f,True,,train
benign (386),benign,/content/drive/MyDrive/BUSI-XAI/data/raw/benign/benign (386).png,/content/drive/MyDrive/BUSI-XAI/data/processed/images/benign/benign (386).png,/content/drive/MyDrive/BUSI-XAI/data/processed/masks/benign/benign (386)_mask.png,1,/content/drive/MyDrive/BUSI-XAI/data/raw/benign/benign (386)_mask.png,768,578,768,578,False,25588,0.0576430940023068,d7e024f45c0c8760eb89ad3aab724e7f2e69221b9ef562095920a49523e471e1,True,,train
malignant (20),malignant,/content/drive/MyDrive/BUSI-XAI/data/raw/malignant/malignant (20).png,/content/drive/MyDrive/BUSI-XAI/data/processed/images/malignant/malignant (20).png,/content/drive/MyDrive/BUSI-XAI/data/processed/masks/malignant/malignant (20)_mask.png,1,/content/drive/MyDrive/BUSI-XAI/data/raw/malignant/malignant (20)_mask.png,558,475,558,475,False,51359,0.1937709866063007,fc6c0f08eaee7bb8167497c92742b055bf961b3b6b4cb78979158f9b7a9879b3,True,,train
benign (26),benign,/content/drive/MyDrive/BUSI-XAI/data/raw/benign/benign (26).png,/content/drive/MyDrive/BUSI-XAI/data/processed/images/benign/benign (26).png,/content/drive/MyDrive/BUSI-XAI/data/processed/masks/benign/benign (26)_mask.png,1,/content/drive/MyDrive/BUSI-XAI/data/raw/benign/benign (26)_mask.png,554,471,554,471,False,33610,0.1288065181233568,75e7c68717c1c6301a9e5f2f1123900a5d3ac82339f35e74c7aab6f3ab9eeb16,True,,train
benign (114),benign,/content/drive/MyDrive/BUSI-XAI/data/raw/benign/benign (114).png,/content/drive/MyDrive/BUSI-XAI/data/processed/images/benign/benign (114).png,/content/drive/MyDrive/BUSI-XAI/data/processed/masks/benign/benign (114)_mask.png,1,/content/drive/MyDrive/BUSI-XAI/data/raw/benign/benign (114)_mask.png,757,575,757,575,False,21951,0.0504301878123025,cc57fe654f8f6ac92448cf9bdff6a76d65469d457b1d522b16d4f9e319efa543,True,,train
benign (40),benign,/content/drive/MyDrive/BUSI-XAI/data/raw/benign/benign (40).png,/content/drive/MyDrive/BUSI-XAI/data/processed/images/benign/benign (40).png,/content/drive/MyDrive/BUSI-XAI/data/processed/masks/benign/benign (40)_mask.png,1,/content/drive/MyDrive/BUSI-XAI/data/raw/benign/benign (40)_mask.png,706,526,706,526,False,8589,0.0231287497711091,8b1789cd82b486d69771b0247e18a96469a238a7ccc4c07df3d2df6ae6914c72,True,,train
benign (17),benign,/content/drive/MyDrive/BUSI-XAI/data/raw/benign/benign (17).png,/content/drive/MyDrive/BUSI-XAI/data/processed/images/benign/benign (17).png,/content/drive/MyDrive/BUSI-XAI/data/processed/masks/benign/benign (17)_mask.png,1,/content/drive/MyDrive/BUSI-XAI/data/raw/benign/benign (17)_mask.png,558,463,558,463,False,5079,0.0196590724354954,33fc10832c6fd9717370829eb301d34e14b211a4831a009778e3615da8017f61,True,,train
benign (232),benign,/content/drive/MyDrive/BUSI-XAI/data/raw/benign/benign (232).png,/content/drive/MyDrive/BUSI-XAI/data/processed/images/benign/benign (232).png,/content/drive/MyDrive/BUSI-XAI/data/processed/masks/benign/benign (232)_mask.png,1,/content/drive/MyDrive/BUSI-XAI/data/raw/benign/benign (232)_mask.png,562,469,562,469,False,29842,0.113218857416021,a64e71ff8de75cecf907c6fc309d48b42640c383b42278b23c54eeadc11ec3f8,True,,train
malignant (163),malignant,/content/drive/MyDrive/BUSI-XAI/data/raw/malignant/malignant (163).png,/content/drive/MyDrive/BUSI-XAI/data/processed/images/malignant/malignant (163).png,/content/drive/MyDrive/BUSI-XAI/data/processed/masks/malignant/malignant (163)_mask.png,1,/content/drive/MyDrive/BUSI-XAI/data/raw/malignant/malignant (163)_mask.png,643,570,643,570,False,167411,0.4567706201740744,7e9308afaaad1b6fa59e5ea45c7383e63a191a5ea3e30507691e4451c3f19f5a,True,,train
malignant (195),malignant,/content/drive/MyDrive/BUSI-XAI/data/raw/malignant/malignant (195).png,/content/drive/MyDrive/BUSI-XAI/data/processed/images/malignant/malignant (195).png,/content/drive/MyDrive/BUSI-XAI/data/processed/masks/malignant/malignant (195)_mask.png,1,/content/drive/MyDrive/BUSI-XAI/data/raw/malignant/malignant (195)_mask.png,555,475,555,475,False,46680,0.1770697012802276,d91da657d129d5205cf152e7c7195c45af8d198a0c97d2f1bf8348df4df08160,True,,train
malignant (39),malignant,/content/drive/MyDrive/BUSI-XAI/data/raw/malignant/malignant (39).png,/content/drive/MyDrive/BUSI-XAI/data/processed/images/malignant/malignant (39).png,/content/drive/MyDrive/BUSI-XAI/data/processed/masks/malignant/malignant (39)_mask.png,1,/content/drive/MyDrive/BUSI-XAI/data/raw/malignant/malignant (39)_mask.png,564,469,564,469,False,33347,0.1260679883258479,baa0e30a3d75d6f4f67b13190fb79057e92bc9db9076fd759bf94ee334d2a278,True,,train
benign (159),benign,/content/drive/MyDrive/BUSI-XAI/data/raw/benign/benign (159).png,/content/drive/MyDrive/BUSI-XAI/data/processed/images/benign/benign (159).png,/content/drive/MyDrive/BUSI-XAI/data/processed/masks/benign/benign (159)_mask.png,1,/content/drive/MyDrive/BUSI-XAI/data/raw/benign/benign (159)_mask.png,696,574,696,574,False,3370,0.0084354599703632,b8502c86bad71698fadc05fe6bba011dd2012a7ce0333ce679f774ed144ba8de,True,,train
benign (55),benign,/content/drive/MyDrive/BUSI-XAI/data/raw/benign/benign (55).png,/content/drive/MyDrive/BUSI-XAI/data/processed/images/benign/benign (55).png,/content/drive/MyDrive/BUSI-XAI/data/processed/masks/benign/benign (55)_mask.png,1,/content/drive/MyDrive/BUSI-XAI/data/raw/benign/benign (55)_mask.png,763,614,763,614,False,8946,0.0190957176583091,e492564e299afca80a830ee4c05f3fac31119da7110e80baca7b220fca551125,True,,train
benign (305),benign,/content/drive/MyDrive/BUSI-XAI/data/raw/benign/benign (305).png,/content/drive/MyDrive/BUSI-XAI/data/processed/images/benign/benign (305).png,/content/drive/MyDrive/BUSI-XAI/data/processed/masks/benign/benign (305)_mask.png,1,/content/drive/MyDrive/BUSI-XAI/data/raw/benign/benign (305)_mask.png,466,389,466,389,False,4186,0.0230921146992949,3b7ff96ed859b9b16d14a64618f6d1b68fe1fe862ea802e7db3e7eacfb3e116f,True,,train
benign (314),benign,/content/drive/MyDrive/BUSI-XAI/data/raw/benign/benign (314).png,/content/drive/MyDrive/BUSI-XAI/data/processed/images/benign/benign (314).png,/content/drive/MyDrive/BUSI-XAI/data/processed/masks/benign/benign (314)_mask.png,1,/content/drive/MyDrive/BUSI-XAI/data/raw/benign/benign (314)_mask.png,554,493,554,493,False,17929,0.0656446569664838,657448914cda934c1cefcacfcb7aa6d5548b5f96e87c3b2deecdfc74e66cb24b,True,,train
benign (3),benign,/content/drive/MyDrive/BUSI-XAI/data/raw/benign/benign (3).png,/content/drive/MyDrive/BUSI-XAI/data/processed/images/benign/benign (3).png,/content/drive/MyDrive/BUSI-XAI/data/processed/masks/benign/benign (3)_mask.png,1,/content/drive/MyDrive/BUSI-XAI/data/raw/benign/benign (3)_mask.png,558,471,558,471,False,7022,0.0267181091097261,35bc400991087c0582b34caa751794b14941a879f931db35844c8308f35d6ddc,True,,train
benign (162),benign,/content/drive/MyDrive/BUSI-XAI/data/raw/benign/benign (162).png,/content/drive/MyDrive/BUSI-XAI/data/processed/images/benign/benign (162).png,/content/drive/MyDrive/BUSI-XAI/data/processed/masks/benign/benign (162)_mask.png,1,/content/drive/MyDrive/BUSI-XAI/data/raw/benign/benign (162)_mask.png,549,470,549,470,False,1248,0.004836646901523,438361ceae9e6dc5f24fe9388f782093a3f9ba9471f0bbefdb582b668c1c2aa4,True,,train
benign (92),benign,/content/drive/MyDrive/BUSI-XAI/data/raw/benign/benign (92).png,/content/drive/MyDrive/BUSI-XAI/data/processed/images/benign/benign (92).png,/content/drive/MyDrive/BUSI-XAI/data/processed/masks/benign/benign (92)_mask.png,2,/content/drive/MyDrive/BUSI-XAI/data/raw/benign/benign (92)_mask.png;/content/drive/MyDrive/BUSI-XAI/data/raw/benign/benign (92)_mask_1.png,763,612,763,612,False,29750,0.063710499490316,f0f031b1989e22a9053ef7a4f4d69a651297595c6679c6f10b62fd08d630f3bb,True,,train
benign (127),benign,/content/drive/MyDrive/BUSI-XAI/data/raw/benign/benign (127).png,/content/drive/MyDrive/BUSI-XAI/data/processed/images/benign/benign (127).png,/content/drive/MyDrive/BUSI-XAI/data/processed/masks/benign/benign (127)_mask.png,1,/content/drive/MyDrive/BUSI-XAI/data/raw/benign/benign (127)_mask.png,558,476,558,476,False,4330,0.0163022198126562,cc8d32e98de3b05e1ddffaf0fe8f794a0c7e901b5c9027a749b3a62e8cdafda7,True,,train
benign (60),benign,/content/drive/MyDrive/BUSI-XAI/data/raw/benign/benign (60).png,/content/drive/MyDrive/BUSI-XAI/data/processed/images/benign/benign (60).png,/content/drive/MyDrive/BUSI-XAI/data/processed/masks/benign/benign (60)_mask.png,1,/content/drive/MyDrive/BUSI-XAI/data/raw/benign/benign (60)_mask.png,759,598,759,598,False,2427,0.005347204780097,b8b5e288211394b3cd582d3285691c9adc84846076dfa23bc887b87a56e24a22,True,,train
benign (87),benign,/content/drive/MyDrive/BUSI-XAI/data/raw/benign/benign (87).png,/content/drive/MyDrive/BUSI-XAI/data/processed/images/benign/benign (87).png,/content/drive/MyDrive/BUSI-XAI/data/processed/masks/benign/benign (87)_mask.png,1,/content/drive/MyDrive/BUSI-XAI/data/raw/benign/benign (87)_mask.png,768,571,768,571,False,8875,0.0202381603911266,d9a35a37ab3c028da62fb67ada774934ef98f8e1efffe6e873bb40b9a5792070,True,,train
malignant (105),malignant,/content/drive/MyDrive/BUSI-XAI/data/raw/malignant/malignant (105).png,/content/drive/MyDrive/BUSI-XAI/data/processed/images/malignant/malignant (105).png,/content/drive/MyDrive/BUSI-XAI/data/processed/masks/malignant/malignant (105)_mask.png,1,/content/drive/MyDrive/BUSI-XAI/data/raw/malignant/malignant (105)_mask.png,577,450,577,450,False,7245,0.0279029462738301,6f0a3eeac25c41173a2fb59876550f459a83ef1d6be05fa9f7b3bae993ada2b6,True,,train
benign (185),benign,/content/drive/MyDrive/BUSI-XAI/data/raw/benign/benign (185).png,/content/drive/MyDrive/BUSI-XAI/data/processed/images/benign/benign (185).png,/content/drive/MyDrive/BUSI-XAI/data/processed/masks/benign/benign (185)_mask.png,1,/content/drive/MyDrive/BUSI-XAI/data/raw/benign/benign (185)_mask.png,752,592,752,592,False,3335,0.0074912845025876,29c64753670c061a412bcd5094d45a9a228147f1ff4016ec1249edacc677d78c,True,,train
benign (112),benign,/content/drive/MyDrive/BUSI-XAI/data/raw/benign/benign (112).png,/content/drive/MyDrive/BUSI-XAI/data/processed/images/benign/benign (112).png,/content/drive/MyDrive/BUSI-XAI/data/processed/masks/benign/benign (112)_mask.png,1,/content/drive/MyDrive/BUSI-XAI/data/raw/benign/benign (112)_mask.png,652,612,652,612,False,4986,0.0124954889931432,7e868991dc5cd422e223f114566a861012f645f1fc92a50a1a99943882a0f9b0,True,,train
malignant (94),malignant,/content/drive/MyDrive/BUSI-XAI/data/raw/malignant/malignant (94).png,/content/drive/MyDrive/BUSI-XAI/data/processed/images/malignant/malignant (94).png,/content/drive/MyDrive/BUSI-XAI/data/processed/masks/malignant/malignant (94)_mask.png,1,/content/drive/MyDrive/BUSI-XAI/data/raw/malignant/malignant (94)_mask.png,564,452,564,452,False,51666,0.2026689888909809,b8b50a73d5ddb1f6e20733e5702259a5f3c8c25bbf4fa4784718093fccdfe2e3,True,,train
malignant (95),malignant,/content/drive/MyDrive/BUSI-XAI/data/raw/malignant/malignant (95).png,/content/drive/MyDrive/BUSI-XAI/data/processed/images/malignant/malignant (95).png,/content/drive/MyDrive/BUSI-XAI/data/processed/masks/malignant/malignant (95)_mask.png,1,/content/drive/MyDrive/BUSI-XAI/data/raw/malignant/malignant (95)_mask.png,781,486,781,486,False,56403,0.1485986626831697,26e2a96fd31e8fdd7f589f75502165f0aa744a7aee561e6d8ad8e125d46b2676,True,,train
benign (137),benign,/content/drive/MyDrive/BUSI-XAI/data/raw/benign/benign (137).png,/content/drive/MyDrive/BUSI-XAI/data/processed/images/benign/benign (137).png,/content/drive/MyDrive/BUSI-XAI/data/processed/masks/benign/benign (137)_mask.png,1,/content/drive/MyDrive/BUSI-XAI/data/raw/benign/benign (137)_mask.png,777,578,777,578,False,5551,0.0123601109760279,bf86a2910756add7da53a9a3980a5f6da9cd8d874758a029f70310d0c71da065,True,,train
benign (136),benign,/content/drive/MyDrive/BUSI-XAI/data/raw/benign/benign (136).png,/content/drive/MyDrive/BUSI-XAI/data/processed/images/benign/benign (136).png,/content/drive/MyDrive/BUSI-XAI/data/processed/masks/benign/benign (136)_mask.png,1,/content/drive/MyDrive/BUSI-XAI/data/raw/benign/benign (136)_mask.png,886,581,886,581,False,16264,0.0315949382826371,42b2460b22887db6a5a6894901fcf5012e8d211f3734054900efb8488de8e58f,True,,train
benign (242),benign,/content/drive/MyDrive/BUSI-XAI/data/raw/benign/benign (242).png,/content/drive/MyDrive/BUSI-XAI/data/processed/images/benign/benign (242).png,/content/drive/MyDrive/BUSI-XAI/data/processed/masks/benign/benign (242)_mask.png,1,/content/drive/MyDrive/BUSI-XAI/data/raw/benign/benign (242)_mask.png,556,474,556,474,False,19380,0.0735361078226026,48ffed9733a9cd19628abffb496817b2c05fe7742130848bfb66096ed9c6a0b3,True,,train
malignant (33),malignant,/content/drive/MyDrive/BUSI-XAI/data/raw/malignant/malignant (33).png,/content/drive/MyDrive/BUSI-XAI/data/processed/images/malignant/malignant (33).png,/content/drive/MyDrive/BUSI-XAI/data/processed/masks/malignant/malignant (33)_mask.png,1,/content/drive/MyDrive/BUSI-XAI/data/raw/malignant/malignant (33)_mask.png,557,496,557,496,False,60717,0.2197725430011003,9541c42d356adf07cde187b7a487ba45671fcbaba37eb735db2eba5d911c9430,True,,train
malignant (187),malignant,/content/drive/MyDrive/BUSI-XAI/data/raw/malignant/malignant (187).png,/content/drive/MyDrive/BUSI-XAI/data/processed/images/malignant/malignant (187).png,/content/drive/MyDrive/BUSI-XAI/data/processed/masks/malignant/malignant (187)_mask.png,1,/content/drive/MyDrive/BUSI-XAI/data/raw/malignant/malignant (187)_mask.png,765,585,765,585,False,54503,0.1217876096307468,24566b56ba64b4cd346438d4c5992bf26a4e706835ce1d60663f1e2aba8f1bad,True,,train
benign (258),benign,/content/drive/MyDrive/BUSI-XAI/data/raw/benign/benign (258).png,/content/drive/MyDrive/BUSI-XAI/data/processed/images/benign/benign (258).png,/content/drive/MyDrive/BUSI-XAI/data/processed/masks/benign/benign (258)_mask.png,1,/content/drive/MyDrive/BUSI-XAI/data/raw/benign/benign (258)_mask.png,462,389,462,389,False,4412,0.0245495721074127,54319e05d849591fa4729f85dc50759ccbaf37465acf369f05be0a802b5df6d8,True,,train
benign (226),benign,/content/drive/MyDrive/BUSI-XAI/data/raw/benign/benign (226).png,/content/drive/MyDrive/BUSI-XAI/data/processed/images/benign/benign (226).png,/content/drive/MyDrive/BUSI-XAI/data/processed/masks/benign/benign (226)_mask.png,1,/content/drive/MyDrive/BUSI-XAI/data/raw/benign/benign (226)_mask.png,555,469,555,469,False,7646,0.0293743637027219,91a4240ad88966bab5e60e6979d431bc725be6a8733ac862f7390f402f429517,True,,train
benign (76),benign,/content/drive/MyDrive/BUSI-XAI/data/raw/benign/benign (76).png,/content/drive/MyDrive/BUSI-XAI/data/processed/images/benign/benign (76).png,/content/drive/MyDrive/BUSI-XAI/data/processed/masks/benign/benign (76)_mask.png,1,/content/drive/MyDrive/BUSI-XAI/data/raw/benign/benign (76)_mask.png,848,685,848,685,False,10263,0.0176680209337556,a94599ff07748cc9c4925fca9ab40b2015b9044510b7b20c5d84173837dd96bb,True,,train
malignant (172),malignant,/content/drive/MyDrive/BUSI-XAI/data/raw/malignant/malignant (172).png,/content/drive/MyDrive/BUSI-XAI/data/processed/images/malignant/malignant (172).png,/content/drive/MyDrive/BUSI-XAI/data/processed/masks/malignant/malignant (172)_mask.png,1,/content/drive/MyDrive/BUSI-XAI/data/raw/malignant/malignant (172)_mask.png,602,469,602,469,False,18664,0.0661051647316337,5763dc2b0fce113783379f428b8ef9246531b5d21c17bd2eed18b3d33bcb2e46,True,,train
malignant (89),malignant,/content/drive/MyDrive/BUSI-XAI/data/raw/malignant/malignant (89).png,/content/drive/MyDrive/BUSI-XAI/data/processed/images/malignant/malignant (89).png,/content/drive/MyDrive/BUSI-XAI/data/processed/masks/malignant/malignant (89)_mask.png,1,/content/drive/MyDrive/BUSI-XAI/data/raw/malignant/malignant (89)_mask.png,786,585,786,585,False,106380,0.2313564298297122,f5fc1452d2cfeb406a13e6100de335fb3798e14a2b5ea5ba5aa05a29b4e4d4b9,True,,train
benign (29),benign,/content/drive/MyDrive/BUSI-XAI/data/raw/benign/benign (29).png,/content/drive/MyDrive/BUSI-XAI/data/processed/images/benign/benign (29).png,/content/drive/MyDrive/BUSI-XAI/data/processed/masks/benign/benign (29)_mask.png,1,/content/drive/MyDrive/BUSI-XAI/data/raw/benign/benign (29)_mask.png,561,462,561,462,False,1415,0.0054594840691097,700522e0b2379b1f9a0a231c2d8b902d6ca2dab6c01c0e25ee57d736cb1bbf36,True,,train
benign (335),benign,/content/drive/MyDrive/BUSI-XAI/data/raw/benign/benign (335).png,/content/drive/MyDrive/BUSI-XAI/data/processed/images/benign/benign (335).png,/content/drive/MyDrive/BUSI-XAI/data/processed/masks/benign/benign (335)_mask.png,1,/content/drive/MyDrive/BUSI-XAI/data/raw/benign/benign (335)_mask.png,681,559,681,559,False,25863,0.0679391298180356,93e285d7014200637f1d35e8fb180f631bdd12e091b4b9fb6ce851c57722fcc0,True,,train
malignant (59),malignant,/content/drive/MyDrive/BUSI-XAI/data/raw/malignant/malignant (59).png,/content/drive/MyDrive/BUSI-XAI/data/processed/images/malignant/malignant (59).png,/content/drive/MyDrive/BUSI-XAI/data/processed/masks/malignant/malignant (59)_mask.png,1,/content/drive/MyDrive/BUSI-XAI/data/raw/malignant/malignant (59)_mask.png,682,561,682,561,False,89827,0.2347792222727534,9199b3a650d45fe2c6ff35d020252284c9730a65dbdcdd5d24284fc2ab0092f6,True,,train
malignant (209),malignant,/content/drive/MyDrive/BUSI-XAI/data/raw/malignant/malignant (209).png,/content/drive/MyDrive/BUSI-XAI/data/processed/images/malignant/malignant (209).png,/content/drive/MyDrive/BUSI-XAI/data/processed/masks/malignant/malignant (209)_mask.png,1,/content/drive/MyDrive/BUSI-XAI/data/raw/malignant/malignant (209)_mask.png,508,471,508,471,False,5025,0.0210015547419629,d271b1ff5f3240582ba50ed316a0b2faaf520eb1120c954c5625e0d4f2736769,True,,train
malignant (63),malignant,/content/drive/MyDrive/BUSI-XAI/data/raw/malignant/malignant (63).png,/content/drive/MyDrive/BUSI-XAI/data/processed/images/malignant/malignant (63).png,/content/drive/MyDrive/BUSI-XAI/data/processed/masks/malignant/malignant (63)_mask.png,1,/content/drive/MyDrive/BUSI-XAI/data/raw/malignant/malignant (63)_mask.png,795,572,795,572,False,73334,0.1612657782469103,c11e6794b8784af44e92548ee1a98b49b3937b432c8bb6fd023686bc071f3c5c,True,,train
benign (81),benign,/content/drive/MyDrive/BUSI-XAI/data/raw/benign/benign (81).png,/content/drive/MyDrive/BUSI-XAI/data/processed/images/benign/benign (81).png,/content/drive/MyDrive/BUSI-XAI/data/processed/masks/benign/benign (81)_mask.png,1,/content/drive/MyDrive/BUSI-XAI/data/raw/benign/benign (81)_mask.png,563,464,563,464,False,4011,0.0153541679426716,6b25b8140320aa6e699a8f77a6766890735f84fa777bd8b88d8f23542927a862,True,,train
benign (176),benign,/content/drive/MyDrive/BUSI-XAI/data/raw/benign/benign (176).png,/content/drive/MyDrive/BUSI-XAI/data/processed/images/benign/benign (176).png,/content/drive/MyDrive/BUSI-XAI/data/processed/masks/benign/benign (176)_mask.png,1,/content/drive/MyDrive/BUSI-XAI/data/raw/benign/benign (176)_mask.png,715,487,715,487,False,4951,0.0142186355738717,3eef76a4aa234186dd63604e3a8ca92111121d27c9db579a45abb0aed60d199d,True,,train
benign (423),benign,/content/drive/MyDrive/BUSI-XAI/data/raw/benign/benign (423).png,/content/drive/MyDrive/BUSI-XAI/data/processed/images/benign/benign (423).png,/content/drive/MyDrive/BUSI-XAI/data/processed/masks/benign/benign (423)_mask.png,1,/content/drive/MyDrive/BUSI-XAI/data/raw/benign/benign (423)_mask.png,561,470,561,470,False,17387,0.0659422763302613,505d5916abeff5c4ac2274b3d9947f84e38e3db612125933a13372329f16c155,True,,train
benign (303),benign,/content/drive/MyDrive/BUSI-XAI/data/raw/benign/benign (303).png,/content/drive/MyDrive/BUSI-XAI/data/processed/images/benign/benign (303).png,/content/drive/MyDrive/BUSI-XAI/data/processed/masks/benign/benign (303)_mask.png,1,/content/drive/MyDrive/BUSI-XAI/data/raw/benign/benign (303)_mask.png,463,398,463,398,False,9377,0.0508861803618524,90e25199d2f30b6105648666acce1ea011b7d502292b6af0fd4727d0e28c9356,True,,train
malignant (74),malignant,/content/drive/MyDrive/BUSI-XAI/data/raw/malignant/malignant (74).png,/content/drive/MyDrive/BUSI-XAI/data/processed/images/malignant/malignant (74).png,/content/drive/MyDrive/BUSI-XAI/data/processed/masks/malignant/malignant (74)_mask.png,1,/content/drive/MyDrive/BUSI-XAI/data/raw/malignant/malignant (74)_mask.png,558,464,558,464,False,11269,0.0435244407366209,81fe0c759aa7a5b5a5ff64913a9e7ab4f2d61b932a53ff02a1b3eec48189a969,True,,train
benign (74),benign,/content/drive/MyDrive/BUSI-XAI/data/raw/benign/benign (74).png,/content/drive/MyDrive/BUSI-XAI/data/processed/images/benign/benign (74).png,/content/drive/MyDrive/BUSI-XAI/data/processed/masks/benign/benign (74)_mask.png,1,/content/drive/MyDrive/BUSI-XAI/data/raw/benign/benign (74)_mask.png,561,467,561,467,False,2108,0.0080462007656868,816d9f756217dd345d9b2062cb1e2a6b9f0bea30af72914b8751f0fea23fc1fb,True,,train
benign (265),benign,/content/drive/MyDrive/BUSI-XAI/data/raw/benign/benign (265).png,/content/drive/MyDrive/BUSI-XAI/data/processed/images/benign/benign (265).png,/content/drive/MyDrive/BUSI-XAI/data/processed/masks/benign/benign (265)_mask.png,1,/content/drive/MyDrive/BUSI-XAI/data/raw/benign/benign (265)_mask.png,544,328,544,328,False,12086,0.0677344870875179,b05b54e7a9cc71019d85aa7e74ec396d89da65f379d07f9fc44b1c9eac9f24df,True,,train
benign (211),benign,/content/drive/MyDrive/BUSI-XAI/data/raw/benign/benign (211).png,/content/drive/MyDrive/BUSI-XAI/data/processed/images/benign/benign (211).png,/content/drive/MyDrive/BUSI-XAI/data/processed/masks/benign/benign (211)_mask.png,1,/content/drive/MyDrive/BUSI-XAI/data/raw/benign/benign (211)_mask.png,557,465,557,465,False,4489,0.0173317117430165,5e6e0c0c26c4b6fc67c12fc124301c729434d11d1c2fcf87500ef4bfc71a6e11,True,,train
malignant (43),malignant,/content/drive/MyDrive/BUSI-XAI/data/raw/malignant/malignant (43).png,/content/drive/MyDrive/BUSI-XAI/data/processed/images/malignant/malignant (43).png,/content/drive/MyDrive/BUSI-XAI/data/processed/masks/malignant/malignant (43)_mask.png,1,/content/drive/MyDrive/BUSI-XAI/data/raw/malignant/malignant (43)_mask.png,543,571,543,571,False,85234,0.2749013878272424,7725b8e587c0203f397cfef98cd3c9c927d29c432a6e42ee4cd8e63afc216589,True,,train
malignant (157),malignant,/content/drive/MyDrive/BUSI-XAI/data/raw/malignant/malignant (157).png,/content/drive/MyDrive/BUSI-XAI/data/processed/images/malignant/malignant (157).png,/content/drive/MyDrive/BUSI-XAI/data/processed/masks/malignant/malignant (157)_mask.png,1,/content/drive/MyDrive/BUSI-XAI/data/raw/malignant/malignant (157)_mask.png,564,471,564,471,False,5265,0.0198197587749017,57ceeeddfa2d07890e24f1cba9689886d2c2dcd46798a251f46342f7a856df6b,True,,train
benign (421),benign,/content/drive/MyDrive/BUSI-XAI/data/raw/benign/benign (421).png,/content/drive/MyDrive/BUSI-XAI/data/processed/images/benign/benign (421).png,/content/drive/MyDrive/BUSI-XAI/data/processed/masks/benign/benign (421)_mask.png,1,/content/drive/MyDrive/BUSI-XAI/data/raw/benign/benign (421)_mask.png,551,487,551,487,False,39998,0.149058832736447,2a3a0d0908563dc9f20384752d308e418d263c9eb4ab65cc7695ed2d93bfc17b,True,,train
benign (72),benign,/content/drive/MyDrive/BUSI-XAI/data/raw/benign/benign (72).png,/content/drive/MyDrive/BUSI-XAI/data/processed/images/benign/benign (72).png,/content/drive/MyDrive/BUSI-XAI/data/processed/masks/benign/benign (72)_mask.png,1,/content/drive/MyDrive/BUSI-XAI/data/raw/benign/benign (72)_mask.png,557,465,557,465,False,20685,0.0798633231018706,1249c1b2e86c26e434dc7f3356118e13d30cdd667c95de0ffcdef373f8376808,True,,train
benign (25),benign,/content/drive/MyDrive/BUSI-XAI/data/raw/benign/benign (25).png,/content/drive/MyDrive/BUSI-XAI/data/processed/images/benign/benign (25).png,/content/drive/MyDrive/BUSI-XAI/data/processed/masks/benign/benign (25)_mask.png,2,/content/drive/MyDrive/BUSI-XAI/data/raw/benign/benign (25)_mask.png;/content/drive/MyDrive/BUSI-XAI/data/raw/benign/benign (25)_mask_1.png,770,583,770,583,False,5824,0.0129736472789646,603b97e8e840ad6ac4e56f79dc5abaaddb3a1edf4fc595bcd9ad31f425560d5a,True,,train
benign (78),benign,/content/drive/MyDrive/BUSI-XAI/data/raw/benign/benign (78).png,/content/drive/MyDrive/BUSI-XAI/data/processed/images/benign/benign (78).png,/content/drive/MyDrive/BUSI-XAI/data/processed/masks/benign/benign (78)_mask.png,1,/content/drive/MyDrive/BUSI-XAI/data/raw/benign/benign (78)_mask.png,777,576,777,576,False,5828,0.0130219505219505,fb15e2304353c44448a53e881630fb67c8a58fe7339ca717874478af9fc05246,True,,train
benign (73),benign,/content/drive/MyDrive/BUSI-XAI/data/raw/benign/benign (73).png,/content/drive/MyDrive/BUSI-XAI/data/processed/images/benign/benign (73).png,/content/drive/MyDrive/BUSI-XAI/data/processed/masks/benign/benign (73)_mask.png,1,/content/drive/MyDrive/BUSI-XAI/data/raw/benign/benign (73)_mask.png,557,471,557,471,False,61594,0.2347806531044761,bfe5a0813ecc1184d6d589e2d5543b8dc06fecb2a9c20c85db681df80bc83ddf,True,,train
benign (228),benign,/content/drive/MyDrive/BUSI-XAI/data/raw/benign/benign (228).png,/content/drive/MyDrive/BUSI-XAI/data/processed/images/benign/benign (228).png,/content/drive/MyDrive/BUSI-XAI/data/processed/masks/benign/benign (228)_mask.png,1,/content/drive/MyDrive/BUSI-XAI/data/raw/benign/benign (228)_mask.png,563,469,563,469,False,30588,0.1158430127969641,5d009d5dc31453b96f653530892844ce2e95685a66741e8eb0da84673734b7a9,True,,train
malignant (99),malignant,/content/drive/MyDrive/BUSI-XAI/data/raw/malignant/malignant (99).png,/content/drive/MyDrive/BUSI-XAI/data/processed/images/malignant/malignant (99).png,/content/drive/MyDrive/BUSI-XAI/data/processed/masks/malignant/malignant (99)_mask.png,1,/content/drive/MyDrive/BUSI-XAI/data/raw/malignant/malignant (99)_mask.png,550,486,550,486,False,15467,0.0578638234193789,bf2afb614a92e60bfe2b05ce7a45615c09b6dff77d26aa789d45742d824b9302,True,,train
malignant (144),malignant,/content/drive/MyDrive/BUSI-XAI/data/raw/malignant/malignant (144).png,/content/drive/MyDrive/BUSI-XAI/data/processed/images/malignant/malignant (144).png,/content/drive/MyDrive/BUSI-XAI/data/processed/masks/malignant/malignant (144)_mask.png,1,/content/drive/MyDrive/BUSI-XAI/data/raw/malignant/malignant (144)_mask.png,544,470,544,470,False,66146,0.2587061952440551,f1e5b846f163d6707d2b8fb3f837aeca0914cbb5410f8b43f56d210748efb6ed,True,,train
malignant (73),malignant,/content/drive/MyDrive/BUSI-XAI/data/raw/malignant/malignant (73).png,/content/drive/MyDrive/BUSI-XAI/data/processed/images/malignant/malignant (73).png,/content/drive/MyDrive/BUSI-XAI/data/processed/masks/malignant/malignant (73)_mask.png,1,/content/drive/MyDrive/BUSI-XAI/data/raw/malignant/malignant (73)_mask.png,549,474,549,474,False,9757,0.0374943318500073,efbd872593d7150a360050e28d36d83637f2cd5ddd201972378d5f33d2b2027d,True,,train
malignant (52),malignant,/content/drive/MyDrive/BUSI-XAI/data/raw/malignant/malignant (52).png,/content/drive/MyDrive/BUSI-XAI/data/processed/images/malignant/malignant (52).png,/content/drive/MyDrive/BUSI-XAI/data/processed/masks/malignant/malignant (52)_mask.png,1,/content/drive/MyDrive/BUSI-XAI/data/raw/malignant/malignant (52)_mask.png,552,462,552,462,False,52998,0.207815734989648,f2453652f0f3e2fadf9740cc7cc24c61f982411540aa5843d2bd05af2b674636,True,,train
benign (247),benign,/content/drive/MyDrive/BUSI-XAI/data/raw/benign/benign (247).png,/content/drive/MyDrive/BUSI-XAI/data/processed/images/benign/benign (247).png,/content/drive/MyDrive/BUSI-XAI/data/processed/masks/benign/benign (247)_mask.png,1,/content/drive/MyDrive/BUSI-XAI/data/raw/benign/benign (247)_mask.png,469,396,469,396,False,2750,0.0148069177919924,eb02eaeb509133a280db04b9b491a9c1439dc86bdb8648a7db06082fba592b6d,True,,train
benign (360),benign,/content/drive/MyDrive/BUSI-XAI/data/raw/benign/benign (360).png,/content/drive/MyDrive/BUSI-XAI/data/processed/images/benign/benign (360).png,/content/drive/MyDrive/BUSI-XAI/data/processed/masks/benign/benign (360)_mask.png,1,/content/drive/MyDrive/BUSI-XAI/data/raw/benign/benign (360)_mask.png,683,574,683,574,False,15841,0.0404063850301753,566ad141bccc190faa3c6f340f36d0b2fdd02b40e98ca85c83b2b94c222c923f,True,,train
malignant (103),malignant,/content/drive/MyDrive/BUSI-XAI/data/raw/malignant/malignant (103).png,/content/drive/MyDrive/BUSI-XAI/data/processed/images/malignant/malignant (103).png,/content/drive/MyDrive/BUSI-XAI/data/processed/masks/malignant/malignant (103)_mask.png,1,/content/drive/MyDrive/BUSI-XAI/data/raw/malignant/malignant (103)_mask.png,555,488,555,488,False,53424,0.1972529906956136,5de425d80c0183a267459ffda06ee20d011555d502172ec472136ee0fcd28cf8,True,,train
malignant (182),malignant,/content/drive/MyDrive/BUSI-XAI/data/raw/malignant/malignant (182).png,/content/drive/MyDrive/BUSI-XAI/data/processed/images/malignant/malignant (182).png,/content/drive/MyDrive/BUSI-XAI/data/processed/masks/malignant/malignant (182)_mask.png,1,/content/drive/MyDrive/BUSI-XAI/data/raw/malignant/malignant (182)_mask.png,689,583,689,583,False,84653,0.2107436884937775,ca3a29c0a0d8817e45e5f7115ba87eef8a10628483b3149a81c875a8da2b01d6,True,,train
benign (399),benign,/content/drive/MyDrive/BUSI-XAI/data/raw/benign/benign (399).png,/content/drive/MyDrive/BUSI-XAI/data/processed/images/benign/benign (399).png,/content/drive/MyDrive/BUSI-XAI/data/processed/masks/benign/benign (399)_mask.png,1,/content/drive/MyDrive/BUSI-XAI/data/raw/benign/benign (399)_mask.png,555,468,555,468,False,36171,0.1392584892584892,f9ca9bb1e481f3f17fd509efa0ef02fadb3521060a87c279b1bf76b481774dc6,True,,train
benign (389),benign,/content/drive/MyDrive/BUSI-XAI/data/raw/benign/benign (389).png,/content/drive/MyDrive/BUSI-XAI/data/processed/images/benign/benign (389).png,/content/drive/MyDrive/BUSI-XAI/data/processed/masks/benign/benign (389)_mask.png,1,/content/drive/MyDrive/BUSI-XAI/data/raw/benign/benign (389)_mask.png,927,567,927,567,False,14289,0.027185607552382,0f70975a14320f146d8b5d34d50a68de82bca6b31111045a8e218b31b9be2d1c,True,,train
benign (219),benign,/content/drive/MyDrive/BUSI-XAI/data/raw/benign/benign (219).png,/content/drive/MyDrive/BUSI-XAI/data/processed/images/benign/benign (219).png,/content/drive/MyDrive/BUSI-XAI/data/processed/masks/benign/benign (219)_mask.png,1,/content/drive/MyDrive/BUSI-XAI/data/raw/benign/benign (219)_mask.png,608,396,608,396,False,6119,0.0254145069112174,3c3201612e3ec450dc4f3238e6d4f3b3ae93e917154c858363cfa20b099a40e0,True,,train
malignant (201),malignant,/content/drive/MyDrive/BUSI-XAI/data/raw/malignant/malignant (201).png,/content/drive/MyDrive/BUSI-XAI/data/processed/images/malignant/malignant (201).png,/content/drive/MyDrive/BUSI-XAI/data/processed/masks/malignant/malignant (201)_mask.png,1,/content/drive/MyDrive/BUSI-XAI/data/raw/malignant/malignant (201)_mask.png,678,576,678,576,False,78455,0.2008946861684693,5bd120bcd65b51a37c6c416990a0a7f93a2110267482e1969b7b6b019638db52,True,,train
benign (283),benign,/content/drive/MyDrive/BUSI-XAI/data/raw/benign/benign (283).png,/content/drive/MyDrive/BUSI-XAI/data/processed/images/benign/benign (283).png,/content/drive/MyDrive/BUSI-XAI/data/processed/masks/benign/benign (283)_mask.png,1,/content/drive/MyDrive/BUSI-XAI/data/raw/benign/benign (283)_mask.png,621,508,621,508,False,3686,0.0116842278773124,110e487cd06a94c1a8079afcaea41e45cbe4b384cc0248bb0dff61d1993a2439,True,,train
benign (388),benign,/content/drive/MyDrive/BUSI-XAI/data/raw/benign/benign (388).png,/content/drive/MyDrive/BUSI-XAI/data/processed/images/benign/benign (388).png,/content/drive/MyDrive/BUSI-XAI/data/processed/masks/benign/benign (388)_mask.png,1,/content/drive/MyDrive/BUSI-XAI/data/raw/benign/benign (388)_mask.png,763,572,763,572,False,8031,0.018401323447195,992baabcbf513408e58225298c0a74c12f6b47fe3a54dd1719e8e4668d4e4b63,True,,train
benign (312),benign,/content/drive/MyDrive/BUSI-XAI/data/raw/benign/benign (312).png,/content/drive/MyDrive/BUSI-XAI/data/processed/images/benign/benign (312).png,/content/drive/MyDrive/BUSI-XAI/data/processed/masks/benign/benign (312)_mask.png,1,/content/drive/MyDrive/BUSI-XAI/data/raw/benign/benign (312)_mask.png,552,490,552,490,False,39724,0.1468648328896776,fe2aa1e28f0b911697f0ecf8db42269c3854c6a2b1488fcd6e79ed5a6d3eb4d6,True,,train
malignant (17),malignant,/content/drive/MyDrive/BUSI-XAI/data/raw/malignant/malignant (17).png,/content/drive/MyDrive/BUSI-XAI/data/processed/images/malignant/malignant (17).png,/content/drive/MyDrive/BUSI-XAI/data/processed/masks/malignant/malignant (17)_mask.png,1,/content/drive/MyDrive/BUSI-XAI/data/raw/malignant/malignant (17)_mask.png,765,590,765,590,False,35657,0.0790007754514235,110d7fdab47a7db6cc42b3c30165c364dbc966c18856d8a8e382376fe6317344,True,,train
benign (210),benign,/content/drive/MyDrive/BUSI-XAI/data/raw/benign/benign (210).png,/content/drive/MyDrive/BUSI-XAI/data/processed/images/benign/benign (210).png,/content/drive/MyDrive/BUSI-XAI/data/processed/masks/benign/benign (210)_mask.png,1,/content/drive/MyDrive/BUSI-XAI/data/raw/benign/benign (210)_mask.png,563,471,563,471,False,21372,0.08059644081411,75f340362ecab3eafeecca39d7094f99dc105be711501deaa15183740c3cd405,True,,train
benign (182),benign,/content/drive/MyDrive/BUSI-XAI/data/raw/benign/benign (182).png,/content/drive/MyDrive/BUSI-XAI/data/processed/images/benign/benign (182).png,/content/drive/MyDrive/BUSI-XAI/data/processed/masks/benign/benign (182)_mask.png,1,/content/drive/MyDrive/BUSI-XAI/data/raw/benign/benign (182)_mask.png,555,463,555,463,False,3096,0.0120483334306228,129effd84629b55d83603cfe6f3033845d53e3bf60ec8e799f91ae692989e6b4,True,,train
benign (225),benign,/content/drive/MyDrive/BUSI-XAI/data/raw/benign/benign (225).png,/content/drive/MyDrive/BUSI-XAI/data/processed/images/benign/benign (225).png,/content/drive/MyDrive/BUSI-XAI/data/processed/masks/benign/benign (225)_mask.png,1,/content/drive/MyDrive/BUSI-XAI/data/raw/benign/benign (225)_mask.png,558,473,558,473,False,11894,0.0450642963771245,264c4813c1a7af5caed057a4c78ad6d565006208a8ad371727ab79302f3fe944,True,,train
malignant (66),malignant,/content/drive/MyDrive/BUSI-XAI/data/raw/malignant/malignant (66).png,/content/drive/MyDrive/BUSI-XAI/data/processed/images/malignant/malignant (66).png,/content/drive/MyDrive/BUSI-XAI/data/processed/masks/malignant/malignant (66)_mask.png,1,/content/drive/MyDrive/BUSI-XAI/data/raw/malignant/malignant (66)_mask.png,655,584,655,584,False,21299,0.0556807487190212,5ff374ed364a944fc642124d296fd6d0371e4a203ae849296a9dd52ebcfd15bb,True,,train
benign (264),benign,/content/drive/MyDrive/BUSI-XAI/data/raw/benign/benign (264).png,/content/drive/MyDrive/BUSI-XAI/data/processed/images/benign/benign (264).png,/content/drive/MyDrive/BUSI-XAI/data/processed/masks/benign/benign (264)_mask.png,1,/content/drive/MyDrive/BUSI-XAI/data/raw/benign/benign (264)_mask.png,462,391,462,391,False,16253,0.0899735388226436,9d068e69cf32e62398f014ae827ed2dad11eabb5214d9d4c2c7f48eadd3a3d5d,True,,train
benign (324),benign,/content/drive/MyDrive/BUSI-XAI/data/raw/benign/benign (324).png,/content/drive/MyDrive/BUSI-XAI/data/processed/images/benign/benign (324).png,/content/drive/MyDrive/BUSI-XAI/data/processed/masks/benign/benign (324)_mask.png,1,/content/drive/MyDrive/BUSI-XAI/data/raw/benign/benign (324)_mask.png,626,583,626,583,False,2708,0.0074200318940809,6c5b0751d8d1ae2f001b3faa63d8e39e0ab2d515d418cdc6ef20c61cc26f6c20,True,,train
benign (113),benign,/content/drive/MyDrive/BUSI-XAI/data/raw/benign/benign (113).png,/content/drive/MyDrive/BUSI-XAI/data/processed/images/benign/benign (113).png,/content/drive/MyDrive/BUSI-XAI/data/processed/masks/benign/benign (113)_mask.png,1,/content/drive/MyDrive/BUSI-XAI/data/raw/benign/benign (113)_mask.png,810,695,810,695,False,21535,0.0382538413713473,937bb9cca674f76fad2c43c7e98c295b89129973eddf5818904e282504c0a821,True,,train
benign (298),benign,/content/drive/MyDrive/BUSI-XAI/data/raw/benign/benign (298).png,/content/drive/MyDrive/BUSI-XAI/data/processed/images/benign/benign (298).png,/content/drive/MyDrive/BUSI-XAI/data/processed/masks/benign/benign (298)_mask.png,1,/content/drive/MyDrive/BUSI-XAI/data/raw/benign/benign (298)_mask.png,466,391,466,391,False,9144,0.0501849554899399,cce62138bf6396eaa28072662da3c08cf7f4d596b1b5eb8d43fcb94a618a9b90,True,,train
malignant (131),malignant,/content/drive/MyDrive/BUSI-XAI/data/raw/malignant/malignant (131).png,/content/drive/MyDrive/BUSI-XAI/data/processed/images/malignant/malignant (131).png,/content/drive/MyDrive/BUSI-XAI/data/processed/masks/malignant/malignant (131)_mask.png,1,/content/drive/MyDrive/BUSI-XAI/data/raw/malignant/malignant (131)_mask.png,604,461,604,461,False,13678,0.0491229834365258,3b0434f680b628c47880d104da42a7adf930f809b2bc8c411c4730f00bed26f0,True,,train
malignant (65),malignant,/content/drive/MyDrive/BUSI-XAI/data/raw/malignant/malignant (65).png,/content/drive/MyDrive/BUSI-XAI/data/processed/images/malignant/malignant (65).png,/content/drive/MyDrive/BUSI-XAI/data/processed/masks/malignant/malignant (65)_mask.png,1,/content/drive/MyDrive/BUSI-XAI/data/raw/malignant/malignant (65)_mask.png,922,584,922,584,False,20141,0.0374056547707485,13e71b8117a5926aa44e19ccbee78630e2cad015580ee49421b95082fea52585,True,,train
benign (169),benign,/content/drive/MyDrive/BUSI-XAI/data/raw/benign/benign (169).png,/content/drive/MyDrive/BUSI-XAI/data/processed/images/benign/benign (169).png,/content/drive/MyDrive/BUSI-XAI/data/processed/masks/benign/benign (169)_mask.png,1,/content/drive/MyDrive/BUSI-XAI/data/raw/benign/benign (169)_mask.png,561,469,561,469,False,1396,0.0053057858150044,26c91ac79e1843de9d3c4ca3f3298ab6146d13745360dfe02efa9d160e025f80,True,,train
benign (152),benign,/content/drive/MyDrive/BUSI-XAI/data/raw/benign/benign (152).png,/content/drive/MyDrive/BUSI-XAI/data/processed/images/benign/benign (152).png,/content/drive/MyDrive/BUSI-XAI/data/processed/masks/benign/benign (152)_mask.png,1,/content/drive/MyDrive/BUSI-XAI/data/raw/benign/benign (152)_mask.png,555,471,555,471,False,61557,0.2354851666953577,a070e6e888de75703a4e96d7a63de3542e84d5520d1384a7ca2614c8d5c7d7a5,True,,train
benign (54),benign,/content/drive/MyDrive/BUSI-XAI/data/raw/benign/benign (54).png,/content/drive/MyDrive/BUSI-XAI/data/processed/images/benign/benign (54).png,/content/drive/MyDrive/BUSI-XAI/data/processed/masks/benign/benign (54)_mask.png,2,/content/drive/MyDrive/BUSI-XAI/data/raw/benign/benign (54)_mask.png;/content/drive/MyDrive/BUSI-XAI/data/raw/benign/benign (54)_mask_1.png,616,468,616,468,False,20750,0.0719766344766344,a289d6b30f81101da264199849279df1a11f52d62c112746cbf4f85839617330,True,,train
malignant (199),malignant,/content/drive/MyDrive/BUSI-XAI/data/raw/malignant/malignant (199).png,/content/drive/MyDrive/BUSI-XAI/data/processed/images/malignant/malignant (199).png,/content/drive/MyDrive/BUSI-XAI/data/processed/masks/malignant/malignant (199)_mask.png,1,/content/drive/MyDrive/BUSI-XAI/data/raw/malignant/malignant (199)_mask.png,504,473,504,473,False,15851,0.0664913252122554,3fb4612257fe0a35bc4fc13e23051b28f7cfa122a808ff87deca7f946fd4205d,True,,train
benign (278),benign,/content/drive/MyDrive/BUSI-XAI/data/raw/benign/benign (278).png,/content/drive/MyDrive/BUSI-XAI/data/processed/images/benign/benign (278).png,/content/drive/MyDrive/BUSI-XAI/data/processed/masks/benign/benign (278)_mask.png,1,/content/drive/MyDrive/BUSI-XAI/data/raw/benign/benign (278)_mask.png,561,464,561,464,False,8243,0.0316668203331489,373aba7ea030a9f86fa31f3bed4cfcb478b72a7644c3cbb9fb9077c36129a775,True,,train
benign (77),benign,/content/drive/MyDrive/BUSI-XAI/data/raw/benign/benign (77).png,/content/drive/MyDrive/BUSI-XAI/data/processed/images/benign/benign (77).png,/content/drive/MyDrive/BUSI-XAI/data/processed/masks/benign/benign (77)_mask.png,1,/content/drive/MyDrive/BUSI-XAI/data/raw/benign/benign (77)_mask.png,551,488,551,488,False,7983,0.0296889411204665,420f89c9e50c0aba5f4a3a44050ffcc99e05f748cdaa1586b5f7ebee29cef5aa,True,,train
malignant (30),malignant,/content/drive/MyDrive/BUSI-XAI/data/raw/malignant/malignant (30).png,/content/drive/MyDrive/BUSI-XAI/data/processed/images/malignant/malignant (30).png,/content/drive/MyDrive/BUSI-XAI/data/processed/masks/malignant/malignant (30)_mask.png,1,/content/drive/MyDrive/BUSI-XAI/data/raw/malignant/malignant (30)_mask.png,573,468,573,468,False,70413,0.2625743947733476,19d0f48392ff0ce077dc73ef9fc6047c733495dcd3c6e8a09f3616c855bac01d,True,,train
benign (352),benign,/content/drive/MyDrive/BUSI-XAI/data/raw/benign/benign (352).png,/content/drive/MyDrive/BUSI-XAI/data/processed/images/benign/benign (352).png,/content/drive/MyDrive/BUSI-XAI/data/processed/masks/benign/benign (352)_mask.png,1,/content/drive/MyDrive/BUSI-XAI/data/raw/benign/benign (352)_mask.png,573,428,573,428,False,2607,0.0106302294857366,55ee49a3648b15c58930e26aecd830b5e9e72a277397231d29941c140ec61e07,True,,train
benign (96),benign,/content/drive/MyDrive/BUSI-XAI/data/raw/benign/benign (96).png,/content/drive/MyDrive/BUSI-XAI/data/processed/images/benign/benign (96).png,/content/drive/MyDrive/BUSI-XAI/data/processed/masks/benign/benign (96)_mask.png,1,/content/drive/MyDrive/BUSI-XAI/data/raw/benign/benign (96)_mask.png,767,574,767,574,False,60695,0.1378623443526296,ca0b3f57fc3b29f0717e27011c5d1f6e725fa1e3534d9145696f1f0bd8eb4336,True,,train
malignant (64),malignant,/content/drive/MyDrive/BUSI-XAI/data/raw/malignant/malignant (64).png,/content/drive/MyDrive/BUSI-XAI/data/processed/images/malignant/malignant (64).png,/content/drive/MyDrive/BUSI-XAI/data/processed/masks/malignant/malignant (64)_mask.png,1,/content/drive/MyDrive/BUSI-XAI/data/raw/malignant/malignant (64)_mask.png,772,479,772,479,False,25526,0.0690287407920213,167b4072d873f2f25063c5a0c7e4082c30c6effc09c88a02d947b0b0ece48e30,True,,train
benign (202),benign,/content/drive/MyDrive/BUSI-XAI/data/raw/benign/benign (202).png,/content/drive/MyDrive/BUSI-XAI/data/processed/images/benign/benign (202).png,/content/drive/MyDrive/BUSI-XAI/data/processed/masks/benign/benign (202)_mask.png,1,/content/drive/MyDrive/BUSI-XAI/data/raw/benign/benign (202)_mask.png,552,469,552,469,False,1568,0.0060566731559593,717604959ac486c0b5d8905cf106af543745e15914b3c0ae4130486f4b5a1f5d,True,,train
benign (124),benign,/content/drive/MyDrive/BUSI-XAI/data/raw/benign/benign (124).png,/content/drive/MyDrive/BUSI-XAI/data/processed/images/benign/benign (124).png,/content/drive/MyDrive/BUSI-XAI/data/processed/masks/benign/benign (124)_mask.png,1,/content/drive/MyDrive/BUSI-XAI/data/raw/benign/benign (124)_mask.png,645,614,645,614,False,7566,0.0191046132868722,e9195e0ae252af6ced4edee7a63793fbcec644240c5c241798e28d8ee4a7f9e2,True,,train
malignant (70),malignant,/content/drive/MyDrive/BUSI-XAI/data/raw/malignant/malignant (70).png,/content/drive/MyDrive/BUSI-XAI/data/processed/images/malignant/malignant (70).png,/content/drive/MyDrive/BUSI-XAI/data/processed/masks/malignant/malignant (70)_mask.png,1,/content/drive/MyDrive/BUSI-XAI/data/raw/malignant/malignant (70)_mask.png,668,463,668,463,False,16182,0.0523208442725779,b4e147cb3f63fd12ecbffe21ecbedc46d42c3da69c743a5b060cc989444c2bae,True,,train
malignant (150),malignant,/content/drive/MyDrive/BUSI-XAI/data/raw/malignant/malignant (150).png,/content/drive/MyDrive/BUSI-XAI/data/processed/images/malignant/malignant (150).png,/content/drive/MyDrive/BUSI-XAI/data/processed/masks/malignant/malignant (150)_mask.png,1,/content/drive/MyDrive/BUSI-XAI/data/raw/malignant/malignant (150)_mask.png,557,463,557,463,False,102194,0.3962681908248058,df61a30e0bafc538078473e99366d8fe625d500a850c59d8c9693be10fe0cb7b,True,,train
benign (150),benign,/content/drive/MyDrive/BUSI-XAI/data/raw/benign/benign (150).png,/content/drive/MyDrive/BUSI-XAI/data/processed/images/benign/benign (150).png,/content/drive/MyDrive/BUSI-XAI/data/processed/masks/benign/benign (150)_mask.png,1,/content/drive/MyDrive/BUSI-XAI/data/raw/benign/benign (150)_mask.png,671,570,671,570,False,1825,0.0047716160744633,c73693cc2f8165ae01ee4514f606fff117a87869fdd55ad16a39755ebcfeab31,True,,train
malignant (142),malignant,/content/drive/MyDrive/BUSI-XAI/data/raw/malignant/malignant (142).png,/content/drive/MyDrive/BUSI-XAI/data/processed/images/malignant/malignant (142).png,/content/drive/MyDrive/BUSI-XAI/data/processed/masks/malignant/malignant (142)_mask.png,1,/content/drive/MyDrive/BUSI-XAI/data/raw/malignant/malignant (142)_mask.png,556,465,556,465,False,80699,0.3121335189912586,17cc941a9c00560cfed06413ecbd04ea56561e6994128ce188f1b63ec6dd58d1,True,,train
malignant (196),malignant,/content/drive/MyDrive/BUSI-XAI/data/raw/malignant/malignant (196).png,/content/drive/MyDrive/BUSI-XAI/data/processed/images/malignant/malignant (196).png,/content/drive/MyDrive/BUSI-XAI/data/processed/masks/malignant/malignant (196)_mask.png,1,/content/drive/MyDrive/BUSI-XAI/data/raw/malignant/malignant (196)_mask.png,557,465,557,465,False,26542,0.1024767861624292,7224a71cc3a0da98b7957a5ca6fc4707bf9a97414eb961b811be580cf4d418e3,True,,train
malignant (102),malignant,/content/drive/MyDrive/BUSI-XAI/data/raw/malignant/malignant (102).png,/content/drive/MyDrive/BUSI-XAI/data/processed/images/malignant/malignant (102).png,/content/drive/MyDrive/BUSI-XAI/data/processed/masks/malignant/malignant (102)_mask.png,1,/content/drive/MyDrive/BUSI-XAI/data/raw/malignant/malignant (102)_mask.png,916,551,916,551,False,63800,0.1264077223626752,c7ebee29585d21a58244b6aae42c2a9d3b0f6d0979aee3198cc418a455f70810,True,,train
malignant (174),malignant,/content/drive/MyDrive/BUSI-XAI/data/raw/malignant/malignant (174).png,/content/drive/MyDrive/BUSI-XAI/data/processed/images/malignant/malignant (174).png,/content/drive/MyDrive/BUSI-XAI/data/processed/masks/malignant/malignant (174)_mask.png,1,/content/drive/MyDrive/BUSI-XAI/data/raw/malignant/malignant (174)_mask.png,633,581,633,581,False,29579,0.0804273288142413,122b9acf074c5a63bd6e308603a928f6b70cee4fe4e3a6f233748a2a194ee430,True,,train
benign (30),benign,/content/drive/MyDrive/BUSI-XAI/data/raw/benign/benign (30).png,/content/drive/MyDrive/BUSI-XAI/data/processed/images/benign/benign (30).png,/content/drive/MyDrive/BUSI-XAI/data/processed/masks/benign/benign (30)_mask.png,1,/content/drive/MyDrive/BUSI-XAI/data/raw/benign/benign (30)_mask.png,557,462,557,462,False,3621,0.0140712070694117,9695d016d83cb56dbf474a49897cc39d7af394bb95f7b887f4b13caa0d6dbdec,True,,train
benign (373),benign,/content/drive/MyDrive/BUSI-XAI/data/raw/benign/benign (373).png,/content/drive/MyDrive/BUSI-XAI/data/processed/images/benign/benign (373).png,/content/drive/MyDrive/BUSI-XAI/data/processed/masks/benign/benign (373)_mask.png,1,/content/drive/MyDrive/BUSI-XAI/data/raw/benign/benign (373)_mask.png,555,457,555,457,False,10234,0.0403493208744849,de9af36bbc1f506fe9e05800623937e8aa6a87e1706dbf714324b6650bec8d5f,True,,train
benign (344),benign,/content/drive/MyDrive/BUSI-XAI/data/raw/benign/benign (344).png,/content/drive/MyDrive/BUSI-XAI/data/processed/images/benign/benign (344).png,/content/drive/MyDrive/BUSI-XAI/data/processed/masks/benign/benign (344)_mask.png,1,/content/drive/MyDrive/BUSI-XAI/data/raw/benign/benign (344)_mask.png,576,434,576,434,False,12223,0.0488951292882744,9f1fbf6e95bc6a4f3aebd3e220f6dd18048db63675335f9c95bf4a988ba419d9,True,,train
benign (9),benign,/content/drive/MyDrive/BUSI-XAI/data/raw/benign/benign (9).png,/content/drive/MyDrive/BUSI-XAI/data/processed/images/benign/benign (9).png,/content/drive/MyDrive/BUSI-XAI/data/processed/masks/benign/benign (9)_mask.png,1,/content/drive/MyDrive/BUSI-XAI/data/raw/benign/benign (9)_mask.png,752,585,752,585,False,48785,0.1108951627568648,78296c46e4c5a7bbb161114b958fd31ba26eb5cad3ea6261917bd7b421e564d2,True,,train
benign (282),benign,/content/drive/MyDrive/BUSI-XAI/data/raw/benign/benign (282).png,/content/drive/MyDrive/BUSI-XAI/data/processed/images/benign/benign (282).png,/content/drive/MyDrive/BUSI-XAI/data/processed/masks/benign/benign (282)_mask.png,1,/content/drive/MyDrive/BUSI-XAI/data/raw/benign/benign (282)_mask.png,560,465,560,465,False,13016,0.049984639016897,cb44e5e086cddac54ace20772604d80ef0057bc3fc92fe970793784431ec906c,True,,train
malignant (2),malignant,/content/drive/MyDrive/BUSI-XAI/data/raw/malignant/malignant (2).png,/content/drive/MyDrive/BUSI-XAI/data/processed/images/malignant/malignant (2).png,/content/drive/MyDrive/BUSI-XAI/data/processed/masks/malignant/malignant (2)_mask.png,1,/content/drive/MyDrive/BUSI-XAI/data/raw/malignant/malignant (2)_mask.png,548,495,548,495,False,92533,0.341122907911229,4decf6277f7447dd6f8771e2edca9eed2b1cf5174b92ad521974fa98be35085d,True,,train
benign (75),benign,/content/drive/MyDrive/BUSI-XAI/data/raw/benign/benign (75).png,/content/drive/MyDrive/BUSI-XAI/data/processed/images/benign/benign (75).png,/content/drive/MyDrive/BUSI-XAI/data/processed/masks/benign/benign (75)_mask.png,1,/content/drive/MyDrive/BUSI-XAI/data/raw/benign/benign (75)_mask.png,685,578,685,578,False,14123,0.0356704467961508,503515d92302a59f51810ed1f074f8913ccf85b19fae5da13d75eb95323f4484,True,,train
malignant (18),malignant,/content/drive/MyDrive/BUSI-XAI/data/raw/malignant/malignant (18).png,/content/drive/MyDrive/BUSI-XAI/data/processed/images/malignant/malignant (18).png,/content/drive/MyDrive/BUSI-XAI/data/processed/masks/malignant/malignant (18)_mask.png,1,/content/drive/MyDrive/BUSI-XAI/data/raw/malignant/malignant (18)_mask.png,579,437,579,437,False,19204,0.0758982385000573,69e1ad0397c2541530354184626d05faf8f816e81c572747a280ac4cf6d82fec,True,,train
benign (391),benign,/content/drive/MyDrive/BUSI-XAI/data/raw/benign/benign (391).png,/content/drive/MyDrive/BUSI-XAI/data/processed/images/benign/benign (391).png,/content/drive/MyDrive/BUSI-XAI/data/processed/masks/benign/benign (391)_mask.png,1,/content/drive/MyDrive/BUSI-XAI/data/raw/benign/benign (391)_mask.png,687,578,687,578,False,53976,0.1359302518849821,a58ac095910ca19d6eb89951ed3166a2eb69c6e253da3b3270dfbd0d80ea2bbe,True,,train
malignant (23),malignant,/content/drive/MyDrive/BUSI-XAI/data/raw/malignant/malignant (23).png,/content/drive/MyDrive/BUSI-XAI/data/processed/images/malignant/malignant (23).png,/content/drive/MyDrive/BUSI-XAI/data/processed/masks/malignant/malignant (23)_mask.png,1,/content/drive/MyDrive/BUSI-XAI/data/raw/malignant/malignant (23)_mask.png,569,468,569,468,False,87195,0.3274413050335721,10e7a1832c5132fd62841a730910cab21915c75c6f3a01efecdb5f9bf597b751,True,,train
benign (396),benign,/content/drive/MyDrive/BUSI-XAI/data/raw/benign/benign (396).png,/content/drive/MyDrive/BUSI-XAI/data/processed/images/benign/benign (396).png,/content/drive/MyDrive/BUSI-XAI/data/processed/masks/benign/benign (396)_mask.png,1,/content/drive/MyDrive/BUSI-XAI/data/raw/benign/benign (396)_mask.png,420,474,420,474,False,2738,0.0137532650190878,f5fe0cd2149c837d7e7f435e39172f2b51e99b5517724892cbdba6f36ec8a07f,True,,train
benign (206),benign,/content/drive/MyDrive/BUSI-XAI/data/raw/benign/benign (206).png,/content/drive/MyDrive/BUSI-XAI/data/processed/images/benign/benign (206).png,/content/drive/MyDrive/BUSI-XAI/data/processed/masks/benign/benign (206)_mask.png,1,/content/drive/MyDrive/BUSI-XAI/data/raw/benign/benign (206)_mask.png,569,485,569,485,False,14848,0.0538039244107042,4f2153c6428ff70676944bae5d6aba3c226e6e2e67e4b4824f534130a12d6f8b,True,,train
benign (237),benign,/content/drive/MyDrive/BUSI-XAI/data/raw/benign/benign (237).png,/content/drive/MyDrive/BUSI-XAI/data/processed/images/benign/benign (237).png,/content/drive/MyDrive/BUSI-XAI/data/processed/masks/benign/benign (237)_mask.png,1,/content/drive/MyDrive/BUSI-XAI/data/raw/benign/benign (237)_mask.png,558,473,558,473,False,25108,0.0951298430668273,4f57cb1282f4f7d99fcfd0cf2c7e5ae01f4e1becd16800328db2493ca7825766,True,,train
benign (165),benign,/content/drive/MyDrive/BUSI-XAI/data/raw/benign/benign (165).png,/content/drive/MyDrive/BUSI-XAI/data/processed/images/benign/benign (165).png,/content/drive/MyDrive/BUSI-XAI/data/processed/masks/benign/benign (165)_mask.png,1,/content/drive/MyDrive/BUSI-XAI/data/raw/benign/benign (165)_mask.png,558,464,558,464,False,1624,0.0062724014336917,bb61460b40eb47a755ca36894a5a966741d7ab0f91d34fb80531dcd8c44c11fa,True,,train
benign (398),benign,/content/drive/MyDrive/BUSI-XAI/data/raw/benign/benign (398).png,/content/drive/MyDrive/BUSI-XAI/data/processed/images/benign/benign (398).png,/content/drive/MyDrive/BUSI-XAI/data/processed/masks/benign/benign (398)_mask.png,1,/content/drive/MyDrive/BUSI-XAI/data/raw/benign/benign (398)_mask.png,563,469,563,469,False,57005,0.2158895954129378,c5bba54b1d5341bbdcfc6ce923948ad58eb824d380f2e8e5f4d926f62cdfc293,True,,train
benign (384),benign,/content/drive/MyDrive/BUSI-XAI/data/raw/benign/benign (384).png,/content/drive/MyDrive/BUSI-XAI/data/processed/images/benign/benign (384).png,/content/drive/MyDrive/BUSI-XAI/data/processed/masks/benign/benign (384)_mask.png,1,/content/drive/MyDrive/BUSI-XAI/data/raw/benign/benign (384)_mask.png,760,425,760,425,False,30669,0.0949504643962848,f54ffca17037a387762d6c4953faecd2f926fd3de92c67327b17770e685e2fb4,True,,train
benign (346),benign,/content/drive/MyDrive/BUSI-XAI/data/raw/benign/benign (346).png,/content/drive/MyDrive/BUSI-XAI/data/processed/images/benign/benign (346).png,/content/drive/MyDrive/BUSI-XAI/data/processed/masks/benign/benign (346)_mask.png,2,/content/drive/MyDrive/BUSI-XAI/data/raw/benign/benign (346)_mask.png;/content/drive/MyDrive/BUSI-XAI/data/raw/benign/benign (346)_mask_1.png,610,373,610,373,False,38191,0.1678503933547224,44f9447a8c71fe6e5b1b6fb451ea59fef8765b8982b118ce58ab37f05389fa7e,True,,train
malignant (50),malignant,/content/drive/MyDrive/BUSI-XAI/data/raw/malignant/malignant (50).png,/content/drive/MyDrive/BUSI-XAI/data/processed/images/malignant/malignant (50).png,/content/drive/MyDrive/BUSI-XAI/data/processed/masks/malignant/malignant (50)_mask.png,1,/content/drive/MyDrive/BUSI-XAI/data/raw/malignant/malignant (50)_mask.png,567,469,567,469,False,21336,0.0802337518755429,1e6870ce6801d9d7afa5696554494c1e80b64c4ec2e1b2d84fe5db03b7c4b900,True,,train
benign (320),benign,/content/drive/MyDrive/BUSI-XAI/data/raw/benign/benign (320).png,/content/drive/MyDrive/BUSI-XAI/data/processed/images/benign/benign (320).png,/content/drive/MyDrive/BUSI-XAI/data/processed/masks/benign/benign (320)_mask.png,1,/content/drive/MyDrive/BUSI-XAI/data/raw/benign/benign (320)_mask.png,558,475,558,475,False,6896,0.0260177325033012,4c619e6e7f4424dd8220dcd80cb8794bb0afc0dc2259d52f4487c447233ce4e2,True,,train
benign (428),benign,/content/drive/MyDrive/BUSI-XAI/data/raw/benign/benign (428).png,/content/drive/MyDrive/BUSI-XAI/data/processed/images/benign/benign (428).png,/content/drive/MyDrive/BUSI-XAI/data/processed/masks/benign/benign (428)_mask.png,1,/content/drive/MyDrive/BUSI-XAI/data/raw/benign/benign (428)_mask.png,769,382,769,382,False,17602,0.0599200702619162,e0aa3329b8b034e32f51b19329c6a1958795f5ac28407766707348c07123861d,True,,train
malignant (29),malignant,/content/drive/MyDrive/BUSI-XAI/data/raw/malignant/malignant (29).png,/content/drive/MyDrive/BUSI-XAI/data/processed/images/malignant/malignant (29).png,/content/drive/MyDrive/BUSI-XAI/data/processed/masks/malignant/malignant (29)_mask.png,1,/content/drive/MyDrive/BUSI-XAI/data/raw/malignant/malignant (29)_mask.png,567,470,567,470,False,46325,0.1738339149686667,4bcb7f282753891124ac86bd9e0da1098523b858edb325e05360441671b7d0d1,True,,train
benign (273),benign,/content/drive/MyDrive/BUSI-XAI/data/raw/benign/benign (273).png,/content/drive/MyDrive/BUSI-XAI/data/processed/images/benign/benign (273).png,/content/drive/MyDrive/BUSI-XAI/data/processed/masks/benign/benign (273)_mask.png,1,/content/drive/MyDrive/BUSI-XAI/data/raw/benign/benign (273)_mask.png,560,469,560,469,False,27561,0.1049383186110265,75e795f5464d476e5102e3c7066ffd407771f8b3c57aacceb0c53b2590af82de,True,,train
benign (276),benign,/content/drive/MyDrive/BUSI-XAI/data/raw/benign/benign (276).png,/content/drive/MyDrive/BUSI-XAI/data/processed/images/benign/benign (276).png,/content/drive/MyDrive/BUSI-XAI/data/processed/masks/benign/benign (276)_mask.png,1,/content/drive/MyDrive/BUSI-XAI/data/raw/benign/benign (276)_mask.png,550,474,550,474,False,30396,0.1165937859608745,2f37cdeb2eef81e49bff4b4e657ca5d72bb08b26ba51dd2154d17946a31715ac,True,,train
benign (2),benign,/content/drive/MyDrive/BUSI-XAI/data/raw/benign/benign (2).png,/content/drive/MyDrive/BUSI-XAI/data/processed/images/benign/benign (2).png,/content/drive/MyDrive/BUSI-XAI/data/processed/masks/benign/benign (2)_mask.png,1,/content/drive/MyDrive/BUSI-XAI/data/raw/benign/benign (2)_mask.png,557,473,557,473,False,9384,0.035618174986051,32b866585194bb9b614768b59e2eecc04e3e394c0013dc21729e1de7f8f5e3ab,True,,train
benign (246),benign,/content/drive/MyDrive/BUSI-XAI/data/raw/benign/benign (246).png,/content/drive/MyDrive/BUSI-XAI/data/processed/images/benign/benign (246).png,/content/drive/MyDrive/BUSI-XAI/data/processed/masks/benign/benign (246)_mask.png,1,/content/drive/MyDrive/BUSI-XAI/data/raw/benign/benign (246)_mask.png,526,331,526,331,False,1378,0.0079147186196914,907b78e4e08ae4f9788fa75d1163aaeacf42ac05061c11cf8058f99ee09ed4c0,True,,train
malignant (76),malignant,/content/drive/MyDrive/BUSI-XAI/data/raw/malignant/malignant (76).png,/content/drive/MyDrive/BUSI-XAI/data/processed/images/malignant/malignant (76).png,/content/drive/MyDrive/BUSI-XAI/data/processed/masks/malignant/malignant (76)_mask.png,1,/content/drive/MyDrive/BUSI-XAI/data/raw/malignant/malignant (76)_mask.png,769,494,769,494,False,62583,0.1647415277214743,d156ea6ebdb624c8f8fe7d4be4473c97e40de3d41bfbfcb076d55e026e7ab329,True,,train
benign (201),benign,/content/drive/MyDrive/BUSI-XAI/data/raw/benign/benign (201).png,/content/drive/MyDrive/BUSI-XAI/data/processed/images/benign/benign (201).png,/content/drive/MyDrive/BUSI-XAI/data/processed/masks/benign/benign (201)_mask.png,1,/content/drive/MyDrive/BUSI-XAI/data/raw/benign/benign (201)_mask.png,556,474,556,474,False,6540,0.0248155905655222,01be5a1162042f217622f0db48f232a1fba111cca99be20f882777a5276c0b9c,True,,train
benign (140),benign,/content/drive/MyDrive/BUSI-XAI/data/raw/benign/benign (140).png,/content/drive/MyDrive/BUSI-XAI/data/processed/images/benign/benign (140).png,/content/drive/MyDrive/BUSI-XAI/data/processed/masks/benign/benign (140)_mask.png,1,/content/drive/MyDrive/BUSI-XAI/data/raw/benign/benign (140)_mask.png,452,591,452,591,False,51903,0.1942972013835856,13895018f758ebcfb68d09e0ebd544f659695391de01d8719c6bfd0e3fff7b0b,True,,train
benign (51),benign,/content/drive/MyDrive/BUSI-XAI/data/raw/benign/benign (51).png,/content/drive/MyDrive/BUSI-XAI/data/processed/images/benign/benign (51).png,/content/drive/MyDrive/BUSI-XAI/data/processed/masks/benign/benign (51)_mask.png,1,/content/drive/MyDrive/BUSI-XAI/data/raw/benign/benign (51)_mask.png,357,338,357,338,False,1093,0.0090580610942601,4f3bd86760a41d589f8a2261b71bc3f7e80156f50087a7bb0a6f65b242fbb43f,True,,train
malignant (173),malignant,/content/drive/MyDrive/BUSI-XAI/data/raw/malignant/malignant (173).png,/content/drive/MyDrive/BUSI-XAI/data/processed/images/malignant/malignant (173).png,/content/drive/MyDrive/BUSI-XAI/data/processed/masks/malignant/malignant (173)_mask.png,1,/content/drive/MyDrive/BUSI-XAI/data/raw/malignant/malignant (173)_mask.png,573,451,573,451,False,14986,0.057990194371244,b200b93a5c2b0f8d8ddc92e7a6b04c951dc19f31466930c81bb9cd2ee31b8bc1,True,,train
malignant (162),malignant,/content/drive/MyDrive/BUSI-XAI/data/raw/malignant/malignant (162).png,/content/drive/MyDrive/BUSI-XAI/data/processed/images/malignant/malignant (162).png,/content/drive/MyDrive/BUSI-XAI/data/processed/masks/malignant/malignant (162)_mask.png,1,/content/drive/MyDrive/BUSI-XAI/data/raw/malignant/malignant (162)_mask.png,620,587,620,587,False,137556,0.3779634005605319,a2bd01ebba4504c260666fb8d9e0ee6f4bc184849079cb7901ebf4f82757555f,True,,train
benign (42),benign,/content/drive/MyDrive/BUSI-XAI/data/raw/benign/benign (42).png,/content/drive/MyDrive/BUSI-XAI/data/processed/images/benign/benign (42).png,/content/drive/MyDrive/BUSI-XAI/data/processed/masks/benign/benign (42)_mask.png,1,/content/drive/MyDrive/BUSI-XAI/data/raw/benign/benign (42)_mask.png,581,437,581,437,False,16545,0.065164220136512,2a3b66dcfb666d1c795b3866abe493e573daacd5bf9f7a4908721285f1fe7cf8,True,,train
malignant (60),malignant,/content/drive/MyDrive/BUSI-XAI/data/raw/malignant/malignant (60).png,/content/drive/MyDrive/BUSI-XAI/data/processed/images/malignant/malignant (60).png,/content/drive/MyDrive/BUSI-XAI/data/processed/masks/malignant/malignant (60)_mask.png,1,/content/drive/MyDrive/BUSI-XAI/data/raw/malignant/malignant (60)_mask.png,681,559,681,559,False,62164,0.1632976865022762,2fe3ceda3950402b2da16ece796b4724833cda33ae9cd93c037847943f576d99,True,,train
benign (164),benign,/content/drive/MyDrive/BUSI-XAI/data/raw/benign/benign (164).png,/content/drive/MyDrive/BUSI-XAI/data/processed/images/benign/benign (164).png,/content/drive/MyDrive/BUSI-XAI/data/processed/masks/benign/benign (164)_mask.png,1,/content/drive/MyDrive/BUSI-XAI/data/raw/benign/benign (164)_mask.png,560,470,560,470,False,41483,0.1576101823708206,7e784dfdbf2e1d767d4c054e236a5fd4543ef8fbac9d9fcce526e174c0ce3731,True,,train
benign (361),benign,/content/drive/MyDrive/BUSI-XAI/data/raw/benign/benign (361).png,/content/drive/MyDrive/BUSI-XAI/data/processed/images/benign/benign (361).png,/content/drive/MyDrive/BUSI-XAI/data/processed/masks/benign/benign (361)_mask.png,1,/content/drive/MyDrive/BUSI-XAI/data/raw/benign/benign (361)_mask.png,558,470,558,470,False,20689,0.0788873636848928,7e34f2e47ed0d91ea830a2fa771a765de6aaca216d355cd26b959704b125f47d,True,,train
benign (88),benign,/content/drive/MyDrive/BUSI-XAI/data/raw/benign/benign (88).png,/content/drive/MyDrive/BUSI-XAI/data/processed/images/benign/benign (88).png,/content/drive/MyDrive/BUSI-XAI/data/processed/masks/benign/benign (88)_mask.png,1,/content/drive/MyDrive/BUSI-XAI/data/raw/benign/benign (88)_mask.png,873,560,873,560,False,38760,0.0792832596956308,06197566937fdca1be49d99dfe5507fbb2c349d34a5dbd0597194e97a100d329,True,,train
benign (385),benign,/content/drive/MyDrive/BUSI-XAI/data/raw/benign/benign (385).png,/content/drive/MyDrive/BUSI-XAI/data/processed/images/benign/benign (385).png,/content/drive/MyDrive/BUSI-XAI/data/processed/masks/benign/benign (385)_mask.png,1,/content/drive/MyDrive/BUSI-XAI/data/raw/benign/benign (385)_mask.png,551,458,551,458,False,9719,0.0385127477630984,a6daa7c2f994d3a03c2ae219f5e16fd91d786ec5ec05054db91f40847caef904,True,,train
benign (390),benign,/content/drive/MyDrive/BUSI-XAI/data/raw/benign/benign (390).png,/content/drive/MyDrive/BUSI-XAI/data/processed/images/benign/benign (390).png,/content/drive/MyDrive/BUSI-XAI/data/processed/masks/benign/benign (390)_mask.png,1,/content/drive/MyDrive/BUSI-XAI/data/raw/benign/benign (390)_mask.png,779,583,779,583,False,9108,0.0200547387797611,d1595484766847b01547b50ffd7e9422a1abde7ea655170c36a917a137544f0a,True,,train
benign (1),benign,/content/drive/MyDrive/BUSI-XAI/data/raw/benign/benign (1).png,/content/drive/MyDrive/BUSI-XAI/data/processed/images/benign/benign (1).png,/content/drive/MyDrive/BUSI-XAI/data/processed/masks/benign/benign (1)_mask.png,1,/content/drive/MyDrive/BUSI-XAI/data/raw/benign/benign (1)_mask.png,562,471,562,471,False,984,0.0037173878550218,6941fb64feb59a1654e5d4406d38154f1c894aaa4b8060062ab16ee0e2d9d4cb,True,,train
benign (174),benign,/content/drive/MyDrive/BUSI-XAI/data/raw/benign/benign (174).png,/content/drive/MyDrive/BUSI-XAI/data/processed/images/benign/benign (174).png,/content/drive/MyDrive/BUSI-XAI/data/processed/masks/benign/benign (174)_mask.png,1,/content/drive/MyDrive/BUSI-XAI/data/raw/benign/benign (174)_mask.png,556,490,556,490,False,25662,0.0941932168550873,8f664df67786872b5cf32d518c8f73e85ea6a6dcaffff370f9fa27f8a6973953,True,,train
benign (299),benign,/content/drive/MyDrive/BUSI-XAI/data/raw/benign/benign (299).png,/content/drive/MyDrive/BUSI-XAI/data/processed/images/benign/benign (299).png,/content/drive/MyDrive/BUSI-XAI/data/processed/masks/benign/benign (299)_mask.png,1,/content/drive/MyDrive/BUSI-XAI/data/raw/benign/benign (299)_mask.png,463,392,463,392,False,10530,0.0580178075549874,93d5be8642ef522265bb8d4a3449840b8b512ba4f72e5c69e239fe90467d2a47,True,,train
malignant (113),malignant,/content/drive/MyDrive/BUSI-XAI/data/raw/malignant/malignant (113).png,/content/drive/MyDrive/BUSI-XAI/data/processed/images/malignant/malignant (113).png,/content/drive/MyDrive/BUSI-XAI/data/processed/masks/malignant/malignant (113)_mask.png,1,/content/drive/MyDrive/BUSI-XAI/data/raw/malignant/malignant (113)_mask.png,745,482,745,482,False,19181,0.0534155782672867,d834761844e1c96db8f646ce3a956d80855dc90ca52c1c27a480e5aeac7e8f58,True,,train
benign (183),benign,/content/drive/MyDrive/BUSI-XAI/data/raw/benign/benign (183).png,/content/drive/MyDrive/BUSI-XAI/data/processed/images/benign/benign (183).png,/content/drive/MyDrive/BUSI-XAI/data/processed/masks/benign/benign (183)_mask.png,1,/content/drive/MyDrive/BUSI-XAI/data/raw/benign/benign (183)_mask.png,916,683,916,683,False,4710,0.0075284354280818,41c33e7bb6fba618239c724a7038bf35cabf1f23c3e4a57cabad6abc3837c521,True,,train
malignant (117),malignant,/content/drive/MyDrive/BUSI-XAI/data/raw/malignant/malignant (117).png,/content/drive/MyDrive/BUSI-XAI/data/processed/images/malignant/malignant (117).png,/content/drive/MyDrive/BUSI-XAI/data/processed/masks/malignant/malignant (117)_mask.png,1,/content/drive/MyDrive/BUSI-XAI/data/raw/malignant/malignant (117)_mask.png,611,434,611,434,False,22461,0.0847028743391131,d27f610666ad9f1e0613b9eac770a63a492d490c9a459cd651a6e25088eeea7e,True,,train
benign (255),benign,/content/drive/MyDrive/BUSI-XAI/data/raw/benign/benign (255).png,/content/drive/MyDrive/BUSI-XAI/data/processed/images/benign/benign (255).png,/content/drive/MyDrive/BUSI-XAI/data/processed/masks/benign/benign (255)_mask.png,1,/content/drive/MyDrive/BUSI-XAI/data/raw/benign/benign (255)_mask.png,473,389,473,389,False,13573,0.0737675070789197,df1e28cf9e2f579779fb3c1bd11421ef5524629d947eed4e8299f5993850ade6,True,,train
benign (374),benign,/content/drive/MyDrive/BUSI-XAI/data/raw/benign/benign (374).png,/content/drive/MyDrive/BUSI-XAI/data/processed/images/benign/benign (374).png,/content/drive/MyDrive/BUSI-XAI/data/processed/masks/benign/benign (374)_mask.png,1,/content/drive/MyDrive/BUSI-XAI/data/raw/benign/benign (374)_mask.png,544,468,544,468,False,1415,0.005557912267471,a109ab4e16b19b3209b4d7fe15f31b510b4df1e1e84e8bf160eafc62bc7c2e4d,True,,train
malignant (153),malignant,/content/drive/MyDrive/BUSI-XAI/data/raw/malignant/malignant (153).png,/content/drive/MyDrive/BUSI-XAI/data/processed/images/malignant/malignant (153).png,/content/drive/MyDrive/BUSI-XAI/data/processed/masks/malignant/malignant (153)_mask.png,1,/content/drive/MyDrive/BUSI-XAI/data/raw/malignant/malignant (153)_mask.png,650,603,650,603,False,138357,0.3529965556831228,64f3151ff313a19894d18b3feac5b49c06c25387fbcbef51187ba601a2355707,True,,train
benign (200),benign,/content/drive/MyDrive/BUSI-XAI/data/raw/benign/benign (200).png,/content/drive/MyDrive/BUSI-XAI/data/processed/images/benign/benign (200).png,/content/drive/MyDrive/BUSI-XAI/data/processed/masks/benign/benign (200)_mask.png,1,/content/drive/MyDrive/BUSI-XAI/data/raw/benign/benign (200)_mask.png,554,473,554,473,False,33776,0.12889536791812,c25505f36003b7d3a4e34292e17aa8fe983002c1bb30dff25d94d4654279529c,True,,train
benign (107),benign,/content/drive/MyDrive/BUSI-XAI/data/raw/benign/benign (107).png,/content/drive/MyDrive/BUSI-XAI/data/processed/images/benign/benign (107).png,/content/drive/MyDrive/BUSI-XAI/data/processed/masks/benign/benign (107)_mask.png,1,/content/drive/MyDrive/BUSI-XAI/data/raw/benign/benign (107)_mask.png,759,616,759,616,False,9871,0.0211124514484198,2fee8486caeebc6d0ec9677289b388b2a423cabcb2fb03aee1b56c0a03fb5a7b,True,,train
benign (49),benign,/content/drive/MyDrive/BUSI-XAI/data/raw/benign/benign (49).png,/content/drive/MyDrive/BUSI-XAI/data/processed/images/benign/benign (49).png,/content/drive/MyDrive/BUSI-XAI/data/processed/masks/benign/benign (49)_mask.png,1,/content/drive/MyDrive/BUSI-XAI/data/raw/benign/benign (49)_mask.png,777,576,777,576,False,143015,0.3195494601744602,aac9a872a687dd74760f647407193d571c1d218e0d0626cb198d56576ec7130f,True,,train
benign (241),benign,/content/drive/MyDrive/BUSI-XAI/data/raw/benign/benign (241).png,/content/drive/MyDrive/BUSI-XAI/data/processed/images/benign/benign (241).png,/content/drive/MyDrive/BUSI-XAI/data/processed/masks/benign/benign (241)_mask.png,1,/content/drive/MyDrive/BUSI-XAI/data/raw/benign/benign (241)_mask.png,562,471,562,471,False,12012,0.045379332230206,f913be373b5b78e531b80b5b3c1c203a027ecf67475a8fa87a728b17206cad17,True,,train
benign (262),benign,/content/drive/MyDrive/BUSI-XAI/data/raw/benign/benign (262).png,/content/drive/MyDrive/BUSI-XAI/data/processed/images/benign/benign (262).png,/content/drive/MyDrive/BUSI-XAI/data/processed/masks/benign/benign (262)_mask.png,1,/content/drive/MyDrive/BUSI-XAI/data/raw/benign/benign (262)_mask.png,471,401,471,401,False,42646,0.2257943252272715,86bbcafb71f7656e09f17bf740b932f59e0c141e3ab5573b8aa3610af166758c,True,,train
malignant (38),malignant,/content/drive/MyDrive/BUSI-XAI/data/raw/malignant/malignant (38).png,/content/drive/MyDrive/BUSI-XAI/data/processed/images/malignant/malignant (38).png,/content/drive/MyDrive/BUSI-XAI/data/processed/masks/malignant/malignant (38)_mask.png,1,/content/drive/MyDrive/BUSI-XAI/data/raw/malignant/malignant (38)_mask.png,1048,578,1048,578,False,20934,0.0345591537018938,125b86683b3e81694acad39dda7807d077bf4cd9e3f8b6abeeb3c81b154676a2,True,,train
malignant (159),malignant,/content/drive/MyDrive/BUSI-XAI/data/raw/malignant/malignant (159).png,/content/drive/MyDrive/BUSI-XAI/data/processed/images/malignant/malignant (159).png,/content/drive/MyDrive/BUSI-XAI/data/processed/masks/malignant/malignant (159)_mask.png,1,/content/drive/MyDrive/BUSI-XAI/data/raw/malignant/malignant (159)_mask.png,556,482,556,482,False,57045,0.2128608316666169,76eb2464b721d4aa50149a9aa26e2efe4fb991de6fa0c6cdb5e97b2fad2be32b,True,,train
benign (15),benign,/content/drive/MyDrive/BUSI-XAI/data/raw/benign/benign (15).png,/content/drive/MyDrive/BUSI-XAI/data/processed/images/benign/benign (15).png,/content/drive/MyDrive/BUSI-XAI/data/processed/masks/benign/benign (15)_mask.png,1,/content/drive/MyDrive/BUSI-XAI/data/raw/benign/benign (15)_mask.png,701,526,701,526,False,3067,0.0083178294994114,c1206fd374b375459789b92a2437f3c3a0621e648a6ff14a2b630f7686a768a4,True,,train
benign (98),benign,/content/drive/MyDrive/BUSI-XAI/data/raw/benign/benign (98).png,/content/drive/MyDrive/BUSI-XAI/data/processed/images/benign/benign (98).png,/content/drive/MyDrive/BUSI-XAI/data/processed/masks/benign/benign (98)_mask.png,2,/content/drive/MyDrive/BUSI-XAI/data/raw/benign/benign (98)_mask.png;/content/drive/MyDrive/BUSI-XAI/data/raw/benign/benign (98)_mask_1.png,795,558,795,558,False,140672,0.3171073690854579,4374c02e3e00ac000f23028f3210b2c52ce7cdc77827e867d3c504a517befcc4,True,,train
benign (297),benign,/content/drive/MyDrive/BUSI-XAI/data/raw/benign/benign (297).png,/content/drive/MyDrive/BUSI-XAI/data/processed/images/benign/benign (297).png,/content/drive/MyDrive/BUSI-XAI/data/processed/masks/benign/benign (297)_mask.png,1,/content/drive/MyDrive/BUSI-XAI/data/raw/benign/benign (297)_mask.png,467,390,467,390,False,5433,0.0298303409652446,9892c8ed06332329ad1057e9614bad7ff7c1ddfdac8e8be64515332df30acf32,True,,train
benign (355),benign,/content/drive/MyDrive/BUSI-XAI/data/raw/benign/benign (355).png,/content/drive/MyDrive/BUSI-XAI/data/processed/images/benign/benign (355).png,/content/drive/MyDrive/BUSI-XAI/data/processed/masks/benign/benign (355)_mask.png,1,/content/drive/MyDrive/BUSI-XAI/data/raw/benign/benign (355)_mask.png,675,562,675,562,False,53908,0.1421062343482272,476ba9b0f22b5d71738722edb34e01e36916a9c8f66224bc39fd85e4ba134ab1,True,,train
malignant (3),malignant,/content/drive/MyDrive/BUSI-XAI/data/raw/malignant/malignant (3).png,/content/drive/MyDrive/BUSI-XAI/data/processed/images/malignant/malignant (3).png,/content/drive/MyDrive/BUSI-XAI/data/processed/masks/malignant/malignant (3)_mask.png,1,/content/drive/MyDrive/BUSI-XAI/data/raw/malignant/malignant (3)_mask.png,425,475,425,475,False,12192,0.0603938080495356,3489fd297564622b3f2d0301017d092dd03e4722caff26f03847df6d5dc2ce86,True,,train
benign (367),benign,/content/drive/MyDrive/BUSI-XAI/data/raw/benign/benign (367).png,/content/drive/MyDrive/BUSI-XAI/data/processed/images/benign/benign (367).png,/content/drive/MyDrive/BUSI-XAI/data/processed/masks/benign/benign (367)_mask.png,1,/content/drive/MyDrive/BUSI-XAI/data/raw/benign/benign (367)_mask.png,560,462,560,462,False,33369,0.1289772727272727,3eb94971b6a7cd69a31ea0a05762c124fc637014cd28c91b6e41050e6266f944,True,,train
malignant (46),malignant,/content/drive/MyDrive/BUSI-XAI/data/raw/malignant/malignant (46).png,/content/drive/MyDrive/BUSI-XAI/data/processed/images/malignant/malignant (46).png,/content/drive/MyDrive/BUSI-XAI/data/processed/masks/malignant/malignant (46)_mask.png,1,/content/drive/MyDrive/BUSI-XAI/data/raw/malignant/malignant (46)_mask.png,785,571,785,571,False,24723,0.0551563354044195,68e6b6996b0c3565eff8237655e9005f2419a8ce55b1aef4d6488d1cc3f0f502,True,,train
benign (83),benign,/content/drive/MyDrive/BUSI-XAI/data/raw/benign/benign (83).png,/content/drive/MyDrive/BUSI-XAI/data/processed/images/benign/benign (83).png,/content/drive/MyDrive/BUSI-XAI/data/processed/masks/benign/benign (83)_mask.png,2,/content/drive/MyDrive/BUSI-XAI/data/raw/benign/benign (83)_mask.png;/content/drive/MyDrive/BUSI-XAI/data/raw/benign/benign (83)_mask_1.png,581,432,581,432,False,4241,0.0168969528909287,9960b54d47dfbe805175854facad08bd1f022597299539317d829cc1b04f5f86,True,,train
benign (224),benign,/content/drive/MyDrive/BUSI-XAI/data/raw/benign/benign (224).png,/content/drive/MyDrive/BUSI-XAI/data/processed/images/benign/benign (224).png,/content/drive/MyDrive/BUSI-XAI/data/processed/masks/benign/benign (224)_mask.png,1,/content/drive/MyDrive/BUSI-XAI/data/raw/benign/benign (224)_mask.png,568,469,568,469,False,33419,0.1254504639778972,e2915006fd9598420a2f6230531df3594a8a0d994325c5e55a3d246bd18b597b,True,,train
benign (217),benign,/content/drive/MyDrive/BUSI-XAI/data/raw/benign/benign (217).png,/content/drive/MyDrive/BUSI-XAI/data/processed/images/benign/benign (217).png,/content/drive/MyDrive/BUSI-XAI/data/processed/masks/benign/benign (217)_mask.png,1,/content/drive/MyDrive/BUSI-XAI/data/raw/benign/benign (217)_mask.png,603,396,603,396,False,20778,0.0870144228353183,5d70fd0acd1c5353933eccc79ae43d4f1eb29f7a538b54a66810d36056f7a60c,True,,train
malignant (132),malignant,/content/drive/MyDrive/BUSI-XAI/data/raw/malignant/malignant (132).png,/content/drive/MyDrive/BUSI-XAI/data/processed/images/malignant/malignant (132).png,/content/drive/MyDrive/BUSI-XAI/data/processed/masks/malignant/malignant (132)_mask.png,1,/content/drive/MyDrive/BUSI-XAI/data/raw/malignant/malignant (132)_mask.png,451,581,451,581,False,84795,0.3236067488197961,a293fbd054d49535aaa8af5e53926d2d23f7dccd0718451018a0e1d815731567,True,,train
malignant (121),malignant,/content/drive/MyDrive/BUSI-XAI/data/raw/malignant/malignant (121).png,/content/drive/MyDrive/BUSI-XAI/data/processed/images/malignant/malignant (121).png,/content/drive/MyDrive/BUSI-XAI/data/processed/masks/malignant/malignant (121)_mask.png,1,/content/drive/MyDrive/BUSI-XAI/data/raw/malignant/malignant (121)_mask.png,562,476,562,476,False,3512,0.0131283830258081,fe85d9e46bc70431ea4336f6d38920367442cd4ffdba4ba2373278d3f7bccfea,True,,train
benign (131),benign,/content/drive/MyDrive/BUSI-XAI/data/raw/benign/benign (131).png,/content/drive/MyDrive/BUSI-XAI/data/processed/images/benign/benign (131).png,/content/drive/MyDrive/BUSI-XAI/data/processed/masks/benign/benign (131)_mask.png,1,/content/drive/MyDrive/BUSI-XAI/data/raw/benign/benign (131)_mask.png,587,435,587,435,False,67475,0.2642503279876246,c16e81221c74f5c64dbb5829351ac19007722d5ebfdcce0985176df0b5711e10,True,,train
benign (340),benign,/content/drive/MyDrive/BUSI-XAI/data/raw/benign/benign (340).png,/content/drive/MyDrive/BUSI-XAI/data/processed/images/benign/benign (340).png,/content/drive/MyDrive/BUSI-XAI/data/processed/masks/benign/benign (340)_mask.png,1,/content/drive/MyDrive/BUSI-XAI/data/raw/benign/benign (340)_mask.png,770,425,770,425,False,84566,0.2584140565317036,2c105565cc30b72defbf0c166ca3065d3f52ae3181e10b7277090927857402b8,True,,train
benign (161),benign,/content/drive/MyDrive/BUSI-XAI/data/raw/benign/benign (161).png,/content/drive/MyDrive/BUSI-XAI/data/processed/images/benign/benign (161).png,/content/drive/MyDrive/BUSI-XAI/data/processed/masks/benign/benign (161)_mask.png,1,/content/drive/MyDrive/BUSI-XAI/data/raw/benign/benign (161)_mask.png,568,463,568,463,False,3109,0.01182201198552,de62e5d484e68bac14c742bbfb96fb93e7f46738ed9cb4b3e33a9bed864eb3cf,True,,train
malignant (204),malignant,/content/drive/MyDrive/BUSI-XAI/data/raw/malignant/malignant (204).png,/content/drive/MyDrive/BUSI-XAI/data/processed/images/malignant/malignant (204).png,/content/drive/MyDrive/BUSI-XAI/data/processed/masks/malignant/malignant (204)_mask.png,1,/content/drive/MyDrive/BUSI-XAI/data/raw/malignant/malignant (204)_mask.png,875,585,875,585,False,47346,0.092495238095238,3ef5fd522f754be8eaac43832d34b80b883124b83917b0d7b7d03664ec3a1122,True,,train
benign (285),benign,/content/drive/MyDrive/BUSI-XAI/data/raw/benign/benign (285).png,/content/drive/MyDrive/BUSI-XAI/data/processed/images/benign/benign (285).png,/content/drive/MyDrive/BUSI-XAI/data/processed/masks/benign/benign (285)_mask.png,1,/content/drive/MyDrive/BUSI-XAI/data/raw/benign/benign (285)_mask.png,625,494,625,494,False,18127,0.058710931174089,2e36e661b850fd4b51d85931e96130b61fc48b3afe65e52ed19815b0e7ae1e5d,True,,train
benign (424),benign,/content/drive/MyDrive/BUSI-XAI/data/raw/benign/benign (424).png,/content/drive/MyDrive/BUSI-XAI/data/processed/images/benign/benign (424).png,/content/drive/MyDrive/BUSI-XAI/data/processed/masks/benign/benign (424)_mask.png,2,/content/drive/MyDrive/BUSI-XAI/data/raw/benign/benign (424)_mask.png;/content/drive/MyDrive/BUSI-XAI/data/raw/benign/benign (424)_mask_1.png,544,469,544,469,False,5376,0.0210711150131694,14bc40b1ef9312507333e899ee96427baeb804413e57302e7398727485cc518b,True,,train
malignant (106),malignant,/content/drive/MyDrive/BUSI-XAI/data/raw/malignant/malignant (106).png,/content/drive/MyDrive/BUSI-XAI/data/processed/images/malignant/malignant (106).png,/content/drive/MyDrive/BUSI-XAI/data/processed/masks/malignant/malignant (106)_mask.png,1,/content/drive/MyDrive/BUSI-XAI/data/raw/malignant/malignant (106)_mask.png,667,458,667,458,False,21853,0.0715351931021388,987a8f1ebfa1b3189050e5dfcbb406f52e44cba05a6fde02465d81764aab2002,True,,train
benign (319),benign,/content/drive/MyDrive/BUSI-XAI/data/raw/benign/benign (319).png,/content/drive/MyDrive/BUSI-XAI/data/processed/images/benign/benign (319).png,/content/drive/MyDrive/BUSI-XAI/data/processed/masks/benign/benign (319)_mask.png,1,/content/drive/MyDrive/BUSI-XAI/data/raw/benign/benign (319)_mask.png,560,467,560,467,False,9889,0.0378135515448149,044a3bce182a3b85bbe3e5300f4289286387edd54708d2929a7abf8cc05872d4,True,,train
benign (121),benign,/content/drive/MyDrive/BUSI-XAI/data/raw/benign/benign (121).png,/content/drive/MyDrive/BUSI-XAI/data/processed/images/benign/benign (121).png,/content/drive/MyDrive/BUSI-XAI/data/processed/masks/benign/benign (121)_mask.png,1,/content/drive/MyDrive/BUSI-XAI/data/raw/benign/benign (121)_mask.png,646,610,646,610,False,17725,0.0449804598284525,ed0b25ae371f04286bd55383a13e068528ffeccc1f79d6918699f98fac008568,True,,train
malignant (188),malignant,/content/drive/MyDrive/BUSI-XAI/data/raw/malignant/malignant (188).png,/content/drive/MyDrive/BUSI-XAI/data/processed/images/malignant/malignant (188).png,/content/drive/MyDrive/BUSI-XAI/data/processed/masks/malignant/malignant (188)_mask.png,1,/content/drive/MyDrive/BUSI-XAI/data/raw/malignant/malignant (188)_mask.png,724,473,724,473,False,45445,0.1327047294219336,40dddacb07c72c04e0b086d35bcbf5b526a18c9fc6e8bfe375d3760f986b9cf0,True,,train
benign (82),benign,/content/drive/MyDrive/BUSI-XAI/data/raw/benign/benign (82).png,/content/drive/MyDrive/BUSI-XAI/data/processed/images/benign/benign (82).png,/content/drive/MyDrive/BUSI-XAI/data/processed/masks/benign/benign (82)_mask.png,1,/content/drive/MyDrive/BUSI-XAI/data/raw/benign/benign (82)_mask.png,656,458,656,458,False,14515,0.0483111886249866,87e2084c616f11a38d943c6658b30b05470ef6053f88524ebf8a3ba31f9e2cd7,True,,train
benign (308),benign,/content/drive/MyDrive/BUSI-XAI/data/raw/benign/benign (308).png,/content/drive/MyDrive/BUSI-XAI/data/processed/images/benign/benign (308).png,/content/drive/MyDrive/BUSI-XAI/data/processed/masks/benign/benign (308)_mask.png,1,/content/drive/MyDrive/BUSI-XAI/data/raw/benign/benign (308)_mask.png,552,468,552,468,False,4201,0.0162617676204632,c63cf4815fe98f248e7b697e7e2a1f6d0a844fcd256e5b11a64dc67932c8cda0,True,,train
benign (301),benign,/content/drive/MyDrive/BUSI-XAI/data/raw/benign/benign (301).png,/content/drive/MyDrive/BUSI-XAI/data/processed/images/benign/benign (301).png,/content/drive/MyDrive/BUSI-XAI/data/processed/masks/benign/benign (301)_mask.png,1,/content/drive/MyDrive/BUSI-XAI/data/raw/benign/benign (301)_mask.png,463,383,463,383,False,893,0.0050358373418899,b1dc0e084f46d3dbe12b291af117999c6d911d8104897632072e5cef12376fc2,True,,train
malignant (193),malignant,/content/drive/MyDrive/BUSI-XAI/data/raw/malignant/malignant (193).png,/content/drive/MyDrive/BUSI-XAI/data/processed/images/malignant/malignant (193).png,/content/drive/MyDrive/BUSI-XAI/data/processed/masks/malignant/malignant (193)_mask.png,1,/content/drive/MyDrive/BUSI-XAI/data/raw/malignant/malignant (193)_mask.png,781,574,781,574,False,16310,0.0363823740670185,efda233af7afaf0ad4264dc78b4de94cc074ac86fb661a5eb19898834b9d33a8,True,,train
benign (193),benign,/content/drive/MyDrive/BUSI-XAI/data/raw/benign/benign (193).png,/content/drive/MyDrive/BUSI-XAI/data/processed/images/benign/benign (193).png,/content/drive/MyDrive/BUSI-XAI/data/processed/masks/benign/benign (193)_mask.png,1,/content/drive/MyDrive/BUSI-XAI/data/raw/benign/benign (193)_mask.png,754,580,754,580,False,4502,0.010294521174426,0d31e6e78c35e8119037dad57d72d6f95f21b00743bb57a5173d1087cf1ffd0b,True,,train
benign (170),benign,/content/drive/MyDrive/BUSI-XAI/data/raw/benign/benign (170).png,/content/drive/MyDrive/BUSI-XAI/data/processed/images/benign/benign (170).png,/content/drive/MyDrive/BUSI-XAI/data/processed/masks/benign/benign (170)_mask.png,1,/content/drive/MyDrive/BUSI-XAI/data/raw/benign/benign (170)_mask.png,564,468,564,468,False,12570,0.0476222949627204,ab1571e785a06089da0eec7d7485806bb2e9399449b752719baf2208e7de786c,True,,train
malignant (51),malignant,/content/drive/MyDrive/BUSI-XAI/data/raw/malignant/malignant (51).png,/content/drive/MyDrive/BUSI-XAI/data/processed/images/malignant/malignant (51).png,/content/drive/MyDrive/BUSI-XAI/data/processed/masks/malignant/malignant (51)_mask.png,1,/content/drive/MyDrive/BUSI-XAI/data/raw/malignant/malignant (51)_mask.png,588,437,588,437,False,22299,0.0867813944799888,5d9cbd2afcd281e8bc96bfca3576c41b2b7f2af2d73e4a14777a98e419fb81df,True,,train
benign (120),benign,/content/drive/MyDrive/BUSI-XAI/data/raw/benign/benign (120).png,/content/drive/MyDrive/BUSI-XAI/data/processed/images/benign/benign (120).png,/content/drive/MyDrive/BUSI-XAI/data/processed/masks/benign/benign (120)_mask.png,1,/content/drive/MyDrive/BUSI-XAI/data/raw/benign/benign (120)_mask.png,808,695,808,695,False,1930,0.0034368544768145,174a3c2d7ec244537c421dc64ecdfa7d1cb3c78454c1ff3a04a04d00599f1c23,True,,train
benign (95),benign,/content/drive/MyDrive/BUSI-XAI/data/raw/benign/benign (95).png,/content/drive/MyDrive/BUSI-XAI/data/processed/images/benign/benign (95).png,/content/drive/MyDrive/BUSI-XAI/data/processed/masks/benign/benign (95)_mask.png,1,/content/drive/MyDrive/BUSI-XAI/data/raw/benign/benign (95)_mask.png,558,470,558,470,False,3486,0.0132921528254404,e39fdcf94d275614a8817c26263ff8531089b8a7298c8b4fd27d27cfe5b54c32,True,,train
benign (307),benign,/content/drive/MyDrive/BUSI-XAI/data/raw/benign/benign (307).png,/content/drive/MyDrive/BUSI-XAI/data/processed/images/benign/benign (307).png,/content/drive/MyDrive/BUSI-XAI/data/processed/masks/benign/benign (307)_mask.png,1,/content/drive/MyDrive/BUSI-XAI/data/raw/benign/benign (307)_mask.png,775,587,775,587,False,12040,0.0264659009726878,a6da28bb854b8af1b5c6a183507ad34ec623ee354dc93a02378fba3d0ca8765d,True,,train
malignant (126),malignant,/content/drive/MyDrive/BUSI-XAI/data/raw/malignant/malignant (126).png,/content/drive/MyDrive/BUSI-XAI/data/processed/images/malignant/malignant (126).png,/content/drive/MyDrive/BUSI-XAI/data/processed/masks/malignant/malignant (126)_mask.png,1,/content/drive/MyDrive/BUSI-XAI/data/raw/malignant/malignant (126)_mask.png,557,478,557,478,False,18584,0.0698001096730091,9fcdc04628658301fe4603f2c4756ed7cc29477f8318d5cbb1b116d0ee78a415,True,,train
malignant (26),malignant,/content/drive/MyDrive/BUSI-XAI/data/raw/malignant/malignant (26).png,/content/drive/MyDrive/BUSI-XAI/data/processed/images/malignant/malignant (26).png,/content/drive/MyDrive/BUSI-XAI/data/processed/masks/malignant/malignant (26)_mask.png,1,/content/drive/MyDrive/BUSI-XAI/data/raw/malignant/malignant (26)_mask.png,564,469,564,469,False,12900,0.0487683164723495,8848e850555785ae089ddf88d194ac6385c48788f62a83953837477a85f91628,True,,train
benign (379),benign,/content/drive/MyDrive/BUSI-XAI/data/raw/benign/benign (379).png,/content/drive/MyDrive/BUSI-XAI/data/processed/images/benign/benign (379).png,/content/drive/MyDrive/BUSI-XAI/data/processed/masks/benign/benign (379)_mask.png,1,/content/drive/MyDrive/BUSI-XAI/data/raw/benign/benign (379)_mask.png,1010,583,1010,583,False,17814,0.0302532140006453,397dbf745f26f1ecd023ca322d81890ff8e32f6b236ecc576f4c5564e204557d,True,,train
malignant (147),malignant,/content/drive/MyDrive/BUSI-XAI/data/raw/malignant/malignant (147).png,/content/drive/MyDrive/BUSI-XAI/data/processed/images/malignant/malignant (147).png,/content/drive/MyDrive/BUSI-XAI/data/processed/masks/malignant/malignant (147)_mask.png,1,/content/drive/MyDrive/BUSI-XAI/data/raw/malignant/malignant (147)_mask.png,552,471,552,471,False,11899,0.0457667928243945,c73e4498f71f5b89994f7cda6a0c5a7a0a9cc35af4b5dfae41eea8836e2a194d,True,,train
malignant (32),malignant,/content/drive/MyDrive/BUSI-XAI/data/raw/malignant/malignant (32).png,/content/drive/MyDrive/BUSI-XAI/data/processed/images/malignant/malignant (32).png,/content/drive/MyDrive/BUSI-XAI/data/processed/masks/malignant/malignant (32)_mask.png,1,/content/drive/MyDrive/BUSI-XAI/data/raw/malignant/malignant (32)_mask.png,557,492,557,492,False,43141,0.1574236254032199,068b4c17a89d4fbf54b58443e6c41056df974be75d4999aa0c5a569f6aba42c5,True,,train
malignant (56),malignant,/content/drive/MyDrive/BUSI-XAI/data/raw/malignant/malignant (56).png,/content/drive/MyDrive/BUSI-XAI/data/processed/images/malignant/malignant (56).png,/content/drive/MyDrive/BUSI-XAI/data/processed/masks/malignant/malignant (56)_mask.png,1,/content/drive/MyDrive/BUSI-XAI/data/raw/malignant/malignant (56)_mask.png,690,538,690,538,False,70542,0.1900274769678357,ed8696f699022acbefbce630bd95aafd3d119b2b62177412deada0c6f4ca79ff,True,,train
benign (239),benign,/content/drive/MyDrive/BUSI-XAI/data/raw/benign/benign (239).png,/content/drive/MyDrive/BUSI-XAI/data/processed/images/benign/benign (239).png,/content/drive/MyDrive/BUSI-XAI/data/processed/masks/benign/benign (239)_mask.png,1,/content/drive/MyDrive/BUSI-XAI/data/raw/benign/benign (239)_mask.png,560,473,560,473,False,6227,0.0235087586831772,704d65bb5327bdcbda8265b8affb7edadf3ec9775cb1833ef93de73ad3d05a21,True,,train
malignant (197),malignant,/content/drive/MyDrive/BUSI-XAI/data/raw/malignant/malignant (197).png,/content/drive/MyDrive/BUSI-XAI/data/processed/images/malignant/malignant (197).png,/content/drive/MyDrive/BUSI-XAI/data/processed/masks/malignant/malignant (197)_mask.png,1,/content/drive/MyDrive/BUSI-XAI/data/raw/malignant/malignant (197)_mask.png,552,484,552,484,False,29061,0.1087742544017247,93ad8b7c48f8d9c27ecdd840784ede932585872d94bafc550007bf5f27e12a07,True,,train
benign (334),benign,/content/drive/MyDrive/BUSI-XAI/data/raw/benign/benign (334).png,/content/drive/MyDrive/BUSI-XAI/data/processed/images/benign/benign (334).png,/content/drive/MyDrive/BUSI-XAI/data/processed/masks/benign/benign (334)_mask.png,1,/content/drive/MyDrive/BUSI-XAI/data/raw/benign/benign (334)_mask.png,589,426,589,426,False,6043,0.0240839490821556,adc45d077109d50c916010d62387e53f5ff0736d83eea8c6cd6b389853dd579e,True,,train
benign (190),benign,/content/drive/MyDrive/BUSI-XAI/data/raw/benign/benign (190).png,/content/drive/MyDrive/BUSI-XAI/data/processed/images/benign/benign (190).png,/content/drive/MyDrive/BUSI-XAI/data/processed/masks/benign/benign (190)_mask.png,1,/content/drive/MyDrive/BUSI-XAI/data/raw/benign/benign (190)_mask.png,734,470,734,470,False,30729,0.0890747289697953,2cec628fab8a35ed1faefff542c26868a2d7555e07de2f1360f121fda261e14d,True,,train
benign (272),benign,/content/drive/MyDrive/BUSI-XAI/data/raw/benign/benign (272).png,/content/drive/MyDrive/BUSI-XAI/data/processed/images/benign/benign (272).png,/content/drive/MyDrive/BUSI-XAI/data/processed/masks/benign/benign (272)_mask.png,1,/content/drive/MyDrive/BUSI-XAI/data/raw/benign/benign (272)_mask.png,498,326,498,326,False,10541,0.0649284253578732,f2420d0b256a73781c7f180320fe395341dd83f0e02e537a6bd99cd85e111a02,True,,train
benign (309),benign,/content/drive/MyDrive/BUSI-XAI/data/raw/benign/benign (309).png,/content/drive/MyDrive/BUSI-XAI/data/processed/images/benign/benign (309).png,/content/drive/MyDrive/BUSI-XAI/data/processed/masks/benign/benign (309)_mask.png,1,/content/drive/MyDrive/BUSI-XAI/data/raw/benign/benign (309)_mask.png,769,487,769,487,False,63198,0.1687516521897021,65bee9cb0fdf4024b1f871d66a5c5339c6aa82a4041e0d9980a9198a5a590c47,True,,train
benign (145),benign,/content/drive/MyDrive/BUSI-XAI/data/raw/benign/benign (145).png,/content/drive/MyDrive/BUSI-XAI/data/processed/images/benign/benign (145).png,/content/drive/MyDrive/BUSI-XAI/data/processed/masks/benign/benign (145)_mask.png,1,/content/drive/MyDrive/BUSI-XAI/data/raw/benign/benign (145)_mask.png,779,574,779,574,False,8622,0.0192822925845249,969a043413cf6f6fbcba04fcce43541070394be89c50c3ea99c16a7ec298955f,True,,train
benign (401),benign,/content/drive/MyDrive/BUSI-XAI/data/raw/benign/benign (401).png,/content/drive/MyDrive/BUSI-XAI/data/processed/images/benign/benign (401).png,/content/drive/MyDrive/BUSI-XAI/data/processed/masks/benign/benign (401)_mask.png,1,/content/drive/MyDrive/BUSI-XAI/data/raw/benign/benign (401)_mask.png,557,469,557,469,False,28568,0.1093583123112317,99762fc182f8f866cd78ef435dc5f33b2a2a786abfc8e3522469895cd0c786ce,True,,train
benign (35),benign,/content/drive/MyDrive/BUSI-XAI/data/raw/benign/benign (35).png,/content/drive/MyDrive/BUSI-XAI/data/processed/images/benign/benign (35).png,/content/drive/MyDrive/BUSI-XAI/data/processed/masks/benign/benign (35)_mask.png,1,/content/drive/MyDrive/BUSI-XAI/data/raw/benign/benign (35)_mask.png,556,476,556,476,False,3049,0.0115206154404207,5a4e96a6049bebcd933ae3e2040b2f31c863e49e8699bdc7e5392e94b62c72d4,True,,train
benign (296),benign,/content/drive/MyDrive/BUSI-XAI/data/raw/benign/benign (296).png,/content/drive/MyDrive/BUSI-XAI/data/processed/images/benign/benign (296).png,/content/drive/MyDrive/BUSI-XAI/data/processed/masks/benign/benign (296)_mask.png,1,/content/drive/MyDrive/BUSI-XAI/data/raw/benign/benign (296)_mask.png,503,328,503,328,False,21775,0.1319824952722688,c8446be415bb0a5a23f4b35a6549c95bc139b5f883a92da165a6f73464a668f9,True,,train
benign (153),benign,/content/drive/MyDrive/BUSI-XAI/data/raw/benign/benign (153).png,/content/drive/MyDrive/BUSI-XAI/data/processed/images/benign/benign (153).png,/content/drive/MyDrive/BUSI-XAI/data/processed/masks/benign/benign (153)_mask.png,1,/content/drive/MyDrive/BUSI-XAI/data/raw/benign/benign (153)_mask.png,772,574,772,574,False,2802,0.006323229405499,e84fd45fc20e6c9c6d170c3e689569ac75658d25eb383ce5f2190538746a392c,True,,train
malignant (41),malignant,/content/drive/MyDrive/BUSI-XAI/data/raw/malignant/malignant (41).png,/content/drive/MyDrive/BUSI-XAI/data/processed/images/malignant/malignant (41).png,/content/drive/MyDrive/BUSI-XAI/data/processed/masks/malignant/malignant (41)_mask.png,1,/content/drive/MyDrive/BUSI-XAI/data/raw/malignant/malignant (41)_mask.png,580,476,580,476,False,25281,0.0915712836858881,5af30b4c8dbf7b627eae66afe55f79025e72b76af80f5a8855e7bcaa5798da18,True,,train
benign (172),benign,/content/drive/MyDrive/BUSI-XAI/data/raw/benign/benign (172).png,/content/drive/MyDrive/BUSI-XAI/data/processed/images/benign/benign (172).png,/content/drive/MyDrive/BUSI-XAI/data/processed/masks/benign/benign (172)_mask.png,1,/content/drive/MyDrive/BUSI-XAI/data/raw/benign/benign (172)_mask.png,619,589,619,589,False,8769,0.0240516085147466,14890c2c16b18ddd875c21dd1236424d5e3d49d94ec29a95cfc33643203b7da6,True,,train
benign (427),benign,/content/drive/MyDrive/BUSI-XAI/data/raw/benign/benign (427).png,/content/drive/MyDrive/BUSI-XAI/data/processed/images/benign/benign (427).png,/content/drive/MyDrive/BUSI-XAI/data/processed/masks/benign/benign (427)_mask.png,1,/content/drive/MyDrive/BUSI-XAI/data/raw/benign/benign (427)_mask.png,780,380,780,380,False,8443,0.0284851551956815,0e92cf80f3c60f7aa0cde367b99f1b63d94efac5726a62d432a4bf8cca7c39b2,True,,train
malignant (67),malignant,/content/drive/MyDrive/BUSI-XAI/data/raw/malignant/malignant (67).png,/content/drive/MyDrive/BUSI-XAI/data/processed/images/malignant/malignant (67).png,/content/drive/MyDrive/BUSI-XAI/data/processed/masks/malignant/malignant (67)_mask.png,1,/content/drive/MyDrive/BUSI-XAI/data/raw/malignant/malignant (67)_mask.png,946,604,946,604,False,24388,0.0426823292216792,240fff7936ed99eb6cdf99be196ff71f1da0a9f1ca57b1a7928a1fa48468772d,True,,train
benign (7),benign,/content/drive/MyDrive/BUSI-XAI/data/raw/benign/benign (7).png,/content/drive/MyDrive/BUSI-XAI/data/processed/images/benign/benign (7).png,/content/drive/MyDrive/BUSI-XAI/data/processed/masks/benign/benign (7)_mask.png,1,/content/drive/MyDrive/BUSI-XAI/data/raw/benign/benign (7)_mask.png,624,578,624,578,False,2204,0.0061108153668707,6e4d03e45af912d2db9a7f334fc845da6eb1008c943a9555d4880a5271c43a37,True,,train
benign (197),benign,/content/drive/MyDrive/BUSI-XAI/data/raw/benign/benign (197).png,/content/drive/MyDrive/BUSI-XAI/data/processed/images/benign/benign (197).png,/content/drive/MyDrive/BUSI-XAI/data/processed/masks/benign/benign (197)_mask.png,1,/content/drive/MyDrive/BUSI-XAI/data/raw/benign/benign (197)_mask.png,547,465,547,465,False,3583,0.0140866112323327,d32728bf4d14b5c3e05dd5e50a16c130b456907f48fd39fe3e6b135e1fffbec3,True,,train
benign (132),benign,/content/drive/MyDrive/BUSI-XAI/data/raw/benign/benign (132).png,/content/drive/MyDrive/BUSI-XAI/data/processed/images/benign/benign (132).png,/content/drive/MyDrive/BUSI-XAI/data/processed/masks/benign/benign (132)_mask.png,1,/content/drive/MyDrive/BUSI-XAI/data/raw/benign/benign (132)_mask.png,552,483,552,483,False,6449,0.0241883457856992,72a1dc8250c52a7495a34914339f908e8aac459929845fe0dbb81764797b68ea,True,,train
malignant (189),malignant,/content/drive/MyDrive/BUSI-XAI/data/raw/malignant/malignant (189).png,/content/drive/MyDrive/BUSI-XAI/data/processed/images/malignant/malignant (189).png,/content/drive/MyDrive/BUSI-XAI/data/processed/masks/malignant/malignant (189)_mask.png,1,/content/drive/MyDrive/BUSI-XAI/data/raw/malignant/malignant (189)_mask.png,433,400,433,400,False,2832,0.0163510392609699,3e76182d9925357bd47bbd1c55d326ec411be1b924f9e21605a5c1b3b0116aee,True,,train
benign (12),benign,/content/drive/MyDrive/BUSI-XAI/data/raw/benign/benign (12).png,/content/drive/MyDrive/BUSI-XAI/data/processed/images/benign/benign (12).png,/content/drive/MyDrive/BUSI-XAI/data/processed/masks/benign/benign (12)_mask.png,1,/content/drive/MyDrive/BUSI-XAI/data/raw/benign/benign (12)_mask.png,678,571,678,571,False,2890,0.0074650383067536,041a9c1b018e310b8df5cd769bba8cb8097120a979d9a01b8cddd7dc9d8e085f,True,,train
malignant (24),malignant,/content/drive/MyDrive/BUSI-XAI/data/raw/malignant/malignant (24).png,/content/drive/MyDrive/BUSI-XAI/data/processed/images/malignant/malignant (24).png,/content/drive/MyDrive/BUSI-XAI/data/processed/masks/malignant/malignant (24)_mask.png,1,/content/drive/MyDrive/BUSI-XAI/data/raw/malignant/malignant (24)_mask.png,564,462,564,462,False,55605,0.2133991894630192,730f5351f7b59ecc07ebe90fca330fe65aef6ec5aaa56a1de1544fbfff564aea,True,,train
benign (207),benign,/content/drive/MyDrive/BUSI-XAI/data/raw/benign/benign (207).png,/content/drive/MyDrive/BUSI-XAI/data/processed/images/benign/benign (207).png,/content/drive/MyDrive/BUSI-XAI/data/processed/masks/benign/benign (207)_mask.png,1,/content/drive/MyDrive/BUSI-XAI/data/raw/benign/benign (207)_mask.png,562,481,562,481,False,33244,0.1229792617692973,0091c65812a5cbcd24d202674e3984831e48254a4ecdf35e8a38f839db908450,True,,train
malignant (180),malignant,/content/drive/MyDrive/BUSI-XAI/data/raw/malignant/malignant (180).png,/content/drive/MyDrive/BUSI-XAI/data/processed/images/malignant/malignant (180).png,/content/drive/MyDrive/BUSI-XAI/data/processed/masks/malignant/malignant (180)_mask.png,1,/content/drive/MyDrive/BUSI-XAI/data/raw/malignant/malignant (180)_mask.png,562,461,562,461,False,27730,0.107031750565458,ef24faceea9b1fafb31ac96fd247c2c0ad477a64cb9db9959cb3d3fa656530c0,True,,train
benign (221),benign,/content/drive/MyDrive/BUSI-XAI/data/raw/benign/benign (221).png,/content/drive/MyDrive/BUSI-XAI/data/processed/images/benign/benign (221).png,/content/drive/MyDrive/BUSI-XAI/data/processed/masks/benign/benign (221)_mask.png,1,/content/drive/MyDrive/BUSI-XAI/data/raw/benign/benign (221)_mask.png,610,394,610,394,False,2110,0.0087792294249812,1c6746270b66602cb195977888215cc3d8023d81719933b38cbbbdc2bbf8589b,True,,train
benign (343),benign,/content/drive/MyDrive/BUSI-XAI/data/raw/benign/benign (343).png,/content/drive/MyDrive/BUSI-XAI/data/processed/images/benign/benign (343).png,/content/drive/MyDrive/BUSI-XAI/data/processed/masks/benign/benign (343)_mask.png,1,/content/drive/MyDrive/BUSI-XAI/data/raw/benign/benign (343)_mask.png,564,467,564,467,False,20580,0.0781356781630142,6985f119baabac832b3e3ceb8111716c4590d93dfc692cd70416121e5b0010dc,True,,train
benign (105),benign,/content/drive/MyDrive/BUSI-XAI/data/raw/benign/benign (105).png,/content/drive/MyDrive/BUSI-XAI/data/processed/images/benign/benign (105).png,/content/drive/MyDrive/BUSI-XAI/data/processed/masks/benign/benign (105)_mask.png,1,/content/drive/MyDrive/BUSI-XAI/data/raw/benign/benign (105)_mask.png,882,581,882,581,False,8813,0.017198043876185,d04506fd5b1d50cf1f3e447edc4b76c4fe4be961636a3dbc4edeb2e9ea80f8f7,True,,train
malignant (114),malignant,/content/drive/MyDrive/BUSI-XAI/data/raw/malignant/malignant (114).png,/content/drive/MyDrive/BUSI-XAI/data/processed/images/malignant/malignant (114).png,/content/drive/MyDrive/BUSI-XAI/data/processed/masks/malignant/malignant (114)_mask.png,1,/content/drive/MyDrive/BUSI-XAI/data/raw/malignant/malignant (114)_mask.png,340,439,340,439,False,27988,0.1875117245075706,c9bf36190c0d2470e4bed05e2a17dc4d6e9920c7102d93add7af4da60fcf1f0e,True,,train
malignant (203),malignant,/content/drive/MyDrive/BUSI-XAI/data/raw/malignant/malignant (203).png,/content/drive/MyDrive/BUSI-XAI/data/processed/images/malignant/malignant (203).png,/content/drive/MyDrive/BUSI-XAI/data/processed/masks/malignant/malignant (203)_mask.png,1,/content/drive/MyDrive/BUSI-XAI/data/raw/malignant/malignant (203)_mask.png,577,411,577,411,False,53353,0.2249785997714497,91c94dfd63d3f244200c10805b2c339eb66fded2c15bec8255d5bf539ed68485,True,,train
benign (370),benign,/content/drive/MyDrive/BUSI-XAI/data/raw/benign/benign (370).png,/content/drive/MyDrive/BUSI-XAI/data/processed/images/benign/benign (370).png,/content/drive/MyDrive/BUSI-XAI/data/processed/masks/benign/benign (370)_mask.png,1,/content/drive/MyDrive/BUSI-XAI/data/raw/benign/benign (370)_mask.png,549,458,549,458,False,39306,0.156322332784499,6d8a301fb1032deed4f6b0baa1fdb0100b6986358063fc3cf199303cc50ba341,True,,train
malignant (7),malignant,/content/drive/MyDrive/BUSI-XAI/data/raw/malignant/malignant (7).png,/content/drive/MyDrive/BUSI-XAI/data/processed/images/malignant/malignant (7).png,/content/drive/MyDrive/BUSI-XAI/data/processed/masks/malignant/malignant (7)_mask.png,1,/content/drive/MyDrive/BUSI-XAI/data/raw/malignant/malignant (7)_mask.png,432,474,432,474,False,10196,0.0497929363963119,b57fccb15b4ab072369e74c622d0de4c6f012d3b52f2b33eb432d25f6ccba9a8,True,,train
malignant (44),malignant,/content/drive/MyDrive/BUSI-XAI/data/raw/malignant/malignant (44).png,/content/drive/MyDrive/BUSI-XAI/data/processed/images/malignant/malignant (44).png,/content/drive/MyDrive/BUSI-XAI/data/processed/masks/malignant/malignant (44)_mask.png,1,/content/drive/MyDrive/BUSI-XAI/data/raw/malignant/malignant (44)_mask.png,765,580,765,580,False,13556,0.0305521748929456,d62a1ff69dbf3c65bde11cb2c67b3d4b613b301e54d33b7e2d72531d4d1b37d4,True,,train
benign (115),benign,/content/drive/MyDrive/BUSI-XAI/data/raw/benign/benign (115).png,/content/drive/MyDrive/BUSI-XAI/data/processed/images/benign/benign (115).png,/content/drive/MyDrive/BUSI-XAI/data/processed/masks/benign/benign (115)_mask.png,1,/content/drive/MyDrive/BUSI-XAI/data/raw/benign/benign (115)_mask.png,554,469,554,469,False,4295,0.0165302933501651,9548a6512bb031531df08084d0ece90ee3b093777ca4c6d4dc26c607a0aa60e0,True,,train
malignant (181),malignant,/content/drive/MyDrive/BUSI-XAI/data/raw/malignant/malignant (181).png,/content/drive/MyDrive/BUSI-XAI/data/processed/images/malignant/malignant (181).png,/content/drive/MyDrive/BUSI-XAI/data/processed/masks/malignant/malignant (181)_mask.png,1,/content/drive/MyDrive/BUSI-XAI/data/raw/malignant/malignant (181)_mask.png,497,488,497,488,False,11063,0.0456138470165253,b1dcad00489d3a6f4ac5e15e4477fecd9522db008aa4300ce2e976c39abae5fb,True,,train
benign (260),benign,/content/drive/MyDrive/BUSI-XAI/data/raw/benign/benign (260).png,/content/drive/MyDrive/BUSI-XAI/data/processed/images/benign/benign (260).png,/content/drive/MyDrive/BUSI-XAI/data/processed/masks/benign/benign (260)_mask.png,1,/content/drive/MyDrive/BUSI-XAI/data/raw/benign/benign (260)_mask.png,498,331,498,331,False,9149,0.0555029786821,40158d60c7beb75a064a98be29e44122bdc73663335a8e57cdd14442fa7f2a32,True,,train
benign (218),benign,/content/drive/MyDrive/BUSI-XAI/data/raw/benign/benign (218).png,/content/drive/MyDrive/BUSI-XAI/data/processed/images/benign/benign (218).png,/content/drive/MyDrive/BUSI-XAI/data/processed/masks/benign/benign (218)_mask.png,1,/content/drive/MyDrive/BUSI-XAI/data/raw/benign/benign (218)_mask.png,602,396,602,396,False,30047,0.1260403033658847,c64c1c567dcaa73c8315d7cafa1db7b428bc05a49196b00c4ed8203047c11d5d,True,,train
malignant (192),malignant,/content/drive/MyDrive/BUSI-XAI/data/raw/malignant/malignant (192).png,/content/drive/MyDrive/BUSI-XAI/data/processed/images/malignant/malignant (192).png,/content/drive/MyDrive/BUSI-XAI/data/processed/masks/malignant/malignant (192)_mask.png,1,/content/drive/MyDrive/BUSI-XAI/data/raw/malignant/malignant (192)_mask.png,556,488,556,488,False,5806,0.0213984550064866,c215971016646d9b521770d5dcb209fca2afa654fd9d41122b0a17d4d94a946c,True,,train
benign (371),benign,/content/drive/MyDrive/BUSI-XAI/data/raw/benign/benign (371).png,/content/drive/MyDrive/BUSI-XAI/data/processed/images/benign/benign (371).png,/content/drive/MyDrive/BUSI-XAI/data/processed/masks/benign/benign (371)_mask.png,1,/content/drive/MyDrive/BUSI-XAI/data/raw/benign/benign (371)_mask.png,756,589,756,589,False,82703,0.1857309043217362,20d6d5e00e42385d518e4280a8ee2070f4abe97de83a7b81f2ad3f64a1744af7,True,,train
benign (347),benign,/content/drive/MyDrive/BUSI-XAI/data/raw/benign/benign (347).png,/content/drive/MyDrive/BUSI-XAI/data/processed/images/benign/benign (347).png,/content/drive/MyDrive/BUSI-XAI/data/processed/masks/benign/benign (347)_mask.png,1,/content/drive/MyDrive/BUSI-XAI/data/raw/benign/benign (347)_mask.png,605,683,605,683,False,6176,0.0149462144404244,2d6ce7091b1e222d94f88a146c41b8c4b006c22386ecf27cb6e5e058c822614b,True,,train
benign (116),benign,/content/drive/MyDrive/BUSI-XAI/data/raw/benign/benign (116).png,/content/drive/MyDrive/BUSI-XAI/data/processed/images/benign/benign (116).png,/content/drive/MyDrive/BUSI-XAI/data/processed/masks/benign/benign (116)_mask.png,1,/content/drive/MyDrive/BUSI-XAI/data/raw/benign/benign (116)_mask.png,766,588,766,588,False,5501,0.0122133709880819,d28dc6d3cf375ca9ca249fe94ea2c0d93a894188a2bb234f4c492fd9ad6a51b7,True,,train
malignant (136),malignant,/content/drive/MyDrive/BUSI-XAI/data/raw/malignant/malignant (136).png,/content/drive/MyDrive/BUSI-XAI/data/processed/images/malignant/malignant (136).png,/content/drive/MyDrive/BUSI-XAI/data/processed/masks/malignant/malignant (136)_mask.png,1,/content/drive/MyDrive/BUSI-XAI/data/raw/malignant/malignant (136)_mask.png,190,335,190,335,False,4971,0.0780989787902592,5f74c98b0c3c53f86312a3ed2f1ca4d4786d9fab45cbdde60ab12b3f914c329a,True,,train
benign (160),benign,/content/drive/MyDrive/BUSI-XAI/data/raw/benign/benign (160).png,/content/drive/MyDrive/BUSI-XAI/data/processed/images/benign/benign (160).png,/content/drive/MyDrive/BUSI-XAI/data/processed/masks/benign/benign (160)_mask.png,1,/content/drive/MyDrive/BUSI-XAI/data/raw/benign/benign (160)_mask.png,624,585,624,585,False,3629,0.0099413762875301,f77d513859330447007523741dba8be557537784248b85c554cdcaaf8bbf0eed,True,,train
benign (413),benign,/content/drive/MyDrive/BUSI-XAI/data/raw/benign/benign (413).png,/content/drive/MyDrive/BUSI-XAI/data/processed/images/benign/benign (413).png,/content/drive/MyDrive/BUSI-XAI/data/processed/masks/benign/benign (413)_mask.png,1,/content/drive/MyDrive/BUSI-XAI/data/raw/benign/benign (413)_mask.png,433,478,433,478,False,2227,0.0107598055794447,5fb9c386ea73d58735978109fd483d9e6a44b4e402d36b3f6bd841c87fea5241,True,,train
benign (240),benign,/content/drive/MyDrive/BUSI-XAI/data/raw/benign/benign (240).png,/content/drive/MyDrive/BUSI-XAI/data/processed/images/benign/benign (240).png,/content/drive/MyDrive/BUSI-XAI/data/processed/masks/benign/benign (240)_mask.png,1,/content/drive/MyDrive/BUSI-XAI/data/raw/benign/benign (240)_mask.png,556,473,556,473,False,28187,0.10717979527583,6ab828012a997ab134347e091ee7be09a43fe3c133a164d8d796bcc78fc1874d,True,,train
benign (315),benign,/content/drive/MyDrive/BUSI-XAI/data/raw/benign/benign (315).png,/content/drive/MyDrive/BUSI-XAI/data/processed/images/benign/benign (315).png,/content/drive/MyDrive/BUSI-XAI/data/processed/masks/benign/benign (315)_mask.png,2,/content/drive/MyDrive/BUSI-XAI/data/raw/benign/benign (315)_mask.png;/content/drive/MyDrive/BUSI-XAI/data/raw/benign/benign (315)_mask_1.png,551,470,551,470,False,8256,0.0318801405568212,852e1f5d09cf253a2d51774361063468a3d54bfb0e1624c7fdc1cbc92e0886e5,True,,train
benign (52),benign,/content/drive/MyDrive/BUSI-XAI/data/raw/benign/benign (52).png,/content/drive/MyDrive/BUSI-XAI/data/processed/images/benign/benign (52).png,/content/drive/MyDrive/BUSI-XAI/data/processed/masks/benign/benign (52)_mask.png,1,/content/drive/MyDrive/BUSI-XAI/data/raw/benign/benign (52)_mask.png,370,338,370,338,False,1284,0.0102670718055333,78a10afbdd20ddaa58226a9e610a587ef1c6068a8ab056aa12a39c8f327b3b92,True,,train
benign (209),benign,/content/drive/MyDrive/BUSI-XAI/data/raw/benign/benign (209).png,/content/drive/MyDrive/BUSI-XAI/data/processed/images/benign/benign (209).png,/content/drive/MyDrive/BUSI-XAI/data/processed/masks/benign/benign (209)_mask.png,1,/content/drive/MyDrive/BUSI-XAI/data/raw/benign/benign (209)_mask.png,558,477,558,477,False,7707,0.0289556141655959,b98aae3643a1d80904c412187546ffded2479a2eacf16b90342c96f73bf88767,True,,train
malignant (141),malignant,/content/drive/MyDrive/BUSI-XAI/data/raw/malignant/malignant (141).png,/content/drive/MyDrive/BUSI-XAI/data/processed/images/malignant/malignant (141).png,/content/drive/MyDrive/BUSI-XAI/data/processed/masks/malignant/malignant (141)_mask.png,1,/content/drive/MyDrive/BUSI-XAI/data/raw/malignant/malignant (141)_mask.png,588,434,588,434,False,13438,0.0526583905451581,2a147db60bd4888362f4f78f40c5b6a999179cb08f57b6baf7ab7e07fae40b60,True,,train
malignant (160),malignant,/content/drive/MyDrive/BUSI-XAI/data/raw/malignant/malignant (160).png,/content/drive/MyDrive/BUSI-XAI/data/processed/images/malignant/malignant (160).png,/content/drive/MyDrive/BUSI-XAI/data/processed/masks/malignant/malignant (160)_mask.png,1,/content/drive/MyDrive/BUSI-XAI/data/raw/malignant/malignant (160)_mask.png,626,587,626,587,False,76548,0.2083154176486276,f383418c42eec495e1bcb0ebfbf20d210742bc3321ee7536b6a692b2c78fbe02,True,,train
malignant (208),malignant,/content/drive/MyDrive/BUSI-XAI/data/raw/malignant/malignant (208).png,/content/drive/MyDrive/BUSI-XAI/data/processed/images/malignant/malignant (208).png,/content/drive/MyDrive/BUSI-XAI/data/processed/masks/malignant/malignant (208)_mask.png,1,/content/drive/MyDrive/BUSI-XAI/data/raw/malignant/malignant (208)_mask.png,617,664,617,664,False,145369,0.3548285524594325,572b04b24730bfbd30efddf90a454009759356b3024f3fb3621cb1f6e2b80693,True,,train
malignant (207),malignant,/content/drive/MyDrive/BUSI-XAI/data/raw/malignant/malignant (207).png,/content/drive/MyDrive/BUSI-XAI/data/processed/images/malignant/malignant (207).png,/content/drive/MyDrive/BUSI-XAI/data/processed/masks/malignant/malignant (207)_mask.png,1,/content/drive/MyDrive/BUSI-XAI/data/raw/malignant/malignant (207)_mask.png,557,458,557,458,False,28227,0.110648122741135,20d79aff44c6e65794d5e3b635a2f652af8d96a960aed54a44feee98fd408ae0,True,,train
benign (437),benign,/content/drive/MyDrive/BUSI-XAI/data/raw/benign/benign (437).png,/content/drive/MyDrive/BUSI-XAI/data/processed/images/benign/benign (437).png,/content/drive/MyDrive/BUSI-XAI/data/processed/masks/benign/benign (437)_mask.png,1,/content/drive/MyDrive/BUSI-XAI/data/raw/benign/benign (437)_mask.png,768,585,768,585,False,1757,0.0039107015669515,4c2fe6a4dec22e55775d155b9c41653ba6885fffacd225f387f0600ac9102c8a,True,,train
malignant (15),malignant,/content/drive/MyDrive/BUSI-XAI/data/raw/malignant/malignant (15).png,/content/drive/MyDrive/BUSI-XAI/data/processed/images/malignant/malignant (15).png,/content/drive/MyDrive/BUSI-XAI/data/processed/masks/malignant/malignant (15)_mask.png,1,/content/drive/MyDrive/BUSI-XAI/data/raw/malignant/malignant (15)_mask.png,361,398,361,398,False,37600,0.2616962930998482,d396fd284162eb14590ec83abf1a32e68bc9b8f784e3d1052e41eff8644f43af,True,,train
malignant (139),malignant,/content/drive/MyDrive/BUSI-XAI/data/raw/malignant/malignant (139).png,/content/drive/MyDrive/BUSI-XAI/data/processed/images/malignant/malignant (139).png,/content/drive/MyDrive/BUSI-XAI/data/processed/masks/malignant/malignant (139)_mask.png,1,/content/drive/MyDrive/BUSI-XAI/data/raw/malignant/malignant (139)_mask.png,549,474,549,474,False,31649,0.1216212061823184,0b50beee4a0927e397ad4a1ea65095995dfd520dfe0dad30807dbb010b618003,True,,train
benign (257),benign,/content/drive/MyDrive/BUSI-XAI/data/raw/benign/benign (257).png,/content/drive/MyDrive/BUSI-XAI/data/processed/images/benign/benign (257).png,/content/drive/MyDrive/BUSI-XAI/data/processed/masks/benign/benign (257)_mask.png,1,/content/drive/MyDrive/BUSI-XAI/data/raw/benign/benign (257)_mask.png,467,392,467,392,False,4357,0.0238004195254118,a2c0fffcf83fd7d2200a7377f3e634631dc9ad0fd25a6c188ec18a970ec5097c,True,,train
benign (6),benign,/content/drive/MyDrive/BUSI-XAI/data/raw/benign/benign (6).png,/content/drive/MyDrive/BUSI-XAI/data/processed/images/benign/benign (6).png,/content/drive/MyDrive/BUSI-XAI/data/processed/masks/benign/benign (6)_mask.png,1,/content/drive/MyDrive/BUSI-XAI/data/raw/benign/benign (6)_mask.png,558,467,558,467,False,7412,0.0284435848433914,fb6406d1098bce434ae75470fc7c8a421ea161351f9a673c1dde2d1795ce55f8,True,,train
benign (175),benign,/content/drive/MyDrive/BUSI-XAI/data/raw/benign/benign (175).png,/content/drive/MyDrive/BUSI-XAI/data/processed/images/benign/benign (175).png,/content/drive/MyDrive/BUSI-XAI/data/processed/masks/benign/benign (175)_mask.png,1,/content/drive/MyDrive/BUSI-XAI/data/raw/benign/benign (175)_mask.png,765,573,765,573,False,22507,0.0513454014531932,879e1565c3f2783f24c9c1d3c05d1a21054148cc2f862afdebb1744d1747fb8d,True,,train
malignant (84),malignant,/content/drive/MyDrive/BUSI-XAI/data/raw/malignant/malignant (84).png,/content/drive/MyDrive/BUSI-XAI/data/processed/images/malignant/malignant (84).png,/content/drive/MyDrive/BUSI-XAI/data/processed/masks/malignant/malignant (84)_mask.png,1,/content/drive/MyDrive/BUSI-XAI/data/raw/malignant/malignant (84)_mask.png,649,612,649,612,False,39438,0.0992930300009063,955225a2efc0af51f276ce286c7a3a61d20c816f6ab28cb15f43cd8e0a565d05,True,,train
benign (196),benign,/content/drive/MyDrive/BUSI-XAI/data/raw/benign/benign (196).png,/content/drive/MyDrive/BUSI-XAI/data/processed/images/benign/benign (196).png,/content/drive/MyDrive/BUSI-XAI/data/processed/masks/benign/benign (196)_mask.png,1,/content/drive/MyDrive/BUSI-XAI/data/raw/benign/benign (196)_mask.png,766,580,766,580,False,15265,0.034358962816242,4b6124f2b2d3bbae0242fe04848a4077d5890d7cf4775c4704afabb88e18d40a,True,,train
malignant (191),malignant,/content/drive/MyDrive/BUSI-XAI/data/raw/malignant/malignant (191).png,/content/drive/MyDrive/BUSI-XAI/data/processed/images/malignant/malignant (191).png,/content/drive/MyDrive/BUSI-XAI/data/processed/masks/malignant/malignant (191)_mask.png,1,/content/drive/MyDrive/BUSI-XAI/data/raw/malignant/malignant (191)_mask.png,673,471,673,471,False,12415,0.0391661382471615,04bbc8e4a4fe3f59ba75e40f369440144d2b60d328b5a2fa727efc3e66821934,True,,train
malignant (149),malignant,/content/drive/MyDrive/BUSI-XAI/data/raw/malignant/malignant (149).png,/content/drive/MyDrive/BUSI-XAI/data/processed/images/malignant/malignant (149).png,/content/drive/MyDrive/BUSI-XAI/data/processed/masks/malignant/malignant (149)_mask.png,1,/content/drive/MyDrive/BUSI-XAI/data/raw/malignant/malignant (149)_mask.png,763,572,763,572,False,34306,0.0786048813571749,6e68cc80b87dc5105235f63b7024fa0d5f92081e794f91d34893b7d51c4fb46c,True,,train
benign (405),benign,/content/drive/MyDrive/BUSI-XAI/data/raw/benign/benign (405).png,/content/drive/MyDrive/BUSI-XAI/data/processed/images/benign/benign (405).png,/content/drive/MyDrive/BUSI-XAI/data/processed/masks/benign/benign (405)_mask.png,1,/content/drive/MyDrive/BUSI-XAI/data/raw/benign/benign (405)_mask.png,566,465,566,465,False,80623,0.3063300277366161,c38606211b3159edf808c241df2bf331990344ff099a1b8c8f7628d68ffa76bf,True,,train
benign (394),benign,/content/drive/MyDrive/BUSI-XAI/data/raw/benign/benign (394).png,/content/drive/MyDrive/BUSI-XAI/data/processed/images/benign/benign (394).png,/content/drive/MyDrive/BUSI-XAI/data/processed/masks/benign/benign (394)_mask.png,1,/content/drive/MyDrive/BUSI-XAI/data/raw/benign/benign (394)_mask.png,558,468,558,468,False,9743,0.0373089176852617,43f209f6c6ffcd8b483699add386e79c5cb754c5577da921fbd58be46bafd9c9,True,,train
benign (369),benign,/content/drive/MyDrive/BUSI-XAI/data/raw/benign/benign (369).png,/content/drive/MyDrive/BUSI-XAI/data/processed/images/benign/benign (369).png,/content/drive/MyDrive/BUSI-XAI/data/processed/masks/benign/benign (369)_mask.png,1,/content/drive/MyDrive/BUSI-XAI/data/raw/benign/benign (369)_mask.png,772,581,772,581,False,5344,0.0119144230511981,d6a849e925f36103e4ddc4704fe1b57a4e4afb0faef325f0b5a23915d0a85bf4,True,,train
benign (166),benign,/content/drive/MyDrive/BUSI-XAI/data/raw/benign/benign (166).png,/content/drive/MyDrive/BUSI-XAI/data/processed/images/benign/benign (166).png,/content/drive/MyDrive/BUSI-XAI/data/processed/masks/benign/benign (166)_mask.png,1,/content/drive/MyDrive/BUSI-XAI/data/raw/benign/benign (166)_mask.png,555,471,555,471,False,2895,0.0110747690365524,30c74150d47c68add9638415d6bfd77b90d4f93c2ae503d14bfb4c01b04120e2,True,,train
benign (252),benign,/content/drive/MyDrive/BUSI-XAI/data/raw/benign/benign (252).png,/content/drive/MyDrive/BUSI-XAI/data/processed/images/benign/benign (252).png,/content/drive/MyDrive/BUSI-XAI/data/processed/masks/benign/benign (252)_mask.png,1,/content/drive/MyDrive/BUSI-XAI/data/raw/benign/benign (252)_mask.png,473,398,473,398,False,8957,0.0475793343036535,368166d2813e9e350ec7636cf8e4c146f729d7d8b2b94d76cbfc52f45287eeb3,True,,train
benign (289),benign,/content/drive/MyDrive/BUSI-XAI/data/raw/benign/benign (289).png,/content/drive/MyDrive/BUSI-XAI/data/processed/images/benign/benign (289).png,/content/drive/MyDrive/BUSI-XAI/data/processed/masks/benign/benign (289)_mask.png,1,/content/drive/MyDrive/BUSI-XAI/data/raw/benign/benign (289)_mask.png,468,393,468,393,False,18869,0.1025912877057915,461ab9ee6ec3e0ff3f092aff49e030c872380051539c0b454e4720d57e04a4c5,True,,train
benign (139),benign,/content/drive/MyDrive/BUSI-XAI/data/raw/benign/benign (139).png,/content/drive/MyDrive/BUSI-XAI/data/processed/images/benign/benign (139).png,/content/drive/MyDrive/BUSI-XAI/data/processed/masks/benign/benign (139)_mask.png,1,/content/drive/MyDrive/BUSI-XAI/data/raw/benign/benign (139)_mask.png,563,468,563,468,False,10374,0.0393724097098875,803743706bac2257b6fd2d11e29e890376061a30a9afd162982e4c011de483e0,True,,train
malignant (179),malignant,/content/drive/MyDrive/BUSI-XAI/data/raw/malignant/malignant (179).png,/content/drive/MyDrive/BUSI-XAI/data/processed/images/malignant/malignant (179).png,/content/drive/MyDrive/BUSI-XAI/data/processed/masks/malignant/malignant (179)_mask.png,1,/content/drive/MyDrive/BUSI-XAI/data/raw/malignant/malignant (179)_mask.png,432,476,432,476,False,26254,0.1276746809835045,1710726133e5ecdd310e6cd9acf9c59bb4bbd1d0aa7cbd5e2f4275be9bcb7abd,True,,train
malignant (200),malignant,/content/drive/MyDrive/BUSI-XAI/data/raw/malignant/malignant (200).png,/content/drive/MyDrive/BUSI-XAI/data/processed/images/malignant/malignant (200).png,/content/drive/MyDrive/BUSI-XAI/data/processed/masks/malignant/malignant (200)_mask.png,1,/content/drive/MyDrive/BUSI-XAI/data/raw/malignant/malignant (200)_mask.png,438,463,438,463,False,12666,0.0624574691558921,fde271d16a1477ad865b120bdf850c949a10996ccaa0bb0d472a269e88820d53,True,,train
malignant (123),malignant,/content/drive/MyDrive/BUSI-XAI/data/raw/malignant/malignant (123).png,/content/drive/MyDrive/BUSI-XAI/data/processed/images/malignant/malignant (123).png,/content/drive/MyDrive/BUSI-XAI/data/processed/masks/malignant/malignant (123)_mask.png,1,/content/drive/MyDrive/BUSI-XAI/data/raw/malignant/malignant (123)_mask.png,321,483,321,483,False,30076,0.193984894513135,20ba9058e2efb6d3d64bd6b6d05f3f2864f38ffef7fad85e0230d000ed1285bc,True,,train
benign (259),benign,/content/drive/MyDrive/BUSI-XAI/data/raw/benign/benign (259).png,/content/drive/MyDrive/BUSI-XAI/data/processed/images/benign/benign (259).png,/content/drive/MyDrive/BUSI-XAI/data/processed/masks/benign/benign (259)_mask.png,1,/content/drive/MyDrive/BUSI-XAI/data/raw/benign/benign (259)_mask.png,465,390,465,390,False,9303,0.051298593879239,4a6f07aa72cef44fb46fd6fd40f1f5fba71ef50c672370accbb0546a6ff18f52,True,,train
benign (64),benign,/content/drive/MyDrive/BUSI-XAI/data/raw/benign/benign (64).png,/content/drive/MyDrive/BUSI-XAI/data/processed/images/benign/benign (64).png,/content/drive/MyDrive/BUSI-XAI/data/processed/masks/benign/benign (64)_mask.png,1,/content/drive/MyDrive/BUSI-XAI/data/raw/benign/benign (64)_mask.png,610,471,610,471,False,128953,0.4488287912011416,217681d4c986f154afdc8b81a20dcf9d06ea2d2a8909fb1ff28ad1f9b44a0076,True,,train
malignant (111),malignant,/content/drive/MyDrive/BUSI-XAI/data/raw/malignant/malignant (111).png,/content/drive/MyDrive/BUSI-XAI/data/processed/images/malignant/malignant (111).png,/content/drive/MyDrive/BUSI-XAI/data/processed/masks/malignant/malignant (111)_mask.png,1,/content/drive/MyDrive/BUSI-XAI/data/raw/malignant/malignant (111)_mask.png,421,470,421,470,False,41870,0.2116035781068378,06971ff4096c206e480717a64f31776d86ca97b1660d9d637c05b6f865dd7a4c,True,,train
benign (380),benign,/content/drive/MyDrive/BUSI-XAI/data/raw/benign/benign (380).png,/content/drive/MyDrive/BUSI-XAI/data/processed/images/benign/benign (380).png,/content/drive/MyDrive/BUSI-XAI/data/processed/masks/benign/benign (380)_mask.png,1,/content/drive/MyDrive/BUSI-XAI/data/raw/benign/benign (380)_mask.png,750,572,750,572,False,7296,0.017006993006993,689c689c4f69b0444f58590ea00e9801d56946773b1a5c597a1801c99aa49a8a,True,,train
malignant (62),malignant,/content/drive/MyDrive/BUSI-XAI/data/raw/malignant/malignant (62).png,/content/drive/MyDrive/BUSI-XAI/data/processed/images/malignant/malignant (62).png,/content/drive/MyDrive/BUSI-XAI/data/processed/masks/malignant/malignant (62)_mask.png,1,/content/drive/MyDrive/BUSI-XAI/data/raw/malignant/malignant (62)_mask.png,693,565,693,565,False,54345,0.1387963069378998,c9574c79e8c802e949773f498620641b219c5675aea2e5ef84089153cbee04b9,True,,train
benign (31),benign,/content/drive/MyDrive/BUSI-XAI/data/raw/benign/benign (31).png,/content/drive/MyDrive/BUSI-XAI/data/processed/images/benign/benign (31).png,/content/drive/MyDrive/BUSI-XAI/data/processed/masks/benign/benign (31)_mask.png,1,/content/drive/MyDrive/BUSI-XAI/data/raw/benign/benign (31)_mask.png,557,467,557,467,False,1610,0.0061894748172951,77739ecbf66f3d0d89c630ef437e6a7c0013d5e85a3cb85496b1121754962a84,True,,train
benign (304),benign,/content/drive/MyDrive/BUSI-XAI/data/raw/benign/benign (304).png,/content/drive/MyDrive/BUSI-XAI/data/processed/images/benign/benign (304).png,/content/drive/MyDrive/BUSI-XAI/data/processed/masks/benign/benign (304)_mask.png,1,/content/drive/MyDrive/BUSI-XAI/data/raw/benign/benign (304)_mask.png,467,387,467,387,False,19804,0.1095784295824134,e8751f97ae13b7b6f886851ff79d9ffcb1b114b82995c85a4ba8c50a15b5723a,True,,train
benign (122),benign,/content/drive/MyDrive/BUSI-XAI/data/raw/benign/benign (122).png,/content/drive/MyDrive/BUSI-XAI/data/processed/images/benign/benign (122).png,/content/drive/MyDrive/BUSI-XAI/data/processed/masks/benign/benign (122)_mask.png,1,/content/drive/MyDrive/BUSI-XAI/data/raw/benign/benign (122)_mask.png,774,577,774,577,False,14179,0.0317489106534288,89ca6da7a73dc48199911dcfe01bbbc11f50a70d5a4adb38e172824da79f6606,True,,train
malignant (164),malignant,/content/drive/MyDrive/BUSI-XAI/data/raw/malignant/malignant (164).png,/content/drive/MyDrive/BUSI-XAI/data/processed/images/malignant/malignant (164).png,/content/drive/MyDrive/BUSI-XAI/data/processed/masks/malignant/malignant (164)_mask.png,1,/content/drive/MyDrive/BUSI-XAI/data/raw/malignant/malignant (164)_mask.png,551,473,551,473,False,146711,0.5629242238789363,07bd2c0b8d577b29ba347c960adade79c08d7e485f28485d96cae7766eaf818d,True,,train
malignant (170),malignant,/content/drive/MyDrive/BUSI-XAI/data/raw/malignant/malignant (170).png,/content/drive/MyDrive/BUSI-XAI/data/processed/images/malignant/malignant (170).png,/content/drive/MyDrive/BUSI-XAI/data/processed/masks/malignant/malignant (170)_mask.png,1,/content/drive/MyDrive/BUSI-XAI/data/raw/malignant/malignant (170)_mask.png,556,463,556,463,False,82118,0.318994048821418,1f805a71792975ee5b6cda5b2430f10ff68ebd043b5eb7c5fb26e245a88bfe61,True,,train
benign (382),benign,/content/drive/MyDrive/BUSI-XAI/data/raw/benign/benign (382).png,/content/drive/MyDrive/BUSI-XAI/data/processed/images/benign/benign (382).png,/content/drive/MyDrive/BUSI-XAI/data/processed/masks/benign/benign (382)_mask.png,1,/content/drive/MyDrive/BUSI-XAI/data/raw/benign/benign (382)_mask.png,730,475,730,475,False,46809,0.1349935111751982,bf8c0d97caed6fcdf29faafe961fcfea6915dfcfd4737f7f543b26e97156b4ff,True,,train
malignant (148),malignant,/content/drive/MyDrive/BUSI-XAI/data/raw/malignant/malignant (148).png,/content/drive/MyDrive/BUSI-XAI/data/processed/images/malignant/malignant (148).png,/content/drive/MyDrive/BUSI-XAI/data/processed/masks/malignant/malignant (148)_mask.png,1,/content/drive/MyDrive/BUSI-XAI/data/raw/malignant/malignant (148)_mask.png,556,463,556,463,False,2856,0.0110943642494211,92e6b57d74173719646d1b0cec950db906725508a6026bbe6bf2694f0046c413,True,,train
benign (407),benign,/content/drive/MyDrive/BUSI-XAI/data/raw/benign/benign (407).png,/content/drive/MyDrive/BUSI-XAI/data/processed/images/benign/benign (407).png,/content/drive/MyDrive/BUSI-XAI/data/processed/masks/benign/benign (407)_mask.png,1,/content/drive/MyDrive/BUSI-XAI/data/raw/benign/benign (407)_mask.png,560,467,560,467,False,93557,0.3577431936371979,e991467dd8fd9e523b9f9f699ed85c8d07719cf30a5519719d0fe7942e626ee5,True,,train
benign (416),benign,/content/drive/MyDrive/BUSI-XAI/data/raw/benign/benign (416).png,/content/drive/MyDrive/BUSI-XAI/data/processed/images/benign/benign (416).png,/content/drive/MyDrive/BUSI-XAI/data/processed/masks/benign/benign (416)_mask.png,1,/content/drive/MyDrive/BUSI-XAI/data/raw/benign/benign (416)_mask.png,878,574,878,574,False,15080,0.0299222972704832,83326fd0e4396336963d5d82dc8c3ebe7fb94d889bcdcc1111e8ca26b23f39ec,True,,train
benign (108),benign,/content/drive/MyDrive/BUSI-XAI/data/raw/benign/benign (108).png,/content/drive/MyDrive/BUSI-XAI/data/processed/images/benign/benign (108).png,/content/drive/MyDrive/BUSI-XAI/data/processed/masks/benign/benign (108)_mask.png,1,/content/drive/MyDrive/BUSI-XAI/data/raw/benign/benign (108)_mask.png,769,582,769,582,False,13857,0.0309613502607483,31e9c6cb182f60f58ebed596fa0ae62eac067967f94ebfa17282560b2ca07858,True,,train
benign (4),benign,/content/drive/MyDrive/BUSI-XAI/data/raw/benign/benign (4).png,/content/drive/MyDrive/BUSI-XAI/data/processed/images/benign/benign (4).png,/content/drive/MyDrive/BUSI-XAI/data/processed/masks/benign/benign (4)_mask.png,2,/content/drive/MyDrive/BUSI-XAI/data/raw/benign/benign (4)_mask.png;/content/drive/MyDrive/BUSI-XAI/data/raw/benign/benign (4)_mask_1.png,555,465,555,465,False,2608,0.0101055894604281,6549a0053b9b3ae7efb75d0518494e86c49344469eac7ded25818214121046c9,True,,train
benign (317),benign,/content/drive/MyDrive/BUSI-XAI/data/raw/benign/benign (317).png,/content/drive/MyDrive/BUSI-XAI/data/processed/images/benign/benign (317).png,/content/drive/MyDrive/BUSI-XAI/data/processed/masks/benign/benign (317)_mask.png,1,/content/drive/MyDrive/BUSI-XAI/data/raw/benign/benign (317)_mask.png,551,491,551,491,False,22289,0.0823867731693163,8d49427d94085d9eea0c5141eb9d2578359fd61a26931545bbcfaf0925d4ac4c,True,,train
malignant (143),malignant,/content/drive/MyDrive/BUSI-XAI/data/raw/malignant/malignant (143).png,/content/drive/MyDrive/BUSI-XAI/data/processed/images/malignant/malignant (143).png,/content/drive/MyDrive/BUSI-XAI/data/processed/masks/malignant/malignant (143)_mask.png,1,/content/drive/MyDrive/BUSI-XAI/data/raw/malignant/malignant (143)_mask.png,562,467,562,467,False,12321,0.0469453694742697,01c552a05fcfc202b31da13aa8bf58aefc56eca1d94ec8ede245646e4ca01922,True,,train
benign (32),benign,/content/drive/MyDrive/BUSI-XAI/data/raw/benign/benign (32).png,/content/drive/MyDrive/BUSI-XAI/data/processed/images/benign/benign (32).png,/content/drive/MyDrive/BUSI-XAI/data/processed/masks/benign/benign (32)_mask.png,1,/content/drive/MyDrive/BUSI-XAI/data/raw/benign/benign (32)_mask.png,656,611,656,611,False,48240,0.1203544768671909,16c53d580a2ecb9f9473e73508b5bdac0172f6075bf41fef620a55d4bfba7052,True,,train
malignant (122),malignant,/content/drive/MyDrive/BUSI-XAI/data/raw/malignant/malignant (122).png,/content/drive/MyDrive/BUSI-XAI/data/processed/images/malignant/malignant (122).png,/content/drive/MyDrive/BUSI-XAI/data/processed/masks/malignant/malignant (122)_mask.png,1,/content/drive/MyDrive/BUSI-XAI/data/raw/malignant/malignant (122)_mask.png,554,467,554,467,False,50519,0.1952666609976886,877fd074ec0cebeb80e464faa1349123ebd6b88adfce38775d6a6aa6cd7a5964,True,,train
benign (45),benign,/content/drive/MyDrive/BUSI-XAI/data/raw/benign/benign (45).png,/content/drive/MyDrive/BUSI-XAI/data/processed/images/benign/benign (45).png,/content/drive/MyDrive/BUSI-XAI/data/processed/masks/benign/benign (45)_mask.png,1,/content/drive/MyDrive/BUSI-XAI/data/raw/benign/benign (45)_mask.png,775,580,775,580,False,31072,0.0691256952169076,a04b6f87741aa31ff29e672917b7f2411a268c8988a1f79444d0bfef6cc03810,True,,train
benign (329),benign,/content/drive/MyDrive/BUSI-XAI/data/raw/benign/benign (329).png,/content/drive/MyDrive/BUSI-XAI/data/processed/images/benign/benign (329).png,/content/drive/MyDrive/BUSI-XAI/data/processed/masks/benign/benign (329)_mask.png,1,/content/drive/MyDrive/BUSI-XAI/data/raw/benign/benign (329)_mask.png,665,576,665,576,False,2726,0.0071167502088554,bbb39e63e8609eae675cb9d760d363c2719cc5ef1ceb3d627b029edd8818102d,True,,train
benign (149),benign,/content/drive/MyDrive/BUSI-XAI/data/raw/benign/benign (149).png,/content/drive/MyDrive/BUSI-XAI/data/processed/images/benign/benign (149).png,/content/drive/MyDrive/BUSI-XAI/data/processed/masks/benign/benign (149)_mask.png,1,/content/drive/MyDrive/BUSI-XAI/data/raw/benign/benign (149)_mask.png,557,468,557,468,False,9048,0.0347097546379413,c80b7c2b74f1cdb63e7a6ab850f02c02f509d142a7a018883712d614630cab8c,True,,train
benign (400),benign,/content/drive/MyDrive/BUSI-XAI/data/raw/benign/benign (400).png,/content/drive/MyDrive/BUSI-XAI/data/processed/images/benign/benign (400).png,/content/drive/MyDrive/BUSI-XAI/data/processed/masks/benign/benign (400)_mask.png,1,/content/drive/MyDrive/BUSI-XAI/data/raw/benign/benign (400)_mask.png,779,580,779,580,False,167313,0.3703089725997078,f823478e594b3c67cbab51421daa19ac6f4ed48cd03c49594f187a51608c11c5,True,,train
benign (215),benign,/content/drive/MyDrive/BUSI-XAI/data/raw/benign/benign (215).png,/content/drive/MyDrive/BUSI-XAI/data/processed/images/benign/benign (215).png,/content/drive/MyDrive/BUSI-XAI/data/processed/masks/benign/benign (215)_mask.png,1,/content/drive/MyDrive/BUSI-XAI/data/raw/benign/benign (215)_mask.png,600,396,600,396,False,5614,0.0236279461279461,80c6f3dab044132c98cae20d6368d1493d8b199a2b300e8bfa2f5093de0f1274,True,,train
malignant (92),malignant,/content/drive/MyDrive/BUSI-XAI/data/raw/malignant/malignant (92).png,/content/drive/MyDrive/BUSI-XAI/data/processed/images/malignant/malignant (92).png,/content/drive/MyDrive/BUSI-XAI/data/processed/masks/malignant/malignant (92)_mask.png,1,/content/drive/MyDrive/BUSI-XAI/data/raw/malignant/malignant (92)_mask.png,617,581,617,581,False,22068,0.0615604348396131,84b6e081e43c331a6c7e0bcfdbeec1e36ae3344faa4fce5929ee84bf29f13b6b,True,,train
malignant (68),malignant,/content/drive/MyDrive/BUSI-XAI/data/raw/malignant/malignant (68).png,/content/drive/MyDrive/BUSI-XAI/data/processed/images/malignant/malignant (68).png,/content/drive/MyDrive/BUSI-XAI/data/processed/masks/malignant/malignant (68)_mask.png,1,/content/drive/MyDrive/BUSI-XAI/data/raw/malignant/malignant (68)_mask.png,574,464,574,464,False,73482,0.2758996155232488,feb64003680cdfe886f930668a46583226599300c43b80c841b0914ed0735a26,True,,train
malignant (206),malignant,/content/drive/MyDrive/BUSI-XAI/data/raw/malignant/malignant (206).png,/content/drive/MyDrive/BUSI-XAI/data/processed/images/malignant/malignant (206).png,/content/drive/MyDrive/BUSI-XAI/data/processed/masks/malignant/malignant (206)_mask.png,1,/content/drive/MyDrive/BUSI-XAI/data/raw/malignant/malignant (206)_mask.png,792,571,792,571,False,145206,0.3210874064639388,827c34874e81aec87bf58b6c53a85db26666eea2c319c82cb4cd2bf593faf7ae,True,,train
malignant (5),malignant,/content/drive/MyDrive/BUSI-XAI/data/raw/malignant/malignant (5).png,/content/drive/MyDrive/BUSI-XAI/data/processed/images/malignant/malignant (5).png,/content/drive/MyDrive/BUSI-XAI/data/processed/masks/malignant/malignant (5)_mask.png,1,/content/drive/MyDrive/BUSI-XAI/data/raw/malignant/malignant (5)_mask.png,431,476,431,476,False,11825,0.0576390649067051,cf9efce60a9639e9f6482f0dd722baaf88df5625597a4607e23b0b949c5743c7,True,,train
benign (368),benign,/content/drive/MyDrive/BUSI-XAI/data/raw/benign/benign (368).png,/content/drive/MyDrive/BUSI-XAI/data/processed/images/benign/benign (368).png,/content/drive/MyDrive/BUSI-XAI/data/processed/masks/benign/benign (368)_mask.png,1,/content/drive/MyDrive/BUSI-XAI/data/raw/benign/benign (368)_mask.png,689,575,689,575,False,7759,0.0195847794535243,e07cba673c803996921e9804ba5671364d81c3568645db03867e72b7b7a43f27,True,,train
benign (58),benign,/content/drive/MyDrive/BUSI-XAI/data/raw/benign/benign (58).png,/content/drive/MyDrive/BUSI-XAI/data/processed/images/benign/benign (58).png,/content/drive/MyDrive/BUSI-XAI/data/processed/masks/benign/benign (58)_mask.png,2,/content/drive/MyDrive/BUSI-XAI/data/raw/benign/benign (58)_mask.png;/content/drive/MyDrive/BUSI-XAI/data/raw/benign/benign (58)_mask_1.png,781,572,781,572,False,14751,0.0330197971043041,21b5269656facc342dced365401be7e0b8bb197567f23b19a2d8f73ea8750c7c,True,,train
benign (366),benign,/content/drive/MyDrive/BUSI-XAI/data/raw/benign/benign (366).png,/content/drive/MyDrive/BUSI-XAI/data/processed/images/benign/benign (366).png,/content/drive/MyDrive/BUSI-XAI/data/processed/masks/benign/benign (366)_mask.png,1,/content/drive/MyDrive/BUSI-XAI/data/raw/benign/benign (366)_mask.png,562,463,562,463,False,18429,0.0708246543123525,a6d594fb57c1c7b6b0d4758ab36f4daf4d309334ac7fa810539007b80743f8df,True,,train
malignant (9),malignant,/content/drive/MyDrive/BUSI-XAI/data/raw/malignant/malignant (9).png,/content/drive/MyDrive/BUSI-XAI/data/processed/images/malignant/malignant (9).png,/content/drive/MyDrive/BUSI-XAI/data/processed/masks/malignant/malignant (9)_mask.png,1,/content/drive/MyDrive/BUSI-XAI/data/raw/malignant/malignant (9)_mask.png,430,480,430,480,False,10863,0.0526308139534883,09a8e1d1e00decf4b425009593a923b241bdf4e7a3f103551366f18992da9421,True,,train
benign (14),benign,/content/drive/MyDrive/BUSI-XAI/data/raw/benign/benign (14).png,/content/drive/MyDrive/BUSI-XAI/data/processed/images/benign/benign (14).png,/content/drive/MyDrive/BUSI-XAI/data/processed/masks/benign/benign (14)_mask.png,1,/content/drive/MyDrive/BUSI-XAI/data/raw/benign/benign (14)_mask.png,699,531,699,531,False,4380,0.0118005544644083,4bffaa8b1c1d6c6ca926ede76039a59832e5ca7a84e68030f1543eea77c5ab9b,True,,train
benign (38),benign,/content/drive/MyDrive/BUSI-XAI/data/raw/benign/benign (38).png,/content/drive/MyDrive/BUSI-XAI/data/processed/images/benign/benign (38).png,/content/drive/MyDrive/BUSI-XAI/data/processed/masks/benign/benign (38)_mask.png,1,/content/drive/MyDrive/BUSI-XAI/data/raw/benign/benign (38)_mask.png,550,484,550,484,False,6008,0.0225694966190833,7703a0d4ed5904b8cd10872b0812d5f3404393943659ad15f696cb93b21bd609,True,,train
benign (432),benign,/content/drive/MyDrive/BUSI-XAI/data/raw/benign/benign (432).png,/content/drive/MyDrive/BUSI-XAI/data/processed/images/benign/benign (432).png,/content/drive/MyDrive/BUSI-XAI/data/processed/masks/benign/benign (432)_mask.png,1,/content/drive/MyDrive/BUSI-XAI/data/raw/benign/benign (432)_mask.png,469,394,469,394,False,14408,0.0779712748801316,816783faef24fb5da566164d3de60d975e2a8984d4844a944921aefb7733044c,True,,train
benign (313),benign,/content/drive/MyDrive/BUSI-XAI/data/raw/benign/benign (313).png,/content/drive/MyDrive/BUSI-XAI/data/processed/images/benign/benign (313).png,/content/drive/MyDrive/BUSI-XAI/data/processed/masks/benign/benign (313)_mask.png,1,/content/drive/MyDrive/BUSI-XAI/data/raw/benign/benign (313)_mask.png,555,468,555,468,False,5349,0.0205936705936705,6b6c181bfbbee96634daef658fc84321a93cbe5e36fb790417155ea2bd2c2c7f,True,,train
benign (39),benign,/content/drive/MyDrive/BUSI-XAI/data/raw/benign/benign (39).png,/content/drive/MyDrive/BUSI-XAI/data/processed/images/benign/benign (39).png,/content/drive/MyDrive/BUSI-XAI/data/processed/masks/benign/benign (39)_mask.png,1,/content/drive/MyDrive/BUSI-XAI/data/raw/benign/benign (39)_mask.png,578,433,578,433,False,5658,0.0226072224841573,d5bff6b8a43fbd526758dbbde2518e839e6a9d6df55e67248d2bcf2ffca19488,True,,train
malignant (146),malignant,/content/drive/MyDrive/BUSI-XAI/data/raw/malignant/malignant (146).png,/content/drive/MyDrive/BUSI-XAI/data/processed/images/malignant/malignant (146).png,/content/drive/MyDrive/BUSI-XAI/data/processed/masks/malignant/malignant (146)_mask.png,1,/content/drive/MyDrive/BUSI-XAI/data/raw/malignant/malignant (146)_mask.png,575,432,575,432,False,48281,0.1943679549114331,ee257ebb7727445332be548b38123c2219607e25d8ae84baf604892a0e4eb4c6,True,,train
benign (48),benign,/content/drive/MyDrive/BUSI-XAI/data/raw/benign/benign (48).png,/content/drive/MyDrive/BUSI-XAI/data/processed/images/benign/benign (48).png,/content/drive/MyDrive/BUSI-XAI/data/processed/masks/benign/benign (48)_mask.png,1,/content/drive/MyDrive/BUSI-XAI/data/raw/benign/benign (48)_mask.png,775,583,775,583,False,33097,0.0732518120953909,00f93c1326878398648988bfc7fb51a21089454a7f1ba681ef81d2e7e960d4ad,True,,train
benign (101),benign,/content/drive/MyDrive/BUSI-XAI/data/raw/benign/benign (101).png,/content/drive/MyDrive/BUSI-XAI/data/processed/images/benign/benign (101).png,/content/drive/MyDrive/BUSI-XAI/data/processed/masks/benign/benign (101)_mask.png,1,/content/drive/MyDrive/BUSI-XAI/data/raw/benign/benign (101)_mask.png,563,473,563,473,False,4167,0.0156478244379438,737ea97bbe347b92271b4d77b9a95c6534bdb057e569c25e249161db8b442612,True,,train
malignant (135),malignant,/content/drive/MyDrive/BUSI-XAI/data/raw/malignant/malignant (135).png,/content/drive/MyDrive/BUSI-XAI/data/processed/images/malignant/malignant (135).png,/content/drive/MyDrive/BUSI-XAI/data/processed/masks/malignant/malignant (135)_mask.png,1,/content/drive/MyDrive/BUSI-XAI/data/raw/malignant/malignant (135)_mask.png,933,571,933,571,False,38263,0.0718226236665709,0736a47eb124ee726a6424f58da56e630bea2b59a8f2617b9d9400c2961fdd86,True,,train
malignant (22),malignant,/content/drive/MyDrive/BUSI-XAI/data/raw/malignant/malignant (22).png,/content/drive/MyDrive/BUSI-XAI/data/processed/images/malignant/malignant (22).png,/content/drive/MyDrive/BUSI-XAI/data/processed/masks/malignant/malignant (22)_mask.png,1,/content/drive/MyDrive/BUSI-XAI/data/raw/malignant/malignant (22)_mask.png,570,474,570,474,False,41476,0.1535124731660374,4dead9ee872c6663cb63a5cb19866738888b8bec32de4a8be833bcc805c51ef0,True,,train
benign (16),benign,/content/drive/MyDrive/BUSI-XAI/data/raw/benign/benign (16).png,/content/drive/MyDrive/BUSI-XAI/data/processed/images/benign/benign (16).png,/content/drive/MyDrive/BUSI-XAI/data/processed/masks/benign/benign (16)_mask.png,1,/content/drive/MyDrive/BUSI-XAI/data/raw/benign/benign (16)_mask.png,558,462,558,462,False,2309,0.0089566944405654,dfeb05e84bcd1f8df9613a8bb10eeaab50d174249b2f2bc6b7e6087afb20b461,True,,train
benign (177),benign,/content/drive/MyDrive/BUSI-XAI/data/raw/benign/benign (177).png,/content/drive/MyDrive/BUSI-XAI/data/processed/images/benign/benign (177).png,/content/drive/MyDrive/BUSI-XAI/data/processed/masks/benign/benign (177)_mask.png,1,/content/drive/MyDrive/BUSI-XAI/data/raw/benign/benign (177)_mask.png,562,470,562,470,False,2830,0.0107140152949193,d5dc5f9c23a9885240658a693368fdba1dd03e99f12f837a5a460b020d06de63,True,,train
malignant (194),malignant,/content/drive/MyDrive/BUSI-XAI/data/raw/malignant/malignant (194).png,/content/drive/MyDrive/BUSI-XAI/data/processed/images/malignant/malignant (194).png,/content/drive/MyDrive/BUSI-XAI/data/processed/masks/malignant/malignant (194)_mask.png,1,/content/drive/MyDrive/BUSI-XAI/data/raw/malignant/malignant (194)_mask.png,923,555,923,555,False,66499,0.129813670658741,d4da4afeed5921f4164ff7037e586e06eda7869a92d2a8a190efea42363b5619,True,,train
benign (331),benign,/content/drive/MyDrive/BUSI-XAI/data/raw/benign/benign (331).png,/content/drive/MyDrive/BUSI-XAI/data/processed/images/benign/benign (331).png,/content/drive/MyDrive/BUSI-XAI/data/processed/masks/benign/benign (331)_mask.png,1,/content/drive/MyDrive/BUSI-XAI/data/raw/benign/benign (331)_mask.png,695,527,695,527,False,6488,0.0177139502818997,bb37f39ff656104fd0e7171da6cb1b1ced50e9e2b08fbf2596859f4d035a38c0,True,,train
malignant (178),malignant,/content/drive/MyDrive/BUSI-XAI/data/raw/malignant/malignant (178).png,/content/drive/MyDrive/BUSI-XAI/data/processed/images/malignant/malignant (178).png,/content/drive/MyDrive/BUSI-XAI/data/processed/masks/malignant/malignant (178)_mask.png,1,/content/drive/MyDrive/BUSI-XAI/data/raw/malignant/malignant (178)_mask.png,562,467,562,467,False,23054,0.0878401548461825,44193b44ac03fd36b5404b9ca930ab03e27503057aed696ca989ba4e7010a12a,True,,train
malignant (165),malignant,/content/drive/MyDrive/BUSI-XAI/data/raw/malignant/malignant (165).png,/content/drive/MyDrive/BUSI-XAI/data/processed/images/malignant/malignant (165).png,/content/drive/MyDrive/BUSI-XAI/data/processed/masks/malignant/malignant (165)_mask.png,1,/content/drive/MyDrive/BUSI-XAI/data/raw/malignant/malignant (165)_mask.png,505,332,505,332,False,70769,0.4220982941667661,305860eef1c4a9b3388d71a06394ce037514644b4bd6d3996ecc05cc50676e8b,True,,train
benign (156),benign,/content/drive/MyDrive/BUSI-XAI/data/raw/benign/benign (156).png,/content/drive/MyDrive/BUSI-XAI/data/processed/images/benign/benign (156).png,/content/drive/MyDrive/BUSI-XAI/data/processed/masks/benign/benign (156)_mask.png,1,/content/drive/MyDrive/BUSI-XAI/data/raw/benign/benign (156)_mask.png,887,581,887,581,False,9573,0.0185758333705251,a835cad5d0f2e47a9d64920abfa7c903e60adc1e1363d968b8b513f9851f427e,True,,train
benign (321),benign,/content/drive/MyDrive/BUSI-XAI/data/raw/benign/benign (321).png,/content/drive/MyDrive/BUSI-XAI/data/processed/images/benign/benign (321).png,/content/drive/MyDrive/BUSI-XAI/data/processed/masks/benign/benign (321)_mask.png,1,/content/drive/MyDrive/BUSI-XAI/data/raw/benign/benign (321)_mask.png,546,467,546,467,False,804,0.0031531637527354,de6b8356dbcc0c2ed85ce698bb9160a782c6d7bf0826dd157f823b63e1662322,True,,train
benign (133),benign,/content/drive/MyDrive/BUSI-XAI/data/raw/benign/benign (133).png,/content/drive/MyDrive/BUSI-XAI/data/processed/images/benign/benign (133).png,/content/drive/MyDrive/BUSI-XAI/data/processed/masks/benign/benign (133)_mask.png,1,/content/drive/MyDrive/BUSI-XAI/data/raw/benign/benign (133)_mask.png,369,342,369,342,False,1202,0.0095247151301922,c54cffcd042f47c126c16b19f27f493495f1fa1d0af3e6aa3b204ab3bca888d0,True,,train
benign (254),benign,/content/drive/MyDrive/BUSI-XAI/data/raw/benign/benign (254).png,/content/drive/MyDrive/BUSI-XAI/data/processed/images/benign/benign (254).png,/content/drive/MyDrive/BUSI-XAI/data/processed/masks/benign/benign (254)_mask.png,1,/content/drive/MyDrive/BUSI-XAI/data/raw/benign/benign (254)_mask.png,473,389,473,389,False,1013,0.0055055245465958,8ec9b0facf53e42c038ad0a159bc56ce7e4279d962aa1514502e12f588b671c3,True,,train
benign (134),benign,/content/drive/MyDrive/BUSI-XAI/data/raw/benign/benign (134).png,/content/drive/MyDrive/BUSI-XAI/data/processed/images/benign/benign (134).png,/content/drive/MyDrive/BUSI-XAI/data/processed/masks/benign/benign (134)_mask.png,1,/content/drive/MyDrive/BUSI-XAI/data/raw/benign/benign (134)_mask.png,378,345,378,345,False,1257,0.0096388313779618,ba2859bef4293375f2d3aa2cdb48aecf43fdfe82c3f38f3be53e969f58715e6d,True,,train
benign (248),benign,/content/drive/MyDrive/BUSI-XAI/data/raw/benign/benign (248).png,/content/drive/MyDrive/BUSI-XAI/data/processed/images/benign/benign (248).png,/content/drive/MyDrive/BUSI-XAI/data/processed/masks/benign/benign (248)_mask.png,1,/content/drive/MyDrive/BUSI-XAI/data/raw/benign/benign (248)_mask.png,472,385,472,385,False,2166,0.0119194364957076,43501be347ed54637ca0abdbdde4f7f47eb6050b8c5c717db73992bc8f96a64d,True,,train
benign (184),benign,/content/drive/MyDrive/BUSI-XAI/data/raw/benign/benign (184).png,/content/drive/MyDrive/BUSI-XAI/data/processed/images/benign/benign (184).png,/content/drive/MyDrive/BUSI-XAI/data/processed/masks/benign/benign (184)_mask.png,1,/content/drive/MyDrive/BUSI-XAI/data/raw/benign/benign (184)_mask.png,349,487,349,487,False,24349,0.1432605920112024,5dfd0531fca57d1305d9f4a59f36017a4814440db5371c16285a92508594e565,True,,train
malignant (11),malignant,/content/drive/MyDrive/BUSI-XAI/data/raw/malignant/malignant (11).png,/content/drive/MyDrive/BUSI-XAI/data/processed/images/malignant/malignant (11).png,/content/drive/MyDrive/BUSI-XAI/data/processed/masks/malignant/malignant (11)_mask.png,1,/content/drive/MyDrive/BUSI-XAI/data/raw/malignant/malignant (11)_mask.png,471,393,471,393,False,11540,0.0623436681199116,6ced814172ddb5ec4f89abdff4fcd4756c8d40d945d174bf9ad4d58a5e9d2d1c,True,,train
benign (376),benign,/content/drive/MyDrive/BUSI-XAI/data/raw/benign/benign (376).png,/content/drive/MyDrive/BUSI-XAI/data/processed/images/benign/benign (376).png,/content/drive/MyDrive/BUSI-XAI/data/processed/masks/benign/benign (376)_mask.png,1,/content/drive/MyDrive/BUSI-XAI/data/raw/benign/benign (376)_mask.png,546,467,546,467,False,58864,0.23085551136943,f002e5faf15e4bbef624610351f04f031293a5e79233706a6969ddf90b94a8d3,True,,train
benign (11),benign,/content/drive/MyDrive/BUSI-XAI/data/raw/benign/benign (11).png,/content/drive/MyDrive/BUSI-XAI/data/processed/images/benign/benign (11).png,/content/drive/MyDrive/BUSI-XAI/data/processed/masks/benign/benign (11)_mask.png,1,/content/drive/MyDrive/BUSI-XAI/data/raw/benign/benign (11)_mask.png,689,587,689,587,False,1951,0.0048239183271808,8d6e322fdac273a60a0076b39c10f0207c8a6127d1a92e1de651a0f27a186dbb,True,,train
benign (357),benign,/content/drive/MyDrive/BUSI-XAI/data/raw/benign/benign (357).png,/content/drive/MyDrive/BUSI-XAI/data/processed/images/benign/benign (357).png,/content/drive/MyDrive/BUSI-XAI/data/processed/masks/benign/benign (357)_mask.png,1,/content/drive/MyDrive/BUSI-XAI/data/raw/benign/benign (357)_mask.png,581,429,581,429,False,9506,0.0381385682590501,50e55a6354401525e89b12691d12afe7a4800f4fb9364db6e58b241a5970dc01,True,,train
benign (5),benign,/content/drive/MyDrive/BUSI-XAI/data/raw/benign/benign (5).png,/content/drive/MyDrive/BUSI-XAI/data/processed/images/benign/benign (5).png,/content/drive/MyDrive/BUSI-XAI/data/processed/masks/benign/benign (5)_mask.png,1,/content/drive/MyDrive/BUSI-XAI/data/raw/benign/benign (5)_mask.png,549,496,549,496,False,3409,0.0125190963041306,d39ae37d754d447a08a4a24fa7a4cd9b47004f4883ddeda47565e8604adbb4d4,True,,train
benign (327),benign,/content/drive/MyDrive/BUSI-XAI/data/raw/benign/benign (327).png,/content/drive/MyDrive/BUSI-XAI/data/processed/images/benign/benign (327).png,/content/drive/MyDrive/BUSI-XAI/data/processed/masks/benign/benign (327)_mask.png,1,/content/drive/MyDrive/BUSI-XAI/data/raw/benign/benign (327)_mask.png,689,578,689,578,False,34279,0.0860758031548656,40b7b39167757f98415da69907e986a82d2f35734fe6ceeffc9d7f5a5e19831a,True,,train
benign (50),benign,/content/drive/MyDrive/BUSI-XAI/data/raw/benign/benign (50).png,/content/drive/MyDrive/BUSI-XAI/data/processed/images/benign/benign (50).png,/content/drive/MyDrive/BUSI-XAI/data/processed/masks/benign/benign (50)_mask.png,1,/content/drive/MyDrive/BUSI-XAI/data/raw/benign/benign (50)_mask.png,884,581,884,581,False,14608,0.0284421460892049,53b253c49c18492a2efc9d3c2a0def1ef29426d2f6424122d49187742e198515,True,,train
malignant (40),malignant,/content/drive/MyDrive/BUSI-XAI/data/raw/malignant/malignant (40).png,/content/drive/MyDrive/BUSI-XAI/data/processed/images/malignant/malignant (40).png,/content/drive/MyDrive/BUSI-XAI/data/processed/masks/malignant/malignant (40)_mask.png,1,/content/drive/MyDrive/BUSI-XAI/data/raw/malignant/malignant (40)_mask.png,548,461,548,461,False,27952,0.1106449008027613,e06b3c394a18d173190d7eddbf248104f35a821bd0a8320a055f288cd163c17d,True,,train
benign (119),benign,/content/drive/MyDrive/BUSI-XAI/data/raw/benign/benign (119).png,/content/drive/MyDrive/BUSI-XAI/data/processed/images/benign/benign (119).png,/content/drive/MyDrive/BUSI-XAI/data/processed/masks/benign/benign (119)_mask.png,1,/content/drive/MyDrive/BUSI-XAI/data/raw/benign/benign (119)_mask.png,762,585,762,585,False,5148,0.0115485564304461,596ffa70be703d31252eebe8cf7b498c623bc8f123fd81ac60eb65357c2c6f32,True,,train
benign (222),benign,/content/drive/MyDrive/BUSI-XAI/data/raw/benign/benign (222).png,/content/drive/MyDrive/BUSI-XAI/data/processed/images/benign/benign (222).png,/content/drive/MyDrive/BUSI-XAI/data/processed/masks/benign/benign (222)_mask.png,1,/content/drive/MyDrive/BUSI-XAI/data/raw/benign/benign (222)_mask.png,605,392,605,392,False,8311,0.0350438522516444,8284c2a1b7b3ea7bd5a2237d819b574f82311c608e82d88eb89e6db8524b39da,True,,train
malignant (152),malignant,/content/drive/MyDrive/BUSI-XAI/data/raw/malignant/malignant (152).png,/content/drive/MyDrive/BUSI-XAI/data/processed/images/malignant/malignant (152).png,/content/drive/MyDrive/BUSI-XAI/data/processed/masks/malignant/malignant (152)_mask.png,1,/content/drive/MyDrive/BUSI-XAI/data/raw/malignant/malignant (152)_mask.png,776,574,776,574,False,96180,0.2159290922806135,bafc2e577c06c3e86cbc220e9a4d01832a79abedc6c0d13c1e2a836e60cd5395,True,,train
benign (89),benign,/content/drive/MyDrive/BUSI-XAI/data/raw/benign/benign (89).png,/content/drive/MyDrive/BUSI-XAI/data/processed/images/benign/benign (89).png,/content/drive/MyDrive/BUSI-XAI/data/processed/masks/benign/benign (89)_mask.png,1,/content/drive/MyDrive/BUSI-XAI/data/raw/benign/benign (89)_mask.png,893,576,893,576,False,8041,0.0156327765335324,70bd99d522139b6ddb0080491c75530afa2f96be6db113b6700b9510def26018,True,,train
benign (100),benign,/content/drive/MyDrive/BUSI-XAI/data/raw/benign/benign (100).png,/content/drive/MyDrive/BUSI-XAI/data/processed/images/benign/benign (100).png,/content/drive/MyDrive/BUSI-XAI/data/processed/masks/benign/benign (100)_mask.png,2,/content/drive/MyDrive/BUSI-XAI/data/raw/benign/benign (100)_mask.png;/content/drive/MyDrive/BUSI-XAI/data/raw/benign/benign (100)_mask_1.png,323,473,323,473,False,10011,0.0655260212463754,22fe3fc5bc7366214a53f9e7468c1a297ed49055a889b1848e5b898c17546ed5,True,,train
benign (403),benign,/content/drive/MyDrive/BUSI-XAI/data/raw/benign/benign (403).png,/content/drive/MyDrive/BUSI-XAI/data/processed/images/benign/benign (403).png,/content/drive/MyDrive/BUSI-XAI/data/processed/masks/benign/benign (403)_mask.png,1,/content/drive/MyDrive/BUSI-XAI/data/raw/benign/benign (403)_mask.png,549,467,549,467,False,35763,0.1394905278431097,68283251e474e7a1f1091607c1340b4f5416f829413585025398105751a2a271,True,,train
benign (70),benign,/content/drive/MyDrive/BUSI-XAI/data/raw/benign/benign (70).png,/content/drive/MyDrive/BUSI-XAI/data/processed/images/benign/benign (70).png,/content/drive/MyDrive/BUSI-XAI/data/processed/masks/benign/benign (70)_mask.png,1,/content/drive/MyDrive/BUSI-XAI/data/raw/benign/benign (70)_mask.png,713,475,713,475,False,3495,0.0103196279619103,f1f501feee59dd2b987efaa8b0b3f0b64627b88aaacae613a3aea9d7c1e54094,True,,train
benign (126),benign,/content/drive/MyDrive/BUSI-XAI/data/raw/benign/benign (126).png,/content/drive/MyDrive/BUSI-XAI/data/processed/images/benign/benign (126).png,/content/drive/MyDrive/BUSI-XAI/data/processed/masks/benign/benign (126)_mask.png,1,/content/drive/MyDrive/BUSI-XAI/data/raw/benign/benign (126)_mask.png,771,570,771,570,False,5662,0.012883700821444,f45071de5f39054e60bd4f1c1ef1f52beeae3eb8e05308e3ae33cd69b902506b,True,,train
malignant (151),malignant,/content/drive/MyDrive/BUSI-XAI/data/raw/malignant/malignant (151).png,/content/drive/MyDrive/BUSI-XAI/data/processed/images/malignant/malignant (151).png,/content/drive/MyDrive/BUSI-XAI/data/processed/masks/malignant/malignant (151)_mask.png,1,/content/drive/MyDrive/BUSI-XAI/data/raw/malignant/malignant (151)_mask.png,513,467,513,467,False,43830,0.1829520267478117,d3b1a74683753e934ed5613968371008323bb40cdcddc7e3dadf13a4f33a5a13,True,,train
malignant (130),malignant,/content/drive/MyDrive/BUSI-XAI/data/raw/malignant/malignant (130).png,/content/drive/MyDrive/BUSI-XAI/data/processed/images/malignant/malignant (130).png,/content/drive/MyDrive/BUSI-XAI/data/processed/masks/malignant/malignant (130)_mask.png,1,/content/drive/MyDrive/BUSI-XAI/data/raw/malignant/malignant (130)_mask.png,555,463,555,463,False,32239,0.1254606658494347,65deee4ebbb83bd6c80a7a6f8e45063940979e597a20eb3eff568c9eaa009f75,True,,train
benign (205),benign,/content/drive/MyDrive/BUSI-XAI/data/raw/benign/benign (205).png,/content/drive/MyDrive/BUSI-XAI/data/processed/images/benign/benign (205).png,/content/drive/MyDrive/BUSI-XAI/data/processed/masks/benign/benign (205)_mask.png,1,/content/drive/MyDrive/BUSI-XAI/data/raw/benign/benign (205)_mask.png,557,477,557,477,False,59848,0.225255844238941,7f30c9d470d325f80e078acd6048e44c3b27c1533c207ee7b7ed083249ae382c,True,,train
malignant (28),malignant,/content/drive/MyDrive/BUSI-XAI/data/raw/malignant/malignant (28).png,/content/drive/MyDrive/BUSI-XAI/data/processed/images/malignant/malignant (28).png,/content/drive/MyDrive/BUSI-XAI/data/processed/masks/malignant/malignant (28)_mask.png,1,/content/drive/MyDrive/BUSI-XAI/data/raw/malignant/malignant (28)_mask.png,562,470,562,470,False,8802,0.0333232376769894,a97368084193cf3eeab6e574fbbd87b29384f53723807e322692f993c297a8a4,True,,train
malignant (45),malignant,/content/drive/MyDrive/BUSI-XAI/data/raw/malignant/malignant (45).png,/content/drive/MyDrive/BUSI-XAI/data/processed/images/malignant/malignant (45).png,/content/drive/MyDrive/BUSI-XAI/data/processed/masks/malignant/malignant (45)_mask.png,1,/content/drive/MyDrive/BUSI-XAI/data/raw/malignant/malignant (45)_mask.png,781,592,781,592,False,80381,0.1738523895214036,03ea54bcd6661d30d173afe5b46bff1aa42ff46d05b2af541b45e36b71d3353f,True,,train
benign (36),benign,/content/drive/MyDrive/BUSI-XAI/data/raw/benign/benign (36).png,/content/drive/MyDrive/BUSI-XAI/data/processed/images/benign/benign (36).png,/content/drive/MyDrive/BUSI-XAI/data/processed/masks/benign/benign (36)_mask.png,1,/content/drive/MyDrive/BUSI-XAI/data/raw/benign/benign (36)_mask.png,526,474,526,474,False,25483,0.1022083714363639,228b28b10464d6ccf02f35fad67b2b8b33e4f93d62f18b3424e466e3c64c3160,True,,train
malignant (35),malignant,/content/drive/MyDrive/BUSI-XAI/data/raw/malignant/malignant (35).png,/content/drive/MyDrive/BUSI-XAI/data/processed/images/malignant/malignant (35).png,/content/drive/MyDrive/BUSI-XAI/data/processed/masks/malignant/malignant (35)_mask.png,1,/content/drive/MyDrive/BUSI-XAI/data/raw/malignant/malignant (35)_mask.png,592,387,592,387,False,40212,0.1755185417976115,ad3cee55cf00ef13e00e11f5f8d0b07528aa53f862f146f45fdf388b099bcc25,True,,train
benign (418),benign,/content/drive/MyDrive/BUSI-XAI/data/raw/benign/benign (418).png,/content/drive/MyDrive/BUSI-XAI/data/processed/images/benign/benign (418).png,/content/drive/MyDrive/BUSI-XAI/data/processed/masks/benign/benign (418)_mask.png,1,/content/drive/MyDrive/BUSI-XAI/data/raw/benign/benign (418)_mask.png,607,414,607,414,False,7406,0.0294709866373787,7e91633815d220f0849a9e9481f702eb6df84e9c46352cb7d824716cfd8a2c64,True,,train
benign (91),benign,/content/drive/MyDrive/BUSI-XAI/data/raw/benign/benign (91).png,/content/drive/MyDrive/BUSI-XAI/data/processed/images/benign/benign (91).png,/content/drive/MyDrive/BUSI-XAI/data/processed/masks/benign/benign (91)_mask.png,1,/content/drive/MyDrive/BUSI-XAI/data/raw/benign/benign (91)_mask.png,806,704,806,704,False,3430,0.0060448623956688,95a058133f8c10954543a1f4cd935bc536987a063dea086d5e71b84f92e01b88,True,,train
benign (236),benign,/content/drive/MyDrive/BUSI-XAI/data/raw/benign/benign (236).png,/content/drive/MyDrive/BUSI-XAI/data/processed/images/benign/benign (236).png,/content/drive/MyDrive/BUSI-XAI/data/processed/masks/benign/benign (236)_mask.png,1,/content/drive/MyDrive/BUSI-XAI/data/raw/benign/benign (236)_mask.png,566,469,566,469,False,80548,0.3034348700716508,18b24b15b4c4ec3738a165fc403ae3d6d0be637142674e2982e1d5438c900742,True,,train
malignant (90),malignant,/content/drive/MyDrive/BUSI-XAI/data/raw/malignant/malignant (90).png,/content/drive/MyDrive/BUSI-XAI/data/processed/images/malignant/malignant (90).png,/content/drive/MyDrive/BUSI-XAI/data/processed/masks/malignant/malignant (90)_mask.png,1,/content/drive/MyDrive/BUSI-XAI/data/raw/malignant/malignant (90)_mask.png,783,587,783,587,False,48021,0.1044795603334051,a40eb1f443cb47470f7f35f001198046ec3180873af3d11fb1ebcce867a43355,True,,train
benign (158),benign,/content/drive/MyDrive/BUSI-XAI/data/raw/benign/benign (158).png,/content/drive/MyDrive/BUSI-XAI/data/processed/images/benign/benign (158).png,/content/drive/MyDrive/BUSI-XAI/data/processed/masks/benign/benign (158)_mask.png,1,/content/drive/MyDrive/BUSI-XAI/data/raw/benign/benign (158)_mask.png,556,464,556,464,False,36491,0.141446756387993,447f3ccdba8148cda912a408928e1720c638b142dc93ab2cf13ee699fecc4a86,True,,train
malignant (156),malignant,/content/drive/MyDrive/BUSI-XAI/data/raw/malignant/malignant (156).png,/content/drive/MyDrive/BUSI-XAI/data/processed/images/malignant/malignant (156).png,/content/drive/MyDrive/BUSI-XAI/data/processed/masks/malignant/malignant (156)_mask.png,1,/content/drive/MyDrive/BUSI-XAI/data/raw/malignant/malignant (156)_mask.png,562,457,562,457,False,108947,0.4241922798383392,3e0884bb4e3ce6df0825018b756aff7f77631f0852bfc48076cf2c614fae6dac,True,,train
malignant (100),malignant,/content/drive/MyDrive/BUSI-XAI/data/raw/malignant/malignant (100).png,/content/drive/MyDrive/BUSI-XAI/data/processed/images/malignant/malignant (100).png,/content/drive/MyDrive/BUSI-XAI/data/processed/masks/malignant/malignant (100)_mask.png,1,/content/drive/MyDrive/BUSI-XAI/data/raw/malignant/malignant (100)_mask.png,557,476,557,476,False,15909,0.0600040734426625,64c3d90f45effae5d977734f865ab1aa6114936d986408180ecdd8591d3a5a93,True,,train
benign (229),benign,/content/drive/MyDrive/BUSI-XAI/data/raw/benign/benign (229).png,/content/drive/MyDrive/BUSI-XAI/data/processed/images/benign/benign (229).png,/content/drive/MyDrive/BUSI-XAI/data/processed/masks/benign/benign (229)_mask.png,1,/content/drive/MyDrive/BUSI-XAI/data/raw/benign/benign (229)_mask.png,564,470,564,470,False,15129,0.0570733363512901,cc7fa4ed1750dc08da0b3f4ccba285f16c8fe6059e3ea76e562f11d47a5d2a9c,True,,train
benign (358),benign,/content/drive/MyDrive/BUSI-XAI/data/raw/benign/benign (358).png,/content/drive/MyDrive/BUSI-XAI/data/processed/images/benign/benign (358).png,/content/drive/MyDrive/BUSI-XAI/data/processed/masks/benign/benign (358)_mask.png,1,/content/drive/MyDrive/BUSI-XAI/data/raw/benign/benign (358)_mask.png,555,467,555,467,False,11560,0.0446013465285413,215cb15c17c72580383ef644d551cca7c983a818514b656cf494c633a9f73c66,True,,train
benign (68),benign,/content/drive/MyDrive/BUSI-XAI/data/raw/benign/benign (68).png,/content/drive/MyDrive/BUSI-XAI/data/processed/images/benign/benign (68).png,/content/drive/MyDrive/BUSI-XAI/data/processed/masks/benign/benign (68)_mask.png,1,/content/drive/MyDrive/BUSI-XAI/data/raw/benign/benign (68)_mask.png,682,587,682,587,False,79154,0.1977199038802599,0a208d83809e691ce549b21b338f45ec003af47746c7630ed4278cc3b5e2ccde,True,,train
malignant (85),malignant,/content/drive/MyDrive/BUSI-XAI/data/raw/malignant/malignant (85).png,/content/drive/MyDrive/BUSI-XAI/data/processed/images/malignant/malignant (85).png,/content/drive/MyDrive/BUSI-XAI/data/processed/masks/malignant/malignant (85)_mask.png,1,/content/drive/MyDrive/BUSI-XAI/data/raw/malignant/malignant (85)_mask.png,733,485,733,485,False,69371,0.1951336830705616,5b4fcfc7b685e3fdf2bb49343eeee4029106d07c52c5fe5033a84d1309114ecf,True,,train
benign (277),benign,/content/drive/MyDrive/BUSI-XAI/data/raw/benign/benign (277).png,/content/drive/MyDrive/BUSI-XAI/data/processed/images/benign/benign (277).png,/content/drive/MyDrive/BUSI-XAI/data/processed/masks/benign/benign (277)_mask.png,1,/content/drive/MyDrive/BUSI-XAI/data/raw/benign/benign (277)_mask.png,556,469,556,469,False,20290,0.077809820373978,ba4447bd6cc74f17d6ca8722a28bc4c3aabd804d5c42dd04a2ae42f91f434d8e,True,,train
benign (287),benign,/content/drive/MyDrive/BUSI-XAI/data/raw/benign/benign (287).png,/content/drive/MyDrive/BUSI-XAI/data/processed/images/benign/benign (287).png,/content/drive/MyDrive/BUSI-XAI/data/processed/masks/benign/benign (287)_mask.png,1,/content/drive/MyDrive/BUSI-XAI/data/raw/benign/benign (287)_mask.png,466,390,466,390,False,21213,0.1167216903268405,45b73425c968dc271e80f8de719e588e947a2c20523ce9bd7600a6280a2dcdc6,True,,train
benign (322),benign,/content/drive/MyDrive/BUSI-XAI/data/raw/benign/benign (322).png,/content/drive/MyDrive/BUSI-XAI/data/processed/images/benign/benign (322).png,/content/drive/MyDrive/BUSI-XAI/data/processed/masks/benign/benign (322)_mask.png,1,/content/drive/MyDrive/BUSI-XAI/data/raw/benign/benign (322)_mask.png,555,491,555,491,False,3168,0.0116254747619309,1fe5239477442d083e292e57e426e0ac973934157e43cb2e07d132681fab1015,True,,train
malignant (61),malignant,/content/drive/MyDrive/BUSI-XAI/data/raw/malignant/malignant (61).png,/content/drive/MyDrive/BUSI-XAI/data/processed/images/malignant/malignant (61).png,/content/drive/MyDrive/BUSI-XAI/data/processed/masks/malignant/malignant (61)_mask.png,1,/content/drive/MyDrive/BUSI-XAI/data/raw/malignant/malignant (61)_mask.png,566,462,566,462,False,8327,0.031844186437826,d87baa617edffea977ad131ae5db172cfe2eab99bce288308886c67bcd16392c,True,,train
benign (198),benign,/content/drive/MyDrive/BUSI-XAI/data/raw/benign/benign (198).png,/content/drive/MyDrive/BUSI-XAI/data/processed/images/benign/benign (198).png,/content/drive/MyDrive/BUSI-XAI/data/processed/masks/benign/benign (198)_mask.png,1,/content/drive/MyDrive/BUSI-XAI/data/raw/benign/benign (198)_mask.png,759,571,759,571,False,41224,0.0951200884194107,de309e9f8de5f441373c2f6b97de437520dfd049997ec4fda8f51c71334243a8,True,,train
benign (354),benign,/content/drive/MyDrive/BUSI-XAI/data/raw/benign/benign (354).png,/content/drive/MyDrive/BUSI-XAI/data/processed/images/benign/benign (354).png,/content/drive/MyDrive/BUSI-XAI/data/processed/masks/benign/benign (354)_mask.png,1,/content/drive/MyDrive/BUSI-XAI/data/raw/benign/benign (354)_mask.png,606,605,606,605,False,32629,0.0889970815263344,c8e41c5181888bef2ccb69bd0142feb6e287d61bba9a3af33522479068b09640,True,,train
malignant (31),malignant,/content/drive/MyDrive/BUSI-XAI/data/raw/malignant/malignant (31).png,/content/drive/MyDrive/BUSI-XAI/data/processed/images/malignant/malignant (31).png,/content/drive/MyDrive/BUSI-XAI/data/processed/masks/malignant/malignant (31)_mask.png,1,/content/drive/MyDrive/BUSI-XAI/data/raw/malignant/malignant (31)_mask.png,723,509,723,509,False,141193,0.3836693323768297,7dec7a0355187bcc135a955ad1837173a9b0073b11efcf4377d7732dcb37d191,True,,train
benign (130),benign,/content/drive/MyDrive/BUSI-XAI/data/raw/benign/benign (130).png,/content/drive/MyDrive/BUSI-XAI/data/processed/images/benign/benign (130).png,/content/drive/MyDrive/BUSI-XAI/data/processed/masks/benign/benign (130)_mask.png,1,/content/drive/MyDrive/BUSI-XAI/data/raw/benign/benign (130)_mask.png,558,474,558,474,False,14986,0.0566595587012083,c0d3fa5eaa1f336263738a906efa7ab3b1565527ffcd099ee8ed0d022b47dce3,True,,train
benign (199),benign,/content/drive/MyDrive/BUSI-XAI/data/raw/benign/benign (199).png,/content/drive/MyDrive/BUSI-XAI/data/processed/images/benign/benign (199).png,/content/drive/MyDrive/BUSI-XAI/data/processed/masks/benign/benign (199)_mask.png,1,/content/drive/MyDrive/BUSI-XAI/data/raw/benign/benign (199)_mask.png,556,473,556,473,False,48810,0.1855978219538534,ed202702e777a103c421664219c8aaab5b1e7a5aae7c276f945e24e282735181,True,,train
benign (392),benign,/content/drive/MyDrive/BUSI-XAI/data/raw/benign/benign (392).png,/content/drive/MyDrive/BUSI-XAI/data/processed/images/benign/benign (392).png,/content/drive/MyDrive/BUSI-XAI/data/processed/masks/benign/benign (392)_mask.png,1,/content/drive/MyDrive/BUSI-XAI/data/raw/benign/benign (392)_mask.png,729,477,729,477,False,88348,0.254068495080996,90057245e4fd7469bec79ffb45f0a7a0f4ed65d5e6e44f5c6ff7c56cdabf18a6,True,,train
malignant (48),malignant,/content/drive/MyDrive/BUSI-XAI/data/raw/malignant/malignant (48).png,/content/drive/MyDrive/BUSI-XAI/data/processed/images/malignant/malignant (48).png,/content/drive/MyDrive/BUSI-XAI/data/processed/masks/malignant/malignant (48)_mask.png,1,/content/drive/MyDrive/BUSI-XAI/data/raw/malignant/malignant (48)_mask.png,552,493,552,493,False,12628,0.0464032689537584,204f8b384bc126c0fa55ad739a668b8bcb69cf934c95fced3af66722d7e19716,True,,train
benign (109),benign,/content/drive/MyDrive/BUSI-XAI/data/raw/benign/benign (109).png,/content/drive/MyDrive/BUSI-XAI/data/processed/images/benign/benign (109).png,/content/drive/MyDrive/BUSI-XAI/data/processed/masks/benign/benign (109)_mask.png,1,/content/drive/MyDrive/BUSI-XAI/data/raw/benign/benign (109)_mask.png,562,470,562,470,False,28435,0.1076512455516014,74aa8cad60ec76274b479b12734cd6fc680e00e691a8e994d80c1662986aaf1e,True,,train
benign (356),benign,/content/drive/MyDrive/BUSI-XAI/data/raw/benign/benign (356).png,/content/drive/MyDrive/BUSI-XAI/data/processed/images/benign/benign (356).png,/content/drive/MyDrive/BUSI-XAI/data/processed/masks/benign/benign (356)_mask.png,1,/content/drive/MyDrive/BUSI-XAI/data/raw/benign/benign (356)_mask.png,556,468,556,468,False,38618,0.1484120395990899,ad4b7511454fe202b9a0dac269e0aab1f1bd9db60d5c92777d674c7c999bccdb,True,,train
benign (267),benign,/content/drive/MyDrive/BUSI-XAI/data/raw/benign/benign (267).png,/content/drive/MyDrive/BUSI-XAI/data/processed/images/benign/benign (267).png,/content/drive/MyDrive/BUSI-XAI/data/processed/masks/benign/benign (267)_mask.png,1,/content/drive/MyDrive/BUSI-XAI/data/raw/benign/benign (267)_mask.png,500,327,500,327,False,6275,0.0383792048929663,5a1ad27e45baed020acd1f731e85261533067d987e172c51d2f682cf18839db1,True,,train
malignant (127),malignant,/content/drive/MyDrive/BUSI-XAI/data/raw/malignant/malignant (127).png,/content/drive/MyDrive/BUSI-XAI/data/processed/images/malignant/malignant (127).png,/content/drive/MyDrive/BUSI-XAI/data/processed/masks/malignant/malignant (127)_mask.png,1,/content/drive/MyDrive/BUSI-XAI/data/raw/malignant/malignant (127)_mask.png,591,464,591,464,False,80644,0.2940807515024213,9f06091cfa51cdb7a8a75e30fd19536d7eb2ad1c51c5bcca0307d88155bc3427,True,,train
benign (69),benign,/content/drive/MyDrive/BUSI-XAI/data/raw/benign/benign (69).png,/content/drive/MyDrive/BUSI-XAI/data/processed/images/benign/benign (69).png,/content/drive/MyDrive/BUSI-XAI/data/processed/masks/benign/benign (69)_mask.png,1,/content/drive/MyDrive/BUSI-XAI/data/raw/benign/benign (69)_mask.png,811,719,811,719,False,5174,0.0088731266367008,6264acc7da488a405dceb13bc54e59aa1500c07d8668b546cec4b0af220de24a,True,,train
benign (46),benign,/content/drive/MyDrive/BUSI-XAI/data/raw/benign/benign (46).png,/content/drive/MyDrive/BUSI-XAI/data/processed/images/benign/benign (46).png,/content/drive/MyDrive/BUSI-XAI/data/processed/masks/benign/benign (46)_mask.png,1,/content/drive/MyDrive/BUSI-XAI/data/raw/benign/benign (46)_mask.png,561,468,561,468,False,2423,0.0092287886405533,dfd389eb67dc3a518900465e30dc4190ef7b5b78563f33ad7c14a23c83e692c4,True,,train
benign (18),benign,/content/drive/MyDrive/BUSI-XAI/data/raw/benign/benign (18).png,/content/drive/MyDrive/BUSI-XAI/data/processed/images/benign/benign (18).png,/content/drive/MyDrive/BUSI-XAI/data/processed/masks/benign/benign (18)_mask.png,1,/content/drive/MyDrive/BUSI-XAI/data/raw/benign/benign (18)_mask.png,564,469,564,469,False,52485,0.1984189992287801,dc8d007f2570c7536d7e96320f73f229138fe3486bbbf089ed99f01686b98359,True,,train
benign (20),benign,/content/drive/MyDrive/BUSI-XAI/data/raw/benign/benign (20).png,/content/drive/MyDrive/BUSI-XAI/data/processed/images/benign/benign (20).png,/content/drive/MyDrive/BUSI-XAI/data/processed/masks/benign/benign (20)_mask.png,1,/content/drive/MyDrive/BUSI-XAI/data/raw/benign/benign (20)_mask.png,319,473,319,473,False,6488,0.0429990655258571,f9e6bc3e2b3809d37fe305b0f66ab6c87d4bd3391b701de8bd4477bac4725182,True,,train
malignant (169),malignant,/content/drive/MyDrive/BUSI-XAI/data/raw/malignant/malignant (169).png,/content/drive/MyDrive/BUSI-XAI/data/processed/images/malignant/malignant (169).png,/content/drive/MyDrive/BUSI-XAI/data/processed/masks/malignant/malignant (169)_mask.png,1,/content/drive/MyDrive/BUSI-XAI/data/raw/malignant/malignant (169)_mask.png,557,463,557,463,False,1305,0.0050602774040195,a99017f23def8a1c165fad14ee7ad8b3e7229cfa90bafbb920dbb632b8959e16,True,,train
benign (203),benign,/content/drive/MyDrive/BUSI-XAI/data/raw/benign/benign (203).png,/content/drive/MyDrive/BUSI-XAI/data/processed/images/benign/benign (203).png,/content/drive/MyDrive/BUSI-XAI/data/processed/masks/benign/benign (203)_mask.png,1,/content/drive/MyDrive/BUSI-XAI/data/raw/benign/benign (203)_mask.png,569,471,569,471,False,27411,0.1022802323889268,aec586768ea67bed2cf166c117bdfb62ab488725f50bf93549f6de56afd0ef40,True,,train
malignant (80),malignant,/content/drive/MyDrive/BUSI-XAI/data/raw/malignant/malignant (80).png,/content/drive/MyDrive/BUSI-XAI/data/processed/images/malignant/malignant (80).png,/content/drive/MyDrive/BUSI-XAI/data/processed/masks/malignant/malignant (80)_mask.png,1,/content/drive/MyDrive/BUSI-XAI/data/raw/malignant/malignant (80)_mask.png,643,443,643,443,False,28029,0.098399502894516,f06036bed901078963ee4d02d36bd7ae40d7a606193faae3d20cef7b1522355e,True,,train
benign (266),benign,/content/drive/MyDrive/BUSI-XAI/data/raw/benign/benign (266).png,/content/drive/MyDrive/BUSI-XAI/data/processed/images/benign/benign (266).png,/content/drive/MyDrive/BUSI-XAI/data/processed/masks/benign/benign (266)_mask.png,1,/content/drive/MyDrive/BUSI-XAI/data/raw/benign/benign (266)_mask.png,462,389,462,389,False,7896,0.0439354989483524,7373f85bcfe9a63fd74cca11ed56bf1e728b5731f616e60950c247e616381f53,True,,train
benign (44),benign,/content/drive/MyDrive/BUSI-XAI/data/raw/benign/benign (44).png,/content/drive/MyDrive/BUSI-XAI/data/processed/images/benign/benign (44).png,/content/drive/MyDrive/BUSI-XAI/data/processed/masks/benign/benign (44)_mask.png,1,/content/drive/MyDrive/BUSI-XAI/data/raw/benign/benign (44)_mask.png,777,580,777,580,False,6065,0.0134580393201082,e64a89ab7e24bef62a1bfa6065eb809e5685609b7d8ac74331e8b518610a18b4,True,,train
benign (129),benign,/content/drive/MyDrive/BUSI-XAI/data/raw/benign/benign (129).png,/content/drive/MyDrive/BUSI-XAI/data/processed/images/benign/benign (129).png,/content/drive/MyDrive/BUSI-XAI/data/processed/masks/benign/benign (129)_mask.png,1,/content/drive/MyDrive/BUSI-XAI/data/raw/benign/benign (129)_mask.png,775,587,775,587,False,6490,0.014266087816673,4fc66ba07aa894513037cfaeea4a37e9f7a9df7caafbefe7e8fc0a7f641fd27f,True,,train
malignant (120),malignant,/content/drive/MyDrive/BUSI-XAI/data/raw/malignant/malignant (120).png,/content/drive/MyDrive/BUSI-XAI/data/processed/images/malignant/malignant (120).png,/content/drive/MyDrive/BUSI-XAI/data/processed/masks/malignant/malignant (120)_mask.png,1,/content/drive/MyDrive/BUSI-XAI/data/raw/malignant/malignant (120)_mask.png,564,470,564,470,False,45152,0.1703334842311755,a8f07359654ac200b3e55e4f4aa76a573f9b994dec156e084a24b20a87b7ae3b,True,,train
benign (430),benign,/content/drive/MyDrive/BUSI-XAI/data/raw/benign/benign (430).png,/content/drive/MyDrive/BUSI-XAI/data/processed/images/benign/benign (430).png,/content/drive/MyDrive/BUSI-XAI/data/processed/masks/benign/benign (430)_mask.png,1,/content/drive/MyDrive/BUSI-XAI/data/raw/benign/benign (430)_mask.png,768,581,768,581,False,17936,0.0401965002868617,c7773d68acb77e3ca3aae987b7c3a068385e853fff340660c62682412dfba767,True,,train
malignant (155),malignant,/content/drive/MyDrive/BUSI-XAI/data/raw/malignant/malignant (155).png,/content/drive/MyDrive/BUSI-XAI/data/processed/images/malignant/malignant (155).png,/content/drive/MyDrive/BUSI-XAI/data/processed/masks/malignant/malignant (155)_mask.png,1,/content/drive/MyDrive/BUSI-XAI/data/raw/malignant/malignant (155)_mask.png,551,487,551,487,False,38117,0.1420489906349105,75442df41aec7c7a2aecdab885117ba44370b729446dbfd425c1c96e19bcafd3,True,,train
benign (187),benign,/content/drive/MyDrive/BUSI-XAI/data/raw/benign/benign (187).png,/content/drive/MyDrive/BUSI-XAI/data/processed/images/benign/benign (187).png,/content/drive/MyDrive/BUSI-XAI/data/processed/masks/benign/benign (187)_mask.png,1,/content/drive/MyDrive/BUSI-XAI/data/raw/benign/benign (187)_mask.png,730,574,730,574,False,6575,0.0156913751133597,e351ec34e66050e746630f30d1b5d0659564823a8ee09609c446b8e25ea90671,True,,train
benign (231),benign,/content/drive/MyDrive/BUSI-XAI/data/raw/benign/benign (231).png,/content/drive/MyDrive/BUSI-XAI/data/processed/images/benign/benign (231).png,/content/drive/MyDrive/BUSI-XAI/data/processed/masks/benign/benign (231)_mask.png,1,/content/drive/MyDrive/BUSI-XAI/data/raw/benign/benign (231)_mask.png,561,472,561,472,False,14369,0.0542652345992326,f1c17403fd9a10976a632b2abb9935830624351db2f861a19b26ec61d3ea069d,True,,train
benign (279),benign,/content/drive/MyDrive/BUSI-XAI/data/raw/benign/benign (279).png,/content/drive/MyDrive/BUSI-XAI/data/processed/images/benign/benign (279).png,/content/drive/MyDrive/BUSI-XAI/data/processed/masks/benign/benign (279)_mask.png,1,/content/drive/MyDrive/BUSI-XAI/data/raw/benign/benign (279)_mask.png,551,467,551,467,False,11775,0.0457606765196236,8c528eb1845f17fa9d2a5ac654ffbe651b98f58b8637609afd7806c3f5bf44a9,True,,train
malignant (154),malignant,/content/drive/MyDrive/BUSI-XAI/data/raw/malignant/malignant (154).png,/content/drive/MyDrive/BUSI-XAI/data/processed/images/malignant/malignant (154).png,/content/drive/MyDrive/BUSI-XAI/data/processed/masks/malignant/malignant (154)_mask.png,1,/content/drive/MyDrive/BUSI-XAI/data/raw/malignant/malignant (154)_mask.png,556,464,556,464,False,58054,0.2250294591912676,e6151c254d956133e18a52ee9000578a18b8080570893fb2008524e95a420585,True,,train
benign (80),benign,/content/drive/MyDrive/BUSI-XAI/data/raw/benign/benign (80).png,/content/drive/MyDrive/BUSI-XAI/data/processed/images/benign/benign (80).png,/content/drive/MyDrive/BUSI-XAI/data/processed/masks/benign/benign (80)_mask.png,1,/content/drive/MyDrive/BUSI-XAI/data/raw/benign/benign (80)_mask.png,561,473,561,473,False,60746,0.2289252429782214,49aec6747d23345c755e3eccc1c5b4e5599f6191a2a3b2fb018f0b6a3aa8f0a9,True,,train
benign (410),benign,/content/drive/MyDrive/BUSI-XAI/data/raw/benign/benign (410).png,/content/drive/MyDrive/BUSI-XAI/data/processed/images/benign/benign (410).png,/content/drive/MyDrive/BUSI-XAI/data/processed/masks/benign/benign (410)_mask.png,1,/content/drive/MyDrive/BUSI-XAI/data/raw/benign/benign (410)_mask.png,558,468,558,468,False,31697,0.1213774775602732,f5abaf4025a752b0e8fa3896ffa12d71e9101fe6319908db157ea70c4abe1e69,True,,train
benign (411),benign,/content/drive/MyDrive/BUSI-XAI/data/raw/benign/benign (411).png,/content/drive/MyDrive/BUSI-XAI/data/processed/images/benign/benign (411).png,/content/drive/MyDrive/BUSI-XAI/data/processed/masks/benign/benign (411)_mask.png,1,/content/drive/MyDrive/BUSI-XAI/data/raw/benign/benign (411)_mask.png,602,587,602,587,False,40403,0.114334953901532,325329fb7bf84e096e239e1c737888184f6320d62a0608c74a74a568c6ff075b,True,,train
malignant (96),malignant,/content/drive/MyDrive/BUSI-XAI/data/raw/malignant/malignant (96).png,/content/drive/MyDrive/BUSI-XAI/data/processed/images/malignant/malignant (96).png,/content/drive/MyDrive/BUSI-XAI/data/processed/masks/malignant/malignant (96)_mask.png,1,/content/drive/MyDrive/BUSI-XAI/data/raw/malignant/malignant (96)_mask.png,560,483,560,483,False,57534,0.2127107364685004,f067cf003ae6ba561e43107677eaa42c39176609d7736da66ddbbdd76288e9b5,True,,train
benign (281),benign,/content/drive/MyDrive/BUSI-XAI/data/raw/benign/benign (281).png,/content/drive/MyDrive/BUSI-XAI/data/processed/images/benign/benign (281).png,/content/drive/MyDrive/BUSI-XAI/data/processed/masks/benign/benign (281)_mask.png,1,/content/drive/MyDrive/BUSI-XAI/data/raw/benign/benign (281)_mask.png,605,392,605,392,False,12791,0.0539340529600269,369abaa192638552e6ad07a5d8593963564fcfe731e2f8ae7d8bf6eb85dfa48a,True,,train
benign (431),benign,/content/drive/MyDrive/BUSI-XAI/data/raw/benign/benign (431).png,/content/drive/MyDrive/BUSI-XAI/data/processed/images/benign/benign (431).png,/content/drive/MyDrive/BUSI-XAI/data/processed/masks/benign/benign (431)_mask.png,1,/content/drive/MyDrive/BUSI-XAI/data/raw/benign/benign (431)_mask.png,582,431,582,431,False,4066,0.0162094067181731,ba86cd0725900e603208cd0e6cb3e66035b3994eea2eab1f87dd4fa1cfa5fb1b,True,,train
benign (104),benign,/content/drive/MyDrive/BUSI-XAI/data/raw/benign/benign (104).png,/content/drive/MyDrive/BUSI-XAI/data/processed/images/benign/benign (104).png,/content/drive/MyDrive/BUSI-XAI/data/processed/masks/benign/benign (104)_mask.png,1,/content/drive/MyDrive/BUSI-XAI/data/raw/benign/benign (104)_mask.png,777,578,777,578,False,3930,0.0087507180932786,d72c822c09cf7d3b42ab277fb920c3b5a962f8c6ddce4657ff13cde22ef8f142,True,,train
malignant (108),malignant,/content/drive/MyDrive/BUSI-XAI/data/raw/malignant/malignant (108).png,/content/drive/MyDrive/BUSI-XAI/data/processed/images/malignant/malignant (108).png,/content/drive/MyDrive/BUSI-XAI/data/processed/masks/malignant/malignant (108)_mask.png,1,/content/drive/MyDrive/BUSI-XAI/data/raw/malignant/malignant (108)_mask.png,660,459,660,459,False,47983,0.1583911005479633,2b1d403f37f3720a0331dc7e823c45aeaac2fd7a7d831cb87d0aaf14288caec7,True,,train
benign (192),benign,/content/drive/MyDrive/BUSI-XAI/data/raw/benign/benign (192).png,/content/drive/MyDrive/BUSI-XAI/data/processed/images/benign/benign (192).png,/content/drive/MyDrive/BUSI-XAI/data/processed/masks/benign/benign (192)_mask.png,1,/content/drive/MyDrive/BUSI-XAI/data/raw/benign/benign (192)_mask.png,557,474,557,474,False,8201,0.0310622760569355,19d246952289dc56caa26061d725b6cbf910f330c77abbae4bc296dda3abec5b,True,,train
benign (288),benign,/content/drive/MyDrive/BUSI-XAI/data/raw/benign/benign (288).png,/content/drive/MyDrive/BUSI-XAI/data/processed/images/benign/benign (288).png,/content/drive/MyDrive/BUSI-XAI/data/processed/masks/benign/benign (288)_mask.png,1,/content/drive/MyDrive/BUSI-XAI/data/raw/benign/benign (288)_mask.png,463,390,463,390,False,6689,0.0370438057263111,81706fbcd74b529859ba4caca0585bb69897e859e2e4f76df2acd0309a5b59bd,True,,train
benign (71),benign,/content/drive/MyDrive/BUSI-XAI/data/raw/benign/benign (71).png,/content/drive/MyDrive/BUSI-XAI/data/processed/images/benign/benign (71).png,/content/drive/MyDrive/BUSI-XAI/data/processed/masks/benign/benign (71)_mask.png,1,/content/drive/MyDrive/BUSI-XAI/data/raw/benign/benign (71)_mask.png,554,469,554,469,False,2315,0.0089098088720913,5c4f09413447cea78ff2e3e96f353d245f2e09cf9ce614a1a57f3c094182386a,True,,train
benign (275),benign,/content/drive/MyDrive/BUSI-XAI/data/raw/benign/benign (275).png,/content/drive/MyDrive/BUSI-XAI/data/processed/images/benign/benign (275).png,/content/drive/MyDrive/BUSI-XAI/data/processed/masks/benign/benign (275)_mask.png,1,/content/drive/MyDrive/BUSI-XAI/data/raw/benign/benign (275)_mask.png,556,463,556,463,False,7692,0.0298801995120965,cddb1c8a86ddedf5cb3f439260377a2cb756ec665035a8ce0f10fdba74ee767d,True,,train
malignant (205),malignant,/content/drive/MyDrive/BUSI-XAI/data/raw/malignant/malignant (205).png,/content/drive/MyDrive/BUSI-XAI/data/processed/images/malignant/malignant (205).png,/content/drive/MyDrive/BUSI-XAI/data/processed/masks/malignant/malignant (205)_mask.png,1,/content/drive/MyDrive/BUSI-XAI/data/raw/malignant/malignant (205)_mask.png,510,470,510,470,False,87721,0.3659616186900292,241ccf5dbc5b80951dcce81450ff8f3d030c33ceb801155432ac4b4d3a5d12aa,True,,train
benign (125),benign,/content/drive/MyDrive/BUSI-XAI/data/raw/benign/benign (125).png,/content/drive/MyDrive/BUSI-XAI/data/processed/images/benign/benign (125).png,/content/drive/MyDrive/BUSI-XAI/data/processed/masks/benign/benign (125)_mask.png,1,/content/drive/MyDrive/BUSI-XAI/data/raw/benign/benign (125)_mask.png,756,578,756,578,False,4905,0.0112250782666007,56c8dbbcbda427dbf2c093354e26cd1d02ba9c4d30ba2661035b3d56e883c1b7,True,,train
benign (173),benign,/content/drive/MyDrive/BUSI-XAI/data/raw/benign/benign (173).png,/content/drive/MyDrive/BUSI-XAI/data/processed/images/benign/benign (173).png,/content/drive/MyDrive/BUSI-XAI/data/processed/masks/benign/benign (173)_mask.png,2,/content/drive/MyDrive/BUSI-XAI/data/raw/benign/benign (173)_mask.png;/content/drive/MyDrive/BUSI-XAI/data/raw/benign/benign (173)_mask_1.png,726,573,726,573,False,42335,0.1017673161890201,c03f8eedc1ff110714b5ad719ff65e14570c442d0a00e06c34158a419d3c10da,True,,train
malignant (202),malignant,/content/drive/MyDrive/BUSI-XAI/data/raw/malignant/malignant (202).png,/content/drive/MyDrive/BUSI-XAI/data/processed/images/malignant/malignant (202).png,/content/drive/MyDrive/BUSI-XAI/data/processed/masks/malignant/malignant (202)_mask.png,1,/content/drive/MyDrive/BUSI-XAI/data/raw/malignant/malignant (202)_mask.png,550,491,550,491,False,36664,0.1357674504721348,5c9feb09e84e612352a08889067ca1605e5b8e52b1d7137fc67646211cc56c87,True,,train
benign (420),benign,/content/drive/MyDrive/BUSI-XAI/data/raw/benign/benign (420).png,/content/drive/MyDrive/BUSI-XAI/data/processed/images/benign/benign (420).png,/content/drive/MyDrive/BUSI-XAI/data/processed/masks/benign/benign (420)_mask.png,1,/content/drive/MyDrive/BUSI-XAI/data/raw/benign/benign (420)_mask.png,768,574,768,574,False,55571,0.1260593604819976,9e81fbb001c2c571b873753132ac25f4cf08d878d5acbe8aec43acdcce54f262,True,,train
malignant (93),malignant,/content/drive/MyDrive/BUSI-XAI/data/raw/malignant/malignant (93).png,/content/drive/MyDrive/BUSI-XAI/data/processed/images/malignant/malignant (93).png,/content/drive/MyDrive/BUSI-XAI/data/processed/masks/malignant/malignant (93)_mask.png,1,/content/drive/MyDrive/BUSI-XAI/data/raw/malignant/malignant (93)_mask.png,554,470,554,470,False,37501,0.1440241185958983,8f2b84be94b453f53a2cd075b90c1dc2bf432eda8ad09a77a5eb0cb160cbda8d,True,,train
malignant (98),malignant,/content/drive/MyDrive/BUSI-XAI/data/raw/malignant/malignant (98).png,/content/drive/MyDrive/BUSI-XAI/data/processed/images/malignant/malignant (98).png,/content/drive/MyDrive/BUSI-XAI/data/processed/masks/malignant/malignant (98)_mask.png,1,/content/drive/MyDrive/BUSI-XAI/data/raw/malignant/malignant (98)_mask.png,770,486,770,486,False,13241,0.0353829298273742,01140df0b2c491e75afef02c4e6febcfe5b2e76e5a377726bbf5bff817f8c146,True,,train
benign (300),benign,/content/drive/MyDrive/BUSI-XAI/data/raw/benign/benign (300).png,/content/drive/MyDrive/BUSI-XAI/data/processed/images/benign/benign (300).png,/content/drive/MyDrive/BUSI-XAI/data/processed/masks/benign/benign (300)_mask.png,1,/content/drive/MyDrive/BUSI-XAI/data/raw/benign/benign (300)_mask.png,463,387,463,387,False,17160,0.0957690826594337,3eb7301cb9cf04b1981eebf7e5237e08ff95a669a6693e5af8a1eed055b97aba,True,,train
benign (339),benign,/content/drive/MyDrive/BUSI-XAI/data/raw/benign/benign (339).png,/content/drive/MyDrive/BUSI-XAI/data/processed/images/benign/benign (339).png,/content/drive/MyDrive/BUSI-XAI/data/processed/masks/benign/benign (339)_mask.png,1,/content/drive/MyDrive/BUSI-XAI/data/raw/benign/benign (339)_mask.png,557,465,557,465,False,25868,0.0998745197969151,76c70bde05788e123472be116d072d99646d0723758b2d68c2483ec5a819f905,True,,train
malignant (198),malignant,/content/drive/MyDrive/BUSI-XAI/data/raw/malignant/malignant (198).png,/content/drive/MyDrive/BUSI-XAI/data/processed/images/malignant/malignant (198).png,/content/drive/MyDrive/BUSI-XAI/data/processed/masks/malignant/malignant (198)_mask.png,1,/content/drive/MyDrive/BUSI-XAI/data/raw/malignant/malignant (198)_mask.png,616,677,616,677,False,33439,0.0801832952866926,31b6fe0c9909b8491c117a0f2f58160df0d6b2980e15b3a44a8e5f095935bfa2,True,,train
benign (167),benign,/content/drive/MyDrive/BUSI-XAI/data/raw/benign/benign (167).png,/content/drive/MyDrive/BUSI-XAI/data/processed/images/benign/benign (167).png,/content/drive/MyDrive/BUSI-XAI/data/processed/masks/benign/benign (167)_mask.png,1,/content/drive/MyDrive/BUSI-XAI/data/raw/benign/benign (167)_mask.png,566,463,566,463,False,2564,0.0097840935976005,22830f5a866824b7b3c209fee1fe0a8163130acfe0580990747214a2189d7a32,True,,train
malignant (167),malignant,/content/drive/MyDrive/BUSI-XAI/data/raw/malignant/malignant (167).png,/content/drive/MyDrive/BUSI-XAI/data/processed/images/malignant/malignant (167).png,/content/drive/MyDrive/BUSI-XAI/data/processed/masks/malignant/malignant (167)_mask.png,1,/content/drive/MyDrive/BUSI-XAI/data/raw/malignant/malignant (167)_mask.png,563,459,563,459,False,57587,0.2228452462492792,f1422e9c69d54de8e07ac7aca853752ca8bcbdce2c99952edc485f0f57e48ac8,True,,train
benign (261),benign,/content/drive/MyDrive/BUSI-XAI/data/raw/benign/benign (261).png,/content/drive/MyDrive/BUSI-XAI/data/processed/images/benign/benign (261).png,/content/drive/MyDrive/BUSI-XAI/data/processed/masks/benign/benign (261)_mask.png,1,/content/drive/MyDrive/BUSI-XAI/data/raw/benign/benign (261)_mask.png,469,386,469,386,False,22135,0.1222698498624567,e274ae9e6d1c627fa035757c7cb1913d8fa07f023f5e5b153bdc9623c085050a,True,,train
benign (415),benign,/content/drive/MyDrive/BUSI-XAI/data/raw/benign/benign (415).png,/content/drive/MyDrive/BUSI-XAI/data/processed/images/benign/benign (415).png,/content/drive/MyDrive/BUSI-XAI/data/processed/masks/benign/benign (415)_mask.png,1,/content/drive/MyDrive/BUSI-XAI/data/raw/benign/benign (415)_mask.png,781,578,781,578,False,209121,0.463253569862079,1dd953cd0eee558176d6380142344be061d0fee1cc4cdec408dbfecb7387dd9a,True,,train
malignant (6),malignant,/content/drive/MyDrive/BUSI-XAI/data/raw/malignant/malignant (6).png,/content/drive/MyDrive/BUSI-XAI/data/processed/images/malignant/malignant (6).png,/content/drive/MyDrive/BUSI-XAI/data/processed/masks/malignant/malignant (6)_mask.png,1,/content/drive/MyDrive/BUSI-XAI/data/raw/malignant/malignant (6)_mask.png,432,478,432,478,False,12527,0.060664613358128,bce09e99b9cae59be46ef61af2ec9a820f19bb6cc13276324bdc57e8d2a83acf,True,,train
benign (212),benign,/content/drive/MyDrive/BUSI-XAI/data/raw/benign/benign (212).png,/content/drive/MyDrive/BUSI-XAI/data/processed/images/benign/benign (212).png,/content/drive/MyDrive/BUSI-XAI/data/processed/masks/benign/benign (212)_mask.png,1,/content/drive/MyDrive/BUSI-XAI/data/raw/benign/benign (212)_mask.png,558,469,558,469,False,22229,0.0849401227350192,6e14d59baf23ed091eed06c78c8ae33113a59ceb378a037ff64ada2aa3ba8324,True,,train
malignant (134),malignant,/content/drive/MyDrive/BUSI-XAI/data/raw/malignant/malignant (134).png,/content/drive/MyDrive/BUSI-XAI/data/processed/images/malignant/malignant (134).png,/content/drive/MyDrive/BUSI-XAI/data/processed/masks/malignant/malignant (134)_mask.png,1,/content/drive/MyDrive/BUSI-XAI/data/raw/malignant/malignant (134)_mask.png,556,467,556,467,False,16162,0.0622448508003019,5f5b79e7f88ef0444c8ee2364f797ddd3ce7d95a6fc53ddff22502532d0b2775,True,,train
benign (62),benign,/content/drive/MyDrive/BUSI-XAI/data/raw/benign/benign (62).png,/content/drive/MyDrive/BUSI-XAI/data/processed/images/benign/benign (62).png,/content/drive/MyDrive/BUSI-XAI/data/processed/masks/benign/benign (62)_mask.png,1,/content/drive/MyDrive/BUSI-XAI/data/raw/benign/benign (62)_mask.png,389,594,389,594,False,49722,0.2151852717405416,53b23d3784962affa594bcc99b18ad71657a6eb4a4b8d7416639ad72bb5d65fe,True,,train
malignant (115),malignant,/content/drive/MyDrive/BUSI-XAI/data/raw/malignant/malignant (115).png,/content/drive/MyDrive/BUSI-XAI/data/processed/images/malignant/malignant (115).png,/content/drive/MyDrive/BUSI-XAI/data/processed/masks/malignant/malignant (115)_mask.png,1,/content/drive/MyDrive/BUSI-XAI/data/raw/malignant/malignant (115)_mask.png,581,438,581,438,False,20719,0.0814176471050542,4fe36c7097c374349d572adcfc5582a8dd0fb249fb3e33860c1d1f3d7c8bdc5e,True,,train
benign (364),benign,/content/drive/MyDrive/BUSI-XAI/data/raw/benign/benign (364).png,/content/drive/MyDrive/BUSI-XAI/data/processed/images/benign/benign (364).png,/content/drive/MyDrive/BUSI-XAI/data/processed/masks/benign/benign (364)_mask.png,1,/content/drive/MyDrive/BUSI-XAI/data/raw/benign/benign (364)_mask.png,557,465,557,465,False,13366,0.051605181367155,e2ceb96e5999528b6bf728a6b11c71c80477ee1f3954ad380ea469e7dc8fada6,True,,train
benign (61),benign,/content/drive/MyDrive/BUSI-XAI/data/raw/benign/benign (61).png,/content/drive/MyDrive/BUSI-XAI/data/processed/images/benign/benign (61).png,/content/drive/MyDrive/BUSI-XAI/data/processed/masks/benign/benign (61)_mask.png,1,/content/drive/MyDrive/BUSI-XAI/data/raw/benign/benign (61)_mask.png,773,578,773,578,False,19209,0.0429929676763788,8b88e01f70d1c5afde47cd51f8409f867dd5923bff31aa61df233814dce7ebd9,True,,train
benign (353),benign,/content/drive/MyDrive/BUSI-XAI/data/raw/benign/benign (353).png,/content/drive/MyDrive/BUSI-XAI/data/processed/images/benign/benign (353).png,/content/drive/MyDrive/BUSI-XAI/data/processed/masks/benign/benign (353)_mask.png,1,/content/drive/MyDrive/BUSI-XAI/data/raw/benign/benign (353)_mask.png,680,583,680,583,False,4479,0.0112980526687518,76e3943f4b2a67392b2dace34cad3a638cc14cb7d3d7d2aca8f60068c0c17adb,True,,train
