path,filename,width,height,channels,mode,dtype,min,max,mean,std,class
/content/drive/MyDrive/BUSI-XAI/data/raw/benign/benign (1).png,benign (1).png,562,471,3,RGB,uint8,0,255,132.37514639103597,58.393188832411404,benign
/content/drive/MyDrive/BUSI-XAI/data/raw/benign/benign (10).png,benign (10).png,683,585,3,RGB,uint8,0,255,103.24073281525698,58.32429325955035,benign
/content/drive/MyDrive/BUSI-XAI/data/raw/benign/benign (100).png,benign (100).png,323,473,3,RGB,uint8,0,255,90.10784859175672,67.72778108244343,benign
/content/drive/MyDrive/BUSI-XAI/data/raw/benign/benign (101).png,benign (101).png,563,473,3,RGB,uint8,0,255,103.22568991997717,57.23015980029429,benign
/content/drive/MyDrive/BUSI-XAI/data/raw/benign/benign (102).png,benign (102).png,634,610,3,RGB,uint8,0,243,54.33748168450811,37.87714541371237,benign
/content/drive/MyDrive/BUSI-XAI/data/raw/benign/benign (103).png,benign (103).png,766,585,3,RGB,uint8,0,255,89.7612327330343,55.682115311229886,benign
/content/drive/MyDrive/BUSI-XAI/data/raw/benign/benign (104).png,benign (104).png,777,578,3,RGB,uint8,0,255,98.20225737353765,55.69894125405644,benign
/content/drive/MyDrive/BUSI-XAI/data/raw/benign/benign (105).png,benign (105).png,882,581,3,RGB,uint8,0,255,99.87637430187222,56.78538587040805,benign
/content/drive/MyDrive/BUSI-XAI/data/raw/benign/benign (106).png,benign (106).png,808,716,3,RGB,uint8,0,255,73.78538117429062,47.53487336472475,benign
/content/drive/MyDrive/BUSI-XAI/data/raw/benign/benign (107).png,benign (107).png,759,616,3,RGB,uint8,0,255,78.30576587444176,63.36029823248398,benign
/content/drive/MyDrive/BUSI-XAI/data/raw/benign/benign (108).png,benign (108).png,769,582,3,RGB,uint8,0,255,101.42567443772651,41.04822310748662,benign
/content/drive/MyDrive/BUSI-XAI/data/raw/benign/benign (109).png,benign (109).png,562,470,3,RGB,uint8,0,255,75.17331339441205,59.70483653303938,benign
/content/drive/MyDrive/BUSI-XAI/data/raw/benign/benign (11).png,benign (11).png,689,587,3,RGB,uint8,0,255,133.2340181434714,41.628674266992974,benign
/content/drive/MyDrive/BUSI-XAI/data/raw/benign/benign (110).png,benign (110).png,555,468,3,RGB,uint8,0,255,53.54469084469085,47.464732188027774,benign
/content/drive/MyDrive/BUSI-XAI/data/raw/benign/benign (111).png,benign (111).png,315,477,3,RGB,uint8,2,255,101.60301487471298,73.09177970778678,benign
/content/drive/MyDrive/BUSI-XAI/data/raw/benign/benign (112).png,benign (112).png,652,612,3,RGB,uint8,0,240,53.88311229399736,37.93474915394975,benign
/content/drive/MyDrive/BUSI-XAI/data/raw/benign/benign (113).png,benign (113).png,810,695,3,RGB,uint8,2,255,78.77738342659205,46.29727944218466,benign
/content/drive/MyDrive/BUSI-XAI/data/raw/benign/benign (114).png,benign (114).png,757,575,3,RGB,uint8,0,255,100.5756131181437,40.31877139669207,benign
/content/drive/MyDrive/BUSI-XAI/data/raw/benign/benign (115).png,benign (115).png,554,469,3,RGB,uint8,0,255,110.23764750255941,43.5662600700857,benign
/content/drive/MyDrive/BUSI-XAI/data/raw/benign/benign (116).png,benign (116).png,766,588,3,RGB,uint8,0,255,97.14843652865846,42.953976894489045,benign
/content/drive/MyDrive/BUSI-XAI/data/raw/benign/benign (117).png,benign (117).png,806,688,3,RGB,uint8,2,255,82.36780469155751,45.27383205111141,benign
/content/drive/MyDrive/BUSI-XAI/data/raw/benign/benign (118).png,benign (118).png,653,620,3,RGB,uint8,0,244,71.8906683791928,32.33351654877735,benign
/content/drive/MyDrive/BUSI-XAI/data/raw/benign/benign (119).png,benign (119).png,762,585,3,RGB,uint8,0,255,93.76740247212688,44.43448327344943,benign
/content/drive/MyDrive/BUSI-XAI/data/raw/benign/benign (12).png,benign (12).png,678,571,3,RGB,uint8,0,241,87.84399361468003,40.11397540295028,benign
/content/drive/MyDrive/BUSI-XAI/data/raw/benign/benign (120).png,benign (120).png,808,695,3,RGB,uint8,0,255,57.246155352945365,44.71924811895442,benign
/content/drive/MyDrive/BUSI-XAI/data/raw/benign/benign (121).png,benign (121).png,646,610,3,RGB,uint8,0,249,59.48698929097092,36.31880981724728,benign
/content/drive/MyDrive/BUSI-XAI/data/raw/benign/benign (122).png,benign (122).png,774,577,3,RGB,uint8,0,255,87.36271994052817,44.284842858104035,benign
/content/drive/MyDrive/BUSI-XAI/data/raw/benign/benign (123).png,benign (123).png,648,610,3,RGB,uint8,0,242,65.75644100384538,37.22550584982234,benign
/content/drive/MyDrive/BUSI-XAI/data/raw/benign/benign (124).png,benign (124).png,645,614,3,RGB,uint8,0,218,80.26414918061764,34.01903408275147,benign
/content/drive/MyDrive/BUSI-XAI/data/raw/benign/benign (125).png,benign (125).png,756,578,3,RGB,uint8,0,247,81.24226259131103,53.31643714672127,benign
/content/drive/MyDrive/BUSI-XAI/data/raw/benign/benign (126).png,benign (126).png,771,570,3,RGB,uint8,0,251,89.55458848158008,55.87256848877347,benign
/content/drive/MyDrive/BUSI-XAI/data/raw/benign/benign (127).png,benign (127).png,558,476,3,RGB,uint8,0,255,39.512687870847266,47.55942288354587,benign
/content/drive/MyDrive/BUSI-XAI/data/raw/benign/benign (128).png,benign (128).png,549,475,3,RGB,uint8,0,255,64.33810756399194,56.32790507943501,benign
/content/drive/MyDrive/BUSI-XAI/data/raw/benign/benign (129).png,benign (129).png,775,587,3,RGB,uint8,0,255,103.498398637138,63.927748620235654,benign
/content/drive/MyDrive/BUSI-XAI/data/raw/benign/benign (13).png,benign (13).png,678,571,3,RGB,uint8,0,243,67.44167712805253,46.76672752170823,benign
/content/drive/MyDrive/BUSI-XAI/data/raw/benign/benign (130).png,benign (130).png,558,474,3,RGB,uint8,0,255,81.18749149312644,55.738548344753724,benign
/content/drive/MyDrive/BUSI-XAI/data/raw/benign/benign (131).png,benign (131).png,587,435,3,RGB,uint8,0,254,79.11957156004621,55.323802407395874,benign
/content/drive/MyDrive/BUSI-XAI/data/raw/benign/benign (132).png,benign (132).png,552,483,3,RGB,uint8,0,255,59.227668256968826,56.230638957928946,benign
/content/drive/MyDrive/BUSI-XAI/data/raw/benign/benign (133).png,benign (133).png,369,342,3,RGB,uint8,0,255,82.7584034612276,66.45357739539098,benign
/content/drive/MyDrive/BUSI-XAI/data/raw/benign/benign (134).png,benign (134).png,378,345,3,RGB,uint8,0,255,77.5490989954758,61.574523522990354,benign
/content/drive/MyDrive/BUSI-XAI/data/raw/benign/benign (135).png,benign (135).png,776,582,3,RGB,uint8,0,255,83.47392345980799,61.98990447808297,benign
/content/drive/MyDrive/BUSI-XAI/data/raw/benign/benign (136).png,benign (136).png,886,581,3,RGB,uint8,0,255,97.52942696293073,55.298601618762454,benign
/content/drive/MyDrive/BUSI-XAI/data/raw/benign/benign (137).png,benign (137).png,777,578,3,RGB,uint8,0,255,95.26035501641039,66.0994592059663,benign
/content/drive/MyDrive/BUSI-XAI/data/raw/benign/benign (138).png,benign (138).png,766,600,3,RGB,uint8,0,255,71.89360748476936,66.66120167361252,benign
/content/drive/MyDrive/BUSI-XAI/data/raw/benign/benign (139).png,benign (139).png,563,468,3,RGB,uint8,0,255,82.90751241062075,49.14337867135014,benign
/content/drive/MyDrive/BUSI-XAI/data/raw/benign/benign (14).png,benign (14).png,699,531,3,RGB,uint8,0,251,74.23784583303024,36.12151014495162,benign
/content/drive/MyDrive/BUSI-XAI/data/raw/benign/benign (140).png,benign (140).png,452,591,3,RGB,uint8,0,255,91.79549810580536,67.45791347159081,benign
/content/drive/MyDrive/BUSI-XAI/data/raw/benign/benign (141).png,benign (141).png,567,471,3,RGB,uint8,0,255,75.07818930041152,51.98710733097454,benign
/content/drive/MyDrive/BUSI-XAI/data/raw/benign/benign (142).png,benign (142).png,785,582,3,RGB,uint8,0,255,102.54812528728084,54.320252741305296,benign
/content/drive/MyDrive/BUSI-XAI/data/raw/benign/benign (143).png,benign (143).png,554,467,3,RGB,uint8,0,255,118.95931864037291,55.86893543326456,benign
/content/drive/MyDrive/BUSI-XAI/data/raw/benign/benign (144).png,benign (144).png,770,580,3,RGB,uint8,0,243,84.48454321540528,47.051722721547804,benign
/content/drive/MyDrive/BUSI-XAI/data/raw/benign/benign (145).png,benign (145).png,779,574,3,RGB,uint8,0,255,106.57313047639921,58.47993199407805,benign
/content/drive/MyDrive/BUSI-XAI/data/raw/benign/benign (146).png,benign (146).png,449,594,3,RGB,uint8,0,254,70.56130720718694,61.823153794925794,benign
/content/drive/MyDrive/BUSI-XAI/data/raw/benign/benign (147).png,benign (147).png,564,463,3,RGB,uint8,0,255,93.4581284561065,55.74369052776774,benign
/content/drive/MyDrive/BUSI-XAI/data/raw/benign/benign (148).png,benign (148).png,567,463,3,RGB,uint8,0,255,67.9289618735263,51.23597874909289,benign
/content/drive/MyDrive/BUSI-XAI/data/raw/benign/benign (149).png,benign (149).png,557,468,3,RGB,uint8,0,255,73.26592781844128,50.65862552009428,benign
/content/drive/MyDrive/BUSI-XAI/data/raw/benign/benign (15).png,benign (15).png,701,526,3,RGB,uint8,0,253,70.79220342476528,35.05711727488465,benign
/content/drive/MyDrive/BUSI-XAI/data/raw/benign/benign (150).png,benign (150).png,671,570,3,RGB,uint8,0,255,65.77077940753523,38.20452889730977,benign
/content/drive/MyDrive/BUSI-XAI/data/raw/benign/benign (151).png,benign (151).png,560,469,3,RGB,uint8,0,255,122.22674002436796,60.37554060342387,benign
/content/drive/MyDrive/BUSI-XAI/data/raw/benign/benign (152).png,benign (152).png,555,471,3,RGB,uint8,0,255,103.61671735429697,71.28482119397395,benign
/content/drive/MyDrive/BUSI-XAI/data/raw/benign/benign (153).png,benign (153).png,772,574,3,RGB,uint8,0,255,137.52951968731384,51.66084649727795,benign
/content/drive/MyDrive/BUSI-XAI/data/raw/benign/benign (154).png,benign (154).png,556,464,3,RGB,uint8,0,255,116.45143884892086,49.24137688791895,benign
/content/drive/MyDrive/BUSI-XAI/data/raw/benign/benign (155).png,benign (155).png,783,583,3,RGB,uint8,0,255,93.74485913132628,63.2287093478386,benign
/content/drive/MyDrive/BUSI-XAI/data/raw/benign/benign (156).png,benign (156).png,887,581,3,RGB,uint8,0,255,99.14981556116558,56.83293579201916,benign
/content/drive/MyDrive/BUSI-XAI/data/raw/benign/benign (157).png,benign (157).png,567,465,3,RGB,uint8,0,255,82.44951167245074,48.96259969752506,benign
/content/drive/MyDrive/BUSI-XAI/data/raw/benign/benign (158).png,benign (158).png,556,464,3,RGB,uint8,0,255,55.06172088191516,48.88207481791974,benign
/content/drive/MyDrive/BUSI-XAI/data/raw/benign/benign (159).png,benign (159).png,696,574,3,RGB,uint8,0,255,110.71101415755537,45.07701165887194,benign
/content/drive/MyDrive/BUSI-XAI/data/raw/benign/benign (16).png,benign (16).png,558,462,3,RGB,uint8,0,255,121.72148908439232,60.22157660169492,benign
/content/drive/MyDrive/BUSI-XAI/data/raw/benign/benign (160).png,benign (160).png,624,585,3,RGB,uint8,0,255,121.31410256410257,58.2814002176532,benign
/content/drive/MyDrive/BUSI-XAI/data/raw/benign/benign (161).png,benign (161).png,568,463,3,RGB,uint8,0,255,68.94452894472667,45.67823973012312,benign
/content/drive/MyDrive/BUSI-XAI/data/raw/benign/benign (162).png,benign (162).png,549,470,3,RGB,uint8,0,255,106.08173080649537,54.50823374801307,benign
/content/drive/MyDrive/BUSI-XAI/data/raw/benign/benign (163).png,benign (163).png,779,576,3,RGB,uint8,0,255,95.18466962630153,59.267158235309,benign
/content/drive/MyDrive/BUSI-XAI/data/raw/benign/benign (164).png,benign (164).png,560,470,3,RGB,uint8,0,255,72.72534574468085,49.775294944104125,benign
/content/drive/MyDrive/BUSI-XAI/data/raw/benign/benign (165).png,benign (165).png,558,464,3,RGB,uint8,0,255,83.9873818131257,56.31139338286973,benign
/content/drive/MyDrive/BUSI-XAI/data/raw/benign/benign (166).png,benign (166).png,555,471,3,RGB,uint8,0,255,83.30981427287159,43.97481765065505,benign
/content/drive/MyDrive/BUSI-XAI/data/raw/benign/benign (167).png,benign (167).png,566,463,3,RGB,uint8,0,255,123.38127819032428,46.19686566579551,benign
/content/drive/MyDrive/BUSI-XAI/data/raw/benign/benign (168).png,benign (168).png,557,471,3,RGB,uint8,0,255,94.67297891723557,47.21438780863779,benign
/content/drive/MyDrive/BUSI-XAI/data/raw/benign/benign (169).png,benign (169).png,561,469,3,RGB,uint8,0,255,83.29470675651537,53.31652065064,benign
/content/drive/MyDrive/BUSI-XAI/data/raw/benign/benign (17).png,benign (17).png,558,463,3,RGB,uint8,0,255,122.40197558388877,62.37081402595357,benign
/content/drive/MyDrive/BUSI-XAI/data/raw/benign/benign (170).png,benign (170).png,564,468,3,RGB,uint8,0,255,72.95369612656847,48.725088371478925,benign
/content/drive/MyDrive/BUSI-XAI/data/raw/benign/benign (171).png,benign (171).png,566,463,3,RGB,uint8,0,255,98.78131940257501,51.854465519372084,benign
/content/drive/MyDrive/BUSI-XAI/data/raw/benign/benign (172).png,benign (172).png,619,589,3,RGB,uint8,0,255,100.74423394982323,52.60899672497851,benign
/content/drive/MyDrive/BUSI-XAI/data/raw/benign/benign (173).png,benign (173).png,726,573,3,RGB,uint8,0,255,63.11450375562703,50.42047332597292,benign
/content/drive/MyDrive/BUSI-XAI/data/raw/benign/benign (174).png,benign (174).png,556,490,3,RGB,uint8,0,255,64.36268536191454,62.59153922090039,benign
/content/drive/MyDrive/BUSI-XAI/data/raw/benign/benign (175).png,benign (175).png,765,573,3,RGB,uint8,0,255,117.4908850334782,50.78613626567357,benign
/content/drive/MyDrive/BUSI-XAI/data/raw/benign/benign (176).png,benign (176).png,715,487,3,RGB,uint8,8,255,125.18418173202568,53.26173407890401,benign
/content/drive/MyDrive/BUSI-XAI/data/raw/benign/benign (177).png,benign (177).png,562,470,3,RGB,uint8,0,255,76.79336336791096,50.927956639692994,benign
/content/drive/MyDrive/BUSI-XAI/data/raw/benign/benign (178).png,benign (178).png,772,576,3,RGB,uint8,0,255,103.31740473877375,57.9340914929537,benign
/content/drive/MyDrive/BUSI-XAI/data/raw/benign/benign (179).png,benign (179).png,422,468,3,RGB,uint8,0,255,95.93634301454206,68.82090288038401,benign
/content/drive/MyDrive/BUSI-XAI/data/raw/benign/benign (18).png,benign (18).png,564,469,3,RGB,uint8,0,255,103.21951035098066,71.11716746489594,benign
/content/drive/MyDrive/BUSI-XAI/data/raw/benign/benign (180).png,benign (180).png,763,600,3,RGB,uint8,0,255,94.78894932284841,53.52033970066507,benign
/content/drive/MyDrive/BUSI-XAI/data/raw/benign/benign (181).png,benign (181).png,733,455,3,RGB,uint8,0,244,63.77186933121449,46.24044696490661,benign
/content/drive/MyDrive/BUSI-XAI/data/raw/benign/benign (182).png,benign (182).png,555,463,3,RGB,uint8,0,255,94.18403673652054,49.14554453238498,benign
/content/drive/MyDrive/BUSI-XAI/data/raw/benign/benign (183).png,benign (183).png,916,683,3,RGB,uint8,0,229,66.9137938199697,37.73922587787767,benign
/content/drive/MyDrive/BUSI-XAI/data/raw/benign/benign (184).png,benign (184).png,349,487,3,RGB,uint8,0,255,68.60951501209087,63.692119730438414,benign
/content/drive/MyDrive/BUSI-XAI/data/raw/benign/benign (185).png,benign (185).png,752,592,3,RGB,uint8,0,255,105.70415828062104,60.235424272554695,benign
/content/drive/MyDrive/BUSI-XAI/data/raw/benign/benign (186).png,benign (186).png,741,574,3,RGB,uint8,0,255,128.3997376179661,51.58889915618135,benign
/content/drive/MyDrive/BUSI-XAI/data/raw/benign/benign (187).png,benign (187).png,730,574,3,RGB,uint8,0,255,113.93250441506372,54.38393506742278,benign
/content/drive/MyDrive/BUSI-XAI/data/raw/benign/benign (188).png,benign (188).png,655,600,3,RGB,uint8,0,228,35.31050381679389,45.05284123571222,benign
/content/drive/MyDrive/BUSI-XAI/data/raw/benign/benign (189).png,benign (189).png,544,465,3,RGB,uint8,0,255,81.84644212523719,48.36955571409662,benign
/content/drive/MyDrive/BUSI-XAI/data/raw/benign/benign (19).png,benign (19).png,663,572,3,RGB,uint8,0,255,66.45994314885718,38.39958071779875,benign
/content/drive/MyDrive/BUSI-XAI/data/raw/benign/benign (190).png,benign (190).png,734,470,3,RGB,uint8,0,235,68.06888515276248,40.858431348916625,benign
/content/drive/MyDrive/BUSI-XAI/data/raw/benign/benign (191).png,benign (191).png,549,463,3,RGB,uint8,0,255,64.40684614083332,53.791880665492606,benign
/content/drive/MyDrive/BUSI-XAI/data/raw/benign/benign (192).png,benign (192).png,557,474,3,RGB,uint8,0,255,65.83663235082456,49.69665618854407,benign
/content/drive/MyDrive/BUSI-XAI/data/raw/benign/benign (193).png,benign (193).png,754,580,3,RGB,uint8,0,248,86.582740327449,53.977294291323524,benign
/content/drive/MyDrive/BUSI-XAI/data/raw/benign/benign (194).png,benign (194).png,711,492,3,RGB,uint8,0,255,119.82384252112563,58.806212618946084,benign
/content/drive/MyDrive/BUSI-XAI/data/raw/benign/benign (195).png,benign (195).png,729,611,3,RGB,uint8,0,242,54.689447464073154,46.831241284448026,benign
/content/drive/MyDrive/BUSI-XAI/data/raw/benign/benign (196).png,benign (196).png,766,580,3,RGB,uint8,0,255,101.460288556766,51.902027457054146,benign
/content/drive/MyDrive/BUSI-XAI/data/raw/benign/benign (197).png,benign (197).png,547,465,3,RGB,uint8,0,255,92.2717225924397,54.44178119169101,benign
/content/drive/MyDrive/BUSI-XAI/data/raw/benign/benign (198).png,benign (198).png,759,571,3,RGB,uint8,0,252,106.60332864931966,54.30336770407396,benign
/content/drive/MyDrive/BUSI-XAI/data/raw/benign/benign (199).png,benign (199).png,556,473,3,RGB,uint8,0,255,93.71101723272545,47.096792650040726,benign
/content/drive/MyDrive/BUSI-XAI/data/raw/benign/benign (2).png,benign (2).png,557,473,3,RGB,uint8,0,255,127.88180413799385,54.06632222435331,benign
/content/drive/MyDrive/BUSI-XAI/data/raw/benign/benign (20).png,benign (20).png,319,473,3,RGB,uint8,0,255,78.6213457753153,70.25050927757714,benign
/content/drive/MyDrive/BUSI-XAI/data/raw/benign/benign (200).png,benign (200).png,554,473,3,RGB,uint8,0,255,75.21245830821013,45.761217832485414,benign
/content/drive/MyDrive/BUSI-XAI/data/raw/benign/benign (201).png,benign (201).png,556,474,3,RGB,uint8,0,255,121.14734541480739,39.95228872409784,benign
/content/drive/MyDrive/BUSI-XAI/data/raw/benign/benign (202).png,benign (202).png,552,469,3,RGB,uint8,0,255,76.91968341522202,57.00429604589606,benign
/content/drive/MyDrive/BUSI-XAI/data/raw/benign/benign (203).png,benign (203).png,569,471,3,RGB,uint8,0,255,104.0290224963526,62.00560220710827,benign
/content/drive/MyDrive/BUSI-XAI/data/raw/benign/benign (204).png,benign (204).png,560,476,3,RGB,uint8,0,255,78.25762680072029,57.0852456755659,benign
/content/drive/MyDrive/BUSI-XAI/data/raw/benign/benign (205).png,benign (205).png,557,477,3,RGB,uint8,0,255,66.41060789118104,48.42043643093983,benign
/content/drive/MyDrive/BUSI-XAI/data/raw/benign/benign (206).png,benign (206).png,569,485,3,RGB,uint8,0,255,59.25334734477198,54.98728009218368,benign
/content/drive/MyDrive/BUSI-XAI/data/raw/benign/benign (207).png,benign (207).png,562,481,3,RGB,uint8,0,255,57.58144361169272,46.09095566068324,benign
/content/drive/MyDrive/BUSI-XAI/data/raw/benign/benign (208).png,benign (208).png,562,479,3,RGB,uint8,0,255,74.19393903372239,54.864148139214876,benign
/content/drive/MyDrive/BUSI-XAI/data/raw/benign/benign (209).png,benign (209).png,558,477,3,RGB,uint8,0,255,83.02119354087299,62.60452178373038,benign
/content/drive/MyDrive/BUSI-XAI/data/raw/benign/benign (21).png,benign (21).png,558,451,3,RGB,uint8,0,255,119.11903853642642,48.08904791062368,benign
/content/drive/MyDrive/BUSI-XAI/data/raw/benign/benign (210).png,benign (210).png,563,471,3,RGB,uint8,0,255,88.84769942641219,51.226785499216966,benign
/content/drive/MyDrive/BUSI-XAI/data/raw/benign/benign (211).png,benign (211).png,557,465,3,RGB,uint8,0,255,99.00121233180826,61.205448286418275,benign
/content/drive/MyDrive/BUSI-XAI/data/raw/benign/benign (212).png,benign (212).png,558,469,3,RGB,uint8,0,255,96.67359439362328,58.491123164523515,benign
/content/drive/MyDrive/BUSI-XAI/data/raw/benign/benign (213).png,benign (213).png,573,486,3,RGB,uint8,0,241,41.350584247229584,38.130923178959414,benign
/content/drive/MyDrive/BUSI-XAI/data/raw/benign/benign (214).png,benign (214).png,602,396,3,RGB,uint8,0,255,104.95043457834156,43.6401806752736,benign
/content/drive/MyDrive/BUSI-XAI/data/raw/benign/benign (215).png,benign (215).png,600,396,3,RGB,uint8,8,255,105.57599326599326,45.89528979859398,benign
/content/drive/MyDrive/BUSI-XAI/data/raw/benign/benign (216).png,benign (216).png,646,386,3,RGB,uint8,0,255,100.66214969762108,49.82567425712372,benign
/content/drive/MyDrive/BUSI-XAI/data/raw/benign/benign (217).png,benign (217).png,603,396,3,RGB,uint8,0,255,81.64406502839338,40.73809730133343,benign
/content/drive/MyDrive/BUSI-XAI/data/raw/benign/benign (218).png,benign (218).png,602,396,3,RGB,uint8,0,255,86.46267492197725,47.7531134460656,benign
/content/drive/MyDrive/BUSI-XAI/data/raw/benign/benign (219).png,benign (219).png,608,396,3,RGB,uint8,0,246,70.51536333732058,47.900482113944356,benign
/content/drive/MyDrive/BUSI-XAI/data/raw/benign/benign (22).png,benign (22).png,562,463,3,RGB,uint8,0,255,84.0573622437607,58.49339251165434,benign
/content/drive/MyDrive/BUSI-XAI/data/raw/benign/benign (220).png,benign (220).png,609,396,3,RGB,uint8,0,255,96.89179147799837,39.8620718808793,benign
/content/drive/MyDrive/BUSI-XAI/data/raw/benign/benign (221).png,benign (221).png,610,394,3,RGB,uint8,0,255,96.56859449113756,44.85427525648255,benign
/content/drive/MyDrive/BUSI-XAI/data/raw/benign/benign (222).png,benign (222).png,605,392,3,RGB,uint8,8,255,109.5379785798617,40.26793726392662,benign
/content/drive/MyDrive/BUSI-XAI/data/raw/benign/benign (223).png,benign (223).png,562,465,3,RGB,uint8,0,255,89.50241074503501,49.627121959670816,benign
/content/drive/MyDrive/BUSI-XAI/data/raw/benign/benign (224).png,benign (224).png,568,469,3,RGB,uint8,0,255,102.41230592510286,53.02726062838839,benign
/content/drive/MyDrive/BUSI-XAI/data/raw/benign/benign (225).png,benign (225).png,558,473,3,RGB,uint8,0,255,82.36861109216699,52.357231550801764,benign
/content/drive/MyDrive/BUSI-XAI/data/raw/benign/benign (226).png,benign (226).png,555,469,3,RGB,uint8,0,255,107.72915346049675,48.25149437063343,benign
/content/drive/MyDrive/BUSI-XAI/data/raw/benign/benign (227).png,benign (227).png,567,468,3,RGB,uint8,0,255,104.92027691101765,42.434491320993736,benign
/content/drive/MyDrive/BUSI-XAI/data/raw/benign/benign (228).png,benign (228).png,563,469,3,RGB,uint8,0,255,89.02129923839317,57.89305915367331,benign
/content/drive/MyDrive/BUSI-XAI/data/raw/benign/benign (229).png,benign (229).png,564,470,3,RGB,uint8,0,255,85.16665912177456,54.95684231172086,benign
/content/drive/MyDrive/BUSI-XAI/data/raw/benign/benign (23).png,benign (23).png,779,583,3,RGB,uint8,0,255,115.57955288589629,52.451681770962935,benign
/content/drive/MyDrive/BUSI-XAI/data/raw/benign/benign (230).png,benign (230).png,566,470,3,RGB,uint8,0,255,60.51832944891362,43.83470086610695,benign
/content/drive/MyDrive/BUSI-XAI/data/raw/benign/benign (231).png,benign (231).png,561,472,3,RGB,uint8,0,255,121.95968533792562,47.09103043991897,benign
/content/drive/MyDrive/BUSI-XAI/data/raw/benign/benign (232).png,benign (232).png,562,469,3,RGB,uint8,0,255,58.19970558999613,57.17561932748623,benign
/content/drive/MyDrive/BUSI-XAI/data/raw/benign/benign (233).png,benign (233).png,557,471,3,RGB,uint8,0,255,89.00222224763385,64.3561744530142,benign
/content/drive/MyDrive/BUSI-XAI/data/raw/benign/benign (234).png,benign (234).png,562,469,3,RGB,uint8,0,255,57.716042310056224,51.21592378163662,benign
/content/drive/MyDrive/BUSI-XAI/data/raw/benign/benign (235).png,benign (235).png,560,468,3,RGB,uint8,0,255,78.26452991452992,51.08094204220821,benign
/content/drive/MyDrive/BUSI-XAI/data/raw/benign/benign (236).png,benign (236).png,566,469,3,RGB,uint8,0,240,67.41917243665569,36.7676438451599,benign
/content/drive/MyDrive/BUSI-XAI/data/raw/benign/benign (237).png,benign (237).png,558,473,3,RGB,uint8,0,255,92.63825426053484,44.19378541024795,benign
/content/drive/MyDrive/BUSI-XAI/data/raw/benign/benign (238).png,benign (238).png,556,469,3,RGB,uint8,0,255,97.11108511911154,45.80465673049526,benign
/content/drive/MyDrive/BUSI-XAI/data/raw/benign/benign (239).png,benign (239).png,560,473,3,RGB,uint8,0,255,95.16393461189973,47.106575673816806,benign
/content/drive/MyDrive/BUSI-XAI/data/raw/benign/benign (24).png,benign (24).png,556,467,3,RGB,uint8,0,254,83.2423782601328,41.79094723210585,benign
/content/drive/MyDrive/BUSI-XAI/data/raw/benign/benign (240).png,benign (240).png,556,473,3,RGB,uint8,0,255,90.31798028807398,42.970108589248944,benign
/content/drive/MyDrive/BUSI-XAI/data/raw/benign/benign (241).png,benign (241).png,562,471,3,RGB,uint8,0,255,79.84676353030956,44.31082027074882,benign
/content/drive/MyDrive/BUSI-XAI/data/raw/benign/benign (242).png,benign (242).png,556,474,3,RGB,uint8,0,255,111.76849027107428,39.728954484831455,benign
/content/drive/MyDrive/BUSI-XAI/data/raw/benign/benign (243).png,benign (243).png,561,473,3,RGB,uint8,0,255,79.25666941771904,43.03477810516557,benign
/content/drive/MyDrive/BUSI-XAI/data/raw/benign/benign (244).png,benign (244).png,561,475,3,RGB,uint8,0,255,95.1285036119711,40.334790453806654,benign
/content/drive/MyDrive/BUSI-XAI/data/raw/benign/benign (245).png,benign (245).png,560,465,3,RGB,uint8,0,255,86.10819124423963,40.937451301694786,benign
/content/drive/MyDrive/BUSI-XAI/data/raw/benign/benign (246).png,benign (246).png,526,331,3,RGB,uint8,0,255,95.64974785475515,43.99436215580801,benign
/content/drive/MyDrive/BUSI-XAI/data/raw/benign/benign (247).png,benign (247).png,469,396,3,RGB,uint8,0,248,66.25244987185286,36.353003226585685,benign
/content/drive/MyDrive/BUSI-XAI/data/raw/benign/benign (248).png,benign (248).png,472,385,3,RGB,uint8,0,255,92.80290006603566,45.478146834358604,benign
/content/drive/MyDrive/BUSI-XAI/data/raw/benign/benign (249).png,benign (249).png,465,395,3,RGB,uint8,0,255,77.95900367496938,56.771541730371354,benign
/content/drive/MyDrive/BUSI-XAI/data/raw/benign/benign (25).png,benign (25).png,770,583,3,RGB,uint8,0,255,136.44967588157982,52.21977916980997,benign
/content/drive/MyDrive/BUSI-XAI/data/raw/benign/benign (250).png,benign (250).png,469,394,3,RGB,uint8,0,255,103.72597491151927,42.08004166229363,benign
/content/drive/MyDrive/BUSI-XAI/data/raw/benign/benign (251).png,benign (251).png,467,387,3,RGB,uint8,0,255,94.68722783836573,39.73789409384994,benign
/content/drive/MyDrive/BUSI-XAI/data/raw/benign/benign (252).png,benign (252).png,473,398,3,RGB,uint8,0,248,58.27291319175157,42.88186348315525,benign
/content/drive/MyDrive/BUSI-XAI/data/raw/benign/benign (253).png,benign (253).png,463,383,3,RGB,uint8,0,245,43.14177602084261,37.54885901637851,benign
/content/drive/MyDrive/BUSI-XAI/data/raw/benign/benign (254).png,benign (254).png,473,389,3,RGB,uint8,0,255,97.91429208084915,60.952496293288135,benign
/content/drive/MyDrive/BUSI-XAI/data/raw/benign/benign (255).png,benign (255).png,473,389,3,RGB,uint8,0,255,89.68492964559205,42.45249890555881,benign
/content/drive/MyDrive/BUSI-XAI/data/raw/benign/benign (256).png,benign (256).png,469,395,3,RGB,uint8,0,255,58.367865914550215,45.95607745808384,benign
/content/drive/MyDrive/BUSI-XAI/data/raw/benign/benign (257).png,benign (257).png,467,392,3,RGB,uint8,0,255,88.07490276624569,49.79378743987382,benign
/content/drive/MyDrive/BUSI-XAI/data/raw/benign/benign (258).png,benign (258).png,462,389,3,RGB,uint8,0,255,94.53795390556316,46.816566372654115,benign
/content/drive/MyDrive/BUSI-XAI/data/raw/benign/benign (259).png,benign (259).png,465,390,3,RGB,uint8,0,255,84.89005789909015,54.4274978536113,benign
/content/drive/MyDrive/BUSI-XAI/data/raw/benign/benign (26).png,benign (26).png,554,471,3,RGB,uint8,0,255,67.96719093717185,44.35840023285397,benign
/content/drive/MyDrive/BUSI-XAI/data/raw/benign/benign (260).png,benign (260).png,498,331,3,RGB,uint8,0,255,104.7994758490154,43.41427005221296,benign
/content/drive/MyDrive/BUSI-XAI/data/raw/benign/benign (261).png,benign (261).png,469,386,3,RGB,uint8,0,255,57.39064300996866,51.04489774788304,benign
/content/drive/MyDrive/BUSI-XAI/data/raw/benign/benign (262).png,benign (262).png,471,401,3,RGB,uint8,0,255,66.67336435980114,48.69647657012743,benign
/content/drive/MyDrive/BUSI-XAI/data/raw/benign/benign (263).png,benign (263).png,465,390,3,RGB,uint8,0,255,106.57057071960298,47.69598306838672,benign
/content/drive/MyDrive/BUSI-XAI/data/raw/benign/benign (264).png,benign (264).png,462,391,3,RGB,uint8,0,255,92.23133047685478,43.79777706781657,benign
/content/drive/MyDrive/BUSI-XAI/data/raw/benign/benign (265).png,benign (265).png,544,328,3,RGB,uint8,0,255,98.72517261477762,49.6647556075054,benign
/content/drive/MyDrive/BUSI-XAI/data/raw/benign/benign (266).png,benign (266).png,462,389,3,RGB,uint8,0,255,79.81041965746336,44.05853867743078,benign
/content/drive/MyDrive/BUSI-XAI/data/raw/benign/benign (267).png,benign (267).png,500,327,3,RGB,uint8,6,255,108.79326605504588,39.70577055296174,benign
/content/drive/MyDrive/BUSI-XAI/data/raw/benign/benign (268).png,benign (268).png,506,330,3,RGB,uint8,0,255,80.48308180620434,39.97878713524837,benign
/content/drive/MyDrive/BUSI-XAI/data/raw/benign/benign (269).png,benign (269).png,465,390,3,RGB,uint8,0,255,84.31690102012682,51.922766959133035,benign
/content/drive/MyDrive/BUSI-XAI/data/raw/benign/benign (27).png,benign (27).png,774,576,3,RGB,uint8,0,255,117.14259438702268,54.605374011531765,benign
/content/drive/MyDrive/BUSI-XAI/data/raw/benign/benign (270).png,benign (270).png,500,328,3,RGB,uint8,0,255,105.14612804878048,45.282547453852814,benign
/content/drive/MyDrive/BUSI-XAI/data/raw/benign/benign (271).png,benign (271).png,510,324,3,RGB,uint8,0,255,95.88144517066085,38.98483041655666,benign
/content/drive/MyDrive/BUSI-XAI/data/raw/benign/benign (272).png,benign (272).png,498,326,3,RGB,uint8,0,240,69.21882622514599,47.00277907909319,benign
/content/drive/MyDrive/BUSI-XAI/data/raw/benign/benign (273).png,benign (273).png,560,469,3,RGB,uint8,0,255,104.759979439537,61.997535223865825,benign
/content/drive/MyDrive/BUSI-XAI/data/raw/benign/benign (274).png,benign (274).png,556,471,3,RGB,uint8,0,255,75.55811147260536,46.11642512272633,benign
/content/drive/MyDrive/BUSI-XAI/data/raw/benign/benign (275).png,benign (275).png,556,463,3,RGB,uint8,0,255,83.89376447006542,61.89243067809265,benign
/content/drive/MyDrive/BUSI-XAI/data/raw/benign/benign (276).png,benign (276).png,550,474,3,RGB,uint8,0,255,57.90480245492904,56.72730553852025,benign
/content/drive/MyDrive/BUSI-XAI/data/raw/benign/benign (277).png,benign (277).png,556,469,3,RGB,uint8,0,255,90.79946234909727,43.18016111036444,benign
/content/drive/MyDrive/BUSI-XAI/data/raw/benign/benign (278).png,benign (278).png,561,464,3,RGB,uint8,0,255,107.47509834654865,47.93241939164678,benign
/content/drive/MyDrive/BUSI-XAI/data/raw/benign/benign (279).png,benign (279).png,551,467,3,RGB,uint8,0,255,80.07571205944419,44.15179111643365,benign
/content/drive/MyDrive/BUSI-XAI/data/raw/benign/benign (28).png,benign (28).png,841,696,3,RGB,uint8,8,244,94.40079714898793,41.06632801725833,benign
/content/drive/MyDrive/BUSI-XAI/data/raw/benign/benign (280).png,benign (280).png,556,471,3,RGB,uint8,0,255,85.3066794971666,54.62834910394267,benign
/content/drive/MyDrive/BUSI-XAI/data/raw/benign/benign (281).png,benign (281).png,605,392,3,RGB,uint8,0,255,105.57638724911452,44.04188187913912,benign
/content/drive/MyDrive/BUSI-XAI/data/raw/benign/benign (282).png,benign (282).png,560,465,3,RGB,uint8,0,255,78.62603686635944,56.137754486295755,benign
/content/drive/MyDrive/BUSI-XAI/data/raw/benign/benign (283).png,benign (283).png,621,508,3,RGB,uint8,0,255,66.11887735047611,54.622668886631544,benign
/content/drive/MyDrive/BUSI-XAI/data/raw/benign/benign (284).png,benign (284).png,622,497,3,RGB,uint8,0,255,54.78468884043813,57.77376759365743,benign
/content/drive/MyDrive/BUSI-XAI/data/raw/benign/benign (285).png,benign (285).png,625,494,3,RGB,uint8,0,255,55.03992226720648,57.77667001580668,benign
/content/drive/MyDrive/BUSI-XAI/data/raw/benign/benign (286).png,benign (286).png,620,490,3,RGB,uint8,0,244,38.669871626069785,44.20186157771482,benign
/content/drive/MyDrive/BUSI-XAI/data/raw/benign/benign (287).png,benign (287).png,466,390,3,RGB,uint8,0,255,56.350154066248486,55.50438026795465,benign
/content/drive/MyDrive/BUSI-XAI/data/raw/benign/benign (288).png,benign (288).png,463,390,3,RGB,uint8,0,255,111.54710084731683,39.353520606614126,benign
/content/drive/MyDrive/BUSI-XAI/data/raw/benign/benign (289).png,benign (289).png,468,393,3,RGB,uint8,0,255,103.3095898305822,61.82547069900816,benign
/content/drive/MyDrive/BUSI-XAI/data/raw/benign/benign (29).png,benign (29).png,561,462,3,RGB,uint8,0,255,56.165574769852846,51.70164182089209,benign
/content/drive/MyDrive/BUSI-XAI/data/raw/benign/benign (290).png,benign (290).png,465,389,3,RGB,uint8,0,255,75.02483898609614,45.61091152358262,benign
/content/drive/MyDrive/BUSI-XAI/data/raw/benign/benign (291).png,benign (291).png,462,404,3,RGB,uint8,0,255,72.85609810981099,54.78600929654483,benign
/content/drive/MyDrive/BUSI-XAI/data/raw/benign/benign (292).png,benign (292).png,460,391,3,RGB,uint8,0,255,80.70405871233181,51.11766490875849,benign
/content/drive/MyDrive/BUSI-XAI/data/raw/benign/benign (293).png,benign (293).png,473,389,3,RGB,uint8,0,255,80.98092360201525,51.1221086910628,benign
/content/drive/MyDrive/BUSI-XAI/data/raw/benign/benign (294).png,benign (294).png,469,394,3,RGB,uint8,0,255,77.5360525148009,51.34168948783909,benign
/content/drive/MyDrive/BUSI-XAI/data/raw/benign/benign (295).png,benign (295).png,472,387,3,RGB,uint8,0,255,121.23541037095433,46.180584197264935,benign
/content/drive/MyDrive/BUSI-XAI/data/raw/benign/benign (296).png,benign (296).png,503,328,3,RGB,uint8,0,255,85.67304708335354,47.17540549570611,benign
/content/drive/MyDrive/BUSI-XAI/data/raw/benign/benign (297).png,benign (297).png,467,390,3,RGB,uint8,0,255,83.5585076593642,62.169060803949456,benign
/content/drive/MyDrive/BUSI-XAI/data/raw/benign/benign (298).png,benign (298).png,466,391,3,RGB,uint8,0,255,88.3151048812882,50.809749575699556,benign
/content/drive/MyDrive/BUSI-XAI/data/raw/benign/benign (299).png,benign (299).png,463,392,3,RGB,uint8,0,255,88.25765857098779,64.15437553879231,benign
/content/drive/MyDrive/BUSI-XAI/data/raw/benign/benign (3).png,benign (3).png,558,471,3,RGB,uint8,0,255,113.44797540503313,59.422228925749025,benign
/content/drive/MyDrive/BUSI-XAI/data/raw/benign/benign (30).png,benign (30).png,557,462,3,RGB,uint8,0,255,65.06725500711138,56.00073892563072,benign
/content/drive/MyDrive/BUSI-XAI/data/raw/benign/benign (300).png,benign (300).png,463,387,3,RGB,uint8,0,255,96.39037063081466,45.18299821410235,benign
/content/drive/MyDrive/BUSI-XAI/data/raw/benign/benign (301).png,benign (301).png,463,383,3,RGB,uint8,0,255,76.87072616436116,56.413228589472446,benign
/content/drive/MyDrive/BUSI-XAI/data/raw/benign/benign (302).png,benign (302).png,466,390,3,RGB,uint8,0,255,120.48516562121712,39.4613253439482,benign
/content/drive/MyDrive/BUSI-XAI/data/raw/benign/benign (303).png,benign (303).png,463,398,3,RGB,uint8,0,255,58.535251853218575,53.73575887152874,benign
/content/drive/MyDrive/BUSI-XAI/data/raw/benign/benign (304).png,benign (304).png,467,387,3,RGB,uint8,0,255,102.6013257418566,52.552709402916975,benign
/content/drive/MyDrive/BUSI-XAI/data/raw/benign/benign (305).png,benign (305).png,466,389,3,RGB,uint8,0,255,85.84027494290412,40.7944249658327,benign
/content/drive/MyDrive/BUSI-XAI/data/raw/benign/benign (306).png,benign (306).png,471,386,3,RGB,uint8,0,255,88.60741119655017,57.14158630662246,benign
/content/drive/MyDrive/BUSI-XAI/data/raw/benign/benign (307).png,benign (307).png,775,587,3,RGB,uint8,0,248,84.0846161455185,55.06578077855394,benign
/content/drive/MyDrive/BUSI-XAI/data/raw/benign/benign (308).png,benign (308).png,552,468,3,RGB,uint8,0,255,90.9039313142574,49.75001547465805,benign
/content/drive/MyDrive/BUSI-XAI/data/raw/benign/benign (309).png,benign (309).png,769,487,3,RGB,uint8,0,255,53.50409476025559,45.216009133911506,benign
/content/drive/MyDrive/BUSI-XAI/data/raw/benign/benign (31).png,benign (31).png,557,467,3,RGB,uint8,0,255,103.8378011602382,53.48986514190101,benign
/content/drive/MyDrive/BUSI-XAI/data/raw/benign/benign (310).png,benign (310).png,544,468,3,RGB,uint8,0,255,48.910173925339365,47.82578061543962,benign
/content/drive/MyDrive/BUSI-XAI/data/raw/benign/benign (311).png,benign (311).png,549,496,3,RGB,uint8,0,255,57.25979420059933,34.49097674126007,benign
/content/drive/MyDrive/BUSI-XAI/data/raw/benign/benign (312).png,benign (312).png,552,490,3,RGB,uint8,0,255,74.86339100857734,66.82044032192364,benign
/content/drive/MyDrive/BUSI-XAI/data/raw/benign/benign (313).png,benign (313).png,555,468,3,RGB,uint8,0,234,50.37851697851698,42.39181728596242,benign
/content/drive/MyDrive/BUSI-XAI/data/raw/benign/benign (314).png,benign (314).png,554,493,3,RGB,uint8,0,255,68.08908106999802,38.50860306958782,benign
/content/drive/MyDrive/BUSI-XAI/data/raw/benign/benign (315).png,benign (315).png,551,470,3,RGB,uint8,0,217,55.44119009923929,42.21909348567698,benign
/content/drive/MyDrive/BUSI-XAI/data/raw/benign/benign (316).png,benign (316).png,550,469,3,RGB,uint8,0,255,100.04720294630742,53.40975665601885,benign
/content/drive/MyDrive/BUSI-XAI/data/raw/benign/benign (317).png,benign (317).png,551,491,3,RGB,uint8,0,255,84.95268369674098,51.09609416977949,benign
/content/drive/MyDrive/BUSI-XAI/data/raw/benign/benign (318).png,benign (318).png,554,465,3,RGB,uint8,0,255,133.70513955203603,57.711893771725826,benign
/content/drive/MyDrive/BUSI-XAI/data/raw/benign/benign (319).png,benign (319).png,560,467,3,RGB,uint8,0,255,129.32805139186294,53.342916635493474,benign
/content/drive/MyDrive/BUSI-XAI/data/raw/benign/benign (32).png,benign (32).png,656,611,3,RGB,uint8,0,225,61.04914474472077,33.455003599532354,benign
/content/drive/MyDrive/BUSI-XAI/data/raw/benign/benign (320).png,benign (320).png,558,475,3,RGB,uint8,0,255,113.11230711186569,59.615935724596234,benign
/content/drive/MyDrive/BUSI-XAI/data/raw/benign/benign (321).png,benign (321).png,546,467,3,RGB,uint8,0,255,114.6122510608592,58.063176904950005,benign
/content/drive/MyDrive/BUSI-XAI/data/raw/benign/benign (322).png,benign (322).png,555,491,3,RGB,uint8,0,255,93.33224711473184,49.17307377318368,benign
/content/drive/MyDrive/BUSI-XAI/data/raw/benign/benign (323).png,benign (323).png,560,468,3,RGB,uint8,0,255,64.79596688034188,49.23369228802867,benign
/content/drive/MyDrive/BUSI-XAI/data/raw/benign/benign (324).png,benign (324).png,626,583,3,RGB,uint8,0,255,108.94199332525935,51.76239028406387,benign
/content/drive/MyDrive/BUSI-XAI/data/raw/benign/benign (325).png,benign (325).png,613,583,3,RGB,uint8,0,255,109.07957378581283,50.741282322283645,benign
/content/drive/MyDrive/BUSI-XAI/data/raw/benign/benign (326).png,benign (326).png,754,619,3,RGB,uint8,0,255,49.09891885174599,61.333166630757674,benign
/content/drive/MyDrive/BUSI-XAI/data/raw/benign/benign (327).png,benign (327).png,689,578,3,RGB,uint8,0,255,103.06328815142551,57.81445931739016,benign
/content/drive/MyDrive/BUSI-XAI/data/raw/benign/benign (328).png,benign (328).png,685,567,3,RGB,uint8,0,255,134.10128606187,40.62086974276101,benign
/content/drive/MyDrive/BUSI-XAI/data/raw/benign/benign (329).png,benign (329).png,665,576,3,RGB,uint8,7,246,88.0156589390142,40.53199659153917,benign
/content/drive/MyDrive/BUSI-XAI/data/raw/benign/benign (33).png,benign (33).png,556,468,3,RGB,uint8,0,255,82.24802465719732,56.11262050347027,benign
/content/drive/MyDrive/BUSI-XAI/data/raw/benign/benign (330).png,benign (330).png,669,567,3,RGB,uint8,0,243,67.83931548223194,46.98537392154953,benign
/content/drive/MyDrive/BUSI-XAI/data/raw/benign/benign (331).png,benign (331).png,695,527,3,RGB,uint8,0,251,74.56194831610992,36.20616022041155,benign
/content/drive/MyDrive/BUSI-XAI/data/raw/benign/benign (332).png,benign (332).png,703,531,3,RGB,uint8,0,251,70.4737485031865,34.99377970636564,benign
/content/drive/MyDrive/BUSI-XAI/data/raw/benign/benign (333).png,benign (333).png,777,569,3,RGB,uint8,0,255,77.53798237102279,54.121980214279155,benign
/content/drive/MyDrive/BUSI-XAI/data/raw/benign/benign (334).png,benign (334).png,589,426,3,RGB,uint8,0,255,106.60263676000542,48.90842113714122,benign
/content/drive/MyDrive/BUSI-XAI/data/raw/benign/benign (335).png,benign (335).png,681,559,3,RGB,uint8,0,221,44.793227364787654,30.636185308452934,benign
/content/drive/MyDrive/BUSI-XAI/data/raw/benign/benign (336).png,benign (336).png,783,585,3,RGB,uint8,0,255,76.7287640130552,58.559268320136574,benign
/content/drive/MyDrive/BUSI-XAI/data/raw/benign/benign (337).png,benign (337).png,555,487,3,RGB,uint8,0,255,77.24616608394842,63.97083398137249,benign
/content/drive/MyDrive/BUSI-XAI/data/raw/benign/benign (338).png,benign (338).png,611,382,3,RGB,uint8,0,255,106.55763446757098,54.64507467363619,benign
/content/drive/MyDrive/BUSI-XAI/data/raw/benign/benign (339).png,benign (339).png,557,465,3,RGB,uint8,0,255,74.73551475840235,54.04520625097145,benign
/content/drive/MyDrive/BUSI-XAI/data/raw/benign/benign (34).png,benign (34).png,558,471,3,RGB,uint8,0,255,104.05905227191441,64.40482511921643,benign
/content/drive/MyDrive/BUSI-XAI/data/raw/benign/benign (340).png,benign (340).png,770,425,3,RGB,uint8,0,255,74.87051489686783,46.792628528854735,benign
/content/drive/MyDrive/BUSI-XAI/data/raw/benign/benign (341).png,benign (341).png,683,562,3,RGB,uint8,0,211,41.82176185240956,29.639058224706282,benign
/content/drive/MyDrive/BUSI-XAI/data/raw/benign/benign (342).png,benign (342).png,581,431,3,RGB,uint8,0,255,87.9470829955553,43.47901200962607,benign
/content/drive/MyDrive/BUSI-XAI/data/raw/benign/benign (343).png,benign (343).png,564,467,3,RGB,uint8,0,255,102.4752532385682,48.218364736976135,benign
/content/drive/MyDrive/BUSI-XAI/data/raw/benign/benign (344).png,benign (344).png,576,434,3,RGB,uint8,0,255,77.3694356438812,50.781761178843546,benign
/content/drive/MyDrive/BUSI-XAI/data/raw/benign/benign (345).png,benign (345).png,566,466,3,RGB,uint8,0,255,91.37356875293833,60.983955582154195,benign
/content/drive/MyDrive/BUSI-XAI/data/raw/benign/benign (346).png,benign (346).png,610,373,3,RGB,uint8,0,255,90.21249505559706,52.20585018595572,benign
/content/drive/MyDrive/BUSI-XAI/data/raw/benign/benign (347).png,benign (347).png,605,683,3,RGB,uint8,0,255,71.27815543966216,42.168566232429015,benign
/content/drive/MyDrive/BUSI-XAI/data/raw/benign/benign (348).png,benign (348).png,1028,565,3,RGB,uint8,0,255,104.58402431045764,61.05086902855289,benign
/content/drive/MyDrive/BUSI-XAI/data/raw/benign/benign (349).png,benign (349).png,555,471,3,RGB,uint8,0,255,77.3036322947151,66.14592701739218,benign
/content/drive/MyDrive/BUSI-XAI/data/raw/benign/benign (35).png,benign (35).png,556,476,3,RGB,uint8,0,255,76.81454416298894,51.182181792981204,benign
/content/drive/MyDrive/BUSI-XAI/data/raw/benign/benign (350).png,benign (350).png,786,580,3,RGB,uint8,0,249,111.29183337720453,46.09942677778423,benign
/content/drive/MyDrive/BUSI-XAI/data/raw/benign/benign (351).png,benign (351).png,585,429,3,RGB,uint8,0,255,109.4771143386528,61.83237832405663,benign
/content/drive/MyDrive/BUSI-XAI/data/raw/benign/benign (352).png,benign (352).png,573,428,3,RGB,uint8,0,255,82.46007649524554,53.22078034969522,benign
/content/drive/MyDrive/BUSI-XAI/data/raw/benign/benign (353).png,benign (353).png,680,583,3,RGB,uint8,0,255,85.28961002926042,62.22889858254414,benign
/content/drive/MyDrive/BUSI-XAI/data/raw/benign/benign (354).png,benign (354).png,606,605,3,RGB,uint8,0,255,81.09839620325668,57.55412355937163,benign
/content/drive/MyDrive/BUSI-XAI/data/raw/benign/benign (355).png,benign (355).png,675,562,3,RGB,uint8,0,228,39.54991959931462,35.356698936334105,benign
/content/drive/MyDrive/BUSI-XAI/data/raw/benign/benign (356).png,benign (356).png,556,468,3,RGB,uint8,0,255,61.58817561335547,50.054787855484975,benign
/content/drive/MyDrive/BUSI-XAI/data/raw/benign/benign (357).png,benign (357).png,581,429,3,RGB,uint8,0,240,87.81662112987414,45.509628570126516,benign
/content/drive/MyDrive/BUSI-XAI/data/raw/benign/benign (358).png,benign (358).png,555,467,3,RGB,uint8,0,255,64.21096128248162,58.705028534609596,benign
/content/drive/MyDrive/BUSI-XAI/data/raw/benign/benign (359).png,benign (359).png,567,462,3,RGB,uint8,0,255,111.10535819265978,64.12132287108659,benign
/content/drive/MyDrive/BUSI-XAI/data/raw/benign/benign (36).png,benign (36).png,526,474,3,RGB,uint8,0,255,68.55007540389212,48.09033915352378,benign
/content/drive/MyDrive/BUSI-XAI/data/raw/benign/benign (360).png,benign (360).png,683,574,3,RGB,uint8,0,255,48.01702623698481,43.16278785866904,benign
/content/drive/MyDrive/BUSI-XAI/data/raw/benign/benign (361).png,benign (361).png,558,470,3,RGB,uint8,0,255,107.8651567147106,53.321455130381636,benign
/content/drive/MyDrive/BUSI-XAI/data/raw/benign/benign (362).png,benign (362).png,557,464,3,RGB,uint8,0,255,95.01074490806661,53.353021065757076,benign
/content/drive/MyDrive/BUSI-XAI/data/raw/benign/benign (363).png,benign (363).png,586,433,3,RGB,uint8,0,255,111.62706019595015,59.98662310056831,benign
/content/drive/MyDrive/BUSI-XAI/data/raw/benign/benign (364).png,benign (364).png,557,465,3,RGB,uint8,0,255,85.36155672670412,69.53682716875674,benign
/content/drive/MyDrive/BUSI-XAI/data/raw/benign/benign (365).png,benign (365).png,582,431,3,RGB,uint8,0,255,95.32698670876488,45.558829959203635,benign
/content/drive/MyDrive/BUSI-XAI/data/raw/benign/benign (366).png,benign (366).png,562,463,3,RGB,uint8,0,255,115.68632160672698,60.97606105839627,benign
/content/drive/MyDrive/BUSI-XAI/data/raw/benign/benign (367).png,benign (367).png,560,462,3,RGB,uint8,0,255,107.10792362399505,49.59312703293164,benign
/content/drive/MyDrive/BUSI-XAI/data/raw/benign/benign (368).png,benign (368).png,689,575,3,RGB,uint8,0,229,50.271294251277844,33.44776915275252,benign
/content/drive/MyDrive/BUSI-XAI/data/raw/benign/benign (369).png,benign (369).png,772,581,3,RGB,uint8,0,255,92.96742038472172,67.77001379298646,benign
/content/drive/MyDrive/BUSI-XAI/data/raw/benign/benign (37).png,benign (37).png,557,468,3,RGB,uint8,0,255,39.76779603799353,47.6671485217102,benign
/content/drive/MyDrive/BUSI-XAI/data/raw/benign/benign (370).png,benign (370).png,549,458,3,RGB,uint8,0,255,72.70302495207642,53.01724031422638,benign
/content/drive/MyDrive/BUSI-XAI/data/raw/benign/benign (371).png,benign (371).png,756,589,3,RGB,uint8,0,255,107.27290897494633,61.45443189421113,benign
/content/drive/MyDrive/BUSI-XAI/data/raw/benign/benign (372).png,benign (372).png,544,469,3,RGB,uint8,0,255,111.51301266775367,65.92658804756692,benign
/content/drive/MyDrive/BUSI-XAI/data/raw/benign/benign (373).png,benign (373).png,555,457,3,RGB,uint8,0,255,86.53160644232854,69.07029972317946,benign
/content/drive/MyDrive/BUSI-XAI/data/raw/benign/benign (374).png,benign (374).png,544,468,3,RGB,uint8,0,255,117.99939903846153,68.11566536605226,benign
/content/drive/MyDrive/BUSI-XAI/data/raw/benign/benign (375).png,benign (375).png,775,571,3,RGB,uint8,0,255,103.22405965764646,54.03868067577841,benign
/content/drive/MyDrive/BUSI-XAI/data/raw/benign/benign (376).png,benign (376).png,546,467,3,RGB,uint8,0,255,78.48623824426822,58.67509085026518,benign
/content/drive/MyDrive/BUSI-XAI/data/raw/benign/benign (377).png,benign (377).png,752,578,3,RGB,uint8,0,255,95.6827100051535,59.33420343498827,benign
/content/drive/MyDrive/BUSI-XAI/data/raw/benign/benign (378).png,benign (378).png,548,464,3,RGB,uint8,0,255,69.77278662219985,50.15915963258827,benign
/content/drive/MyDrive/BUSI-XAI/data/raw/benign/benign (379).png,benign (379).png,1010,583,3,RGB,uint8,0,255,92.94462238676698,65.41956157353599,benign
/content/drive/MyDrive/BUSI-XAI/data/raw/benign/benign (38).png,benign (38).png,550,484,3,RGB,uint8,0,255,57.91626220886551,55.29988093077184,benign
/content/drive/MyDrive/BUSI-XAI/data/raw/benign/benign (380).png,benign (380).png,750,572,3,RGB,uint8,0,255,130.35967365967366,47.03048384911974,benign
/content/drive/MyDrive/BUSI-XAI/data/raw/benign/benign (381).png,benign (381).png,747,576,3,RGB,uint8,0,255,139.10670227205117,42.61900730269505,benign
/content/drive/MyDrive/BUSI-XAI/data/raw/benign/benign (382).png,benign (382).png,730,475,3,RGB,uint8,0,235,54.16740591204037,32.27368786483626,benign
/content/drive/MyDrive/BUSI-XAI/data/raw/benign/benign (383).png,benign (383).png,552,493,3,RGB,uint8,0,255,87.67581650351295,48.41523805633492,benign
/content/drive/MyDrive/BUSI-XAI/data/raw/benign/benign (384).png,benign (384).png,760,425,3,RGB,uint8,0,235,51.049151702786375,33.05175478438069,benign
/content/drive/MyDrive/BUSI-XAI/data/raw/benign/benign (385).png,benign (385).png,551,458,3,RGB,uint8,0,255,41.797723868472566,54.40148289486726,benign
/content/drive/MyDrive/BUSI-XAI/data/raw/benign/benign (386).png,benign (386).png,768,578,3,RGB,uint8,0,235,70.49518139057093,47.55034091648036,benign
/content/drive/MyDrive/BUSI-XAI/data/raw/benign/benign (387).png,benign (387).png,549,486,3,RGB,uint8,0,255,73.17465725186834,59.53413209136363,benign
/content/drive/MyDrive/BUSI-XAI/data/raw/benign/benign (388).png,benign (388).png,763,572,3,RGB,uint8,0,255,92.85564435564436,52.28719169132214,benign
/content/drive/MyDrive/BUSI-XAI/data/raw/benign/benign (389).png,benign (389).png,927,567,3,RGB,uint8,0,255,115.40291547519163,46.01894162174949,benign
/content/drive/MyDrive/BUSI-XAI/data/raw/benign/benign (39).png,benign (39).png,578,433,3,RGB,uint8,18,255,123.64151689748036,66.46633296152784,benign
/content/drive/MyDrive/BUSI-XAI/data/raw/benign/benign (390).png,benign (390).png,779,583,3,RGB,uint8,0,255,119.57400414394141,49.602082441147545,benign
/content/drive/MyDrive/BUSI-XAI/data/raw/benign/benign (391).png,benign (391).png,687,578,3,RGB,uint8,0,255,125.72236492850415,54.208065125578855,benign
/content/drive/MyDrive/BUSI-XAI/data/raw/benign/benign (392).png,benign (392).png,729,477,3,RGB,uint8,0,255,52.26798146854052,37.40341027657748,benign
/content/drive/MyDrive/BUSI-XAI/data/raw/benign/benign (393).png,benign (393).png,685,583,3,RGB,uint8,0,255,96.54946851798525,54.73888952705119,benign
/content/drive/MyDrive/BUSI-XAI/data/raw/benign/benign (394).png,benign (394).png,558,468,3,RGB,uint8,0,255,105.69671139294795,54.07121070012638,benign
/content/drive/MyDrive/BUSI-XAI/data/raw/benign/benign (395).png,benign (395).png,615,576,3,RGB,uint8,0,244,88.32873193315267,55.13821302906723,benign
/content/drive/MyDrive/BUSI-XAI/data/raw/benign/benign (396).png,benign (396).png,420,474,3,RGB,uint8,0,223,47.18844685553546,52.86815025296631,benign
/content/drive/MyDrive/BUSI-XAI/data/raw/benign/benign (397).png,benign (397).png,554,470,3,RGB,uint8,0,255,105.92499423918888,46.42022209662845,benign
/content/drive/MyDrive/BUSI-XAI/data/raw/benign/benign (398).png,benign (398).png,563,469,3,RGB,uint8,0,255,67.8450238025806,42.993908784478805,benign
/content/drive/MyDrive/BUSI-XAI/data/raw/benign/benign (399).png,benign (399).png,555,468,3,RGB,uint8,0,255,94.22395087395087,45.14715362978813,benign
/content/drive/MyDrive/BUSI-XAI/data/raw/benign/benign (4).png,benign (4).png,555,465,3,RGB,uint8,0,255,114.64103458297006,57.690924656581316,benign
/content/drive/MyDrive/BUSI-XAI/data/raw/benign/benign (40).png,benign (40).png,706,526,3,RGB,uint8,0,243,69.91351156302846,37.55810185845596,benign
/content/drive/MyDrive/BUSI-XAI/data/raw/benign/benign (400).png,benign (400).png,779,580,3,RGB,uint8,0,249,94.99698552520915,57.44176689697634,benign
/content/drive/MyDrive/BUSI-XAI/data/raw/benign/benign (401).png,benign (401).png,557,469,3,RGB,uint8,0,255,101.08211826224098,50.51499899124682,benign
/content/drive/MyDrive/BUSI-XAI/data/raw/benign/benign (402).png,benign (402).png,561,469,3,RGB,uint8,0,255,101.45157330231957,57.48535705425075,benign
/content/drive/MyDrive/BUSI-XAI/data/raw/benign/benign (403).png,benign (403).png,549,467,3,RGB,uint8,0,255,98.1959724318695,48.571816183003826,benign
/content/drive/MyDrive/BUSI-XAI/data/raw/benign/benign (404).png,benign (404).png,772,578,3,RGB,uint8,0,255,88.22205613424889,61.04247746964493,benign
/content/drive/MyDrive/BUSI-XAI/data/raw/benign/benign (405).png,benign (405).png,566,465,3,RGB,uint8,0,240,66.55234241422546,38.505631928683094,benign
/content/drive/MyDrive/BUSI-XAI/data/raw/benign/benign (406).png,benign (406).png,563,463,3,RGB,uint8,0,255,108.99640540302069,44.08974878901793,benign
/content/drive/MyDrive/BUSI-XAI/data/raw/benign/benign (407).png,benign (407).png,560,467,3,RGB,uint8,0,255,115.55988834505965,50.652579199416394,benign
/content/drive/MyDrive/BUSI-XAI/data/raw/benign/benign (408).png,benign (408).png,554,465,3,RGB,uint8,0,255,112.70718916191142,50.959366859393654,benign
/content/drive/MyDrive/BUSI-XAI/data/raw/benign/benign (409).png,benign (409).png,558,466,3,RGB,uint8,0,255,120.0691463996185,43.30603862601495,benign
/content/drive/MyDrive/BUSI-XAI/data/raw/benign/benign (41).png,benign (41).png,550,484,3,RGB,uint8,0,255,78.31628850488354,61.039158022289556,benign
/content/drive/MyDrive/BUSI-XAI/data/raw/benign/benign (410).png,benign (410).png,558,468,3,RGB,uint8,0,255,108.58149526697913,50.28115395434564,benign
/content/drive/MyDrive/BUSI-XAI/data/raw/benign/benign (411).png,benign (411).png,602,587,3,RGB,uint8,0,255,88.40122646261467,56.034927654881265,benign
/content/drive/MyDrive/BUSI-XAI/data/raw/benign/benign (412).png,benign (412).png,779,576,3,RGB,uint8,0,248,95.15441582869776,57.13018938563491,benign
/content/drive/MyDrive/BUSI-XAI/data/raw/benign/benign (413).png,benign (413).png,433,478,3,RGB,uint8,0,219,46.171403171412834,52.00174030936595,benign
/content/drive/MyDrive/BUSI-XAI/data/raw/benign/benign (414).png,benign (414).png,812,703,3,RGB,uint8,0,255,69.51405657667,45.64595061041608,benign
/content/drive/MyDrive/BUSI-XAI/data/raw/benign/benign (415).png,benign (415).png,781,578,3,RGB,uint8,0,255,88.6361066683207,61.779593387757764,benign
/content/drive/MyDrive/BUSI-XAI/data/raw/benign/benign (416).png,benign (416).png,878,574,3,RGB,uint8,0,255,104.10066829109553,63.0518524913492,benign
/content/drive/MyDrive/BUSI-XAI/data/raw/benign/benign (417).png,benign (417).png,599,416,3,RGB,uint8,0,255,68.10214138949532,56.97826881050475,benign
/content/drive/MyDrive/BUSI-XAI/data/raw/benign/benign (418).png,benign (418).png,607,414,3,RGB,uint8,0,255,69.29518738708624,55.210111248325724,benign
/content/drive/MyDrive/BUSI-XAI/data/raw/benign/benign (419).png,benign (419).png,772,574,3,RGB,uint8,0,243,83.39677249011572,53.636414960389274,benign
/content/drive/MyDrive/BUSI-XAI/data/raw/benign/benign (42).png,benign (42).png,581,437,3,RGB,uint8,0,255,80.18381075790576,55.79987455937366,benign
/content/drive/MyDrive/BUSI-XAI/data/raw/benign/benign (420).png,benign (420).png,768,574,3,RGB,uint8,0,255,74.25137240490709,58.91464394906194,benign
/content/drive/MyDrive/BUSI-XAI/data/raw/benign/benign (421).png,benign (421).png,551,487,3,RGB,uint8,0,255,74.29144694917213,66.5313101907067,benign
/content/drive/MyDrive/BUSI-XAI/data/raw/benign/benign (422).png,benign (422).png,768,487,3,RGB,uint8,0,255,53.13844594883641,44.883192848834454,benign
/content/drive/MyDrive/BUSI-XAI/data/raw/benign/benign (423).png,benign (423).png,561,470,3,RGB,uint8,0,255,49.62919558539083,48.30282923301774,benign
/content/drive/MyDrive/BUSI-XAI/data/raw/benign/benign (424).png,benign (424).png,544,469,3,RGB,uint8,0,255,91.1040660667252,49.80199364055203,benign
/content/drive/MyDrive/BUSI-XAI/data/raw/benign/benign (425).png,benign (425).png,544,469,3,RGB,uint8,0,255,122.02296422300263,62.77255042012089,benign
/content/drive/MyDrive/BUSI-XAI/data/raw/benign/benign (426).png,benign (426).png,549,465,3,RGB,uint8,0,255,100.06305501694185,53.09924581201559,benign
/content/drive/MyDrive/BUSI-XAI/data/raw/benign/benign (427).png,benign (427).png,780,380,3,RGB,uint8,0,255,92.08142375168691,58.7654140034185,benign
/content/drive/MyDrive/BUSI-XAI/data/raw/benign/benign (428).png,benign (428).png,769,382,3,RGB,uint8,0,255,81.07027212875904,57.444193105112404,benign
/content/drive/MyDrive/BUSI-XAI/data/raw/benign/benign (429).png,benign (429).png,582,437,3,RGB,uint8,0,255,88.57431566365489,49.00116625180606,benign
/content/drive/MyDrive/BUSI-XAI/data/raw/benign/benign (43).png,benign (43).png,554,495,3,RGB,uint8,0,255,86.59669255734238,53.85307574573796,benign
/content/drive/MyDrive/BUSI-XAI/data/raw/benign/benign (430).png,benign (430).png,768,581,3,RGB,uint8,0,255,91.34625331683878,53.86091253403009,benign
/content/drive/MyDrive/BUSI-XAI/data/raw/benign/benign (431).png,benign (431).png,582,431,3,RGB,uint8,0,255,97.05124739876098,48.35670262104613,benign
/content/drive/MyDrive/BUSI-XAI/data/raw/benign/benign (432).png,benign (432).png,469,394,3,RGB,uint8,0,255,98.36684597317979,53.76037998753863,benign
/content/drive/MyDrive/BUSI-XAI/data/raw/benign/benign (433).png,benign (433).png,550,462,3,RGB,uint8,0,240,53.16157811885085,55.922187572705525,benign
/content/drive/MyDrive/BUSI-XAI/data/raw/benign/benign (434).png,benign (434).png,501,609,3,RGB,uint8,0,255,67.29730358658709,52.0234908239217,benign
/content/drive/MyDrive/BUSI-XAI/data/raw/benign/benign (435).png,benign (435).png,552,469,3,RGB,uint8,0,255,52.03099796050802,57.3031441413741,benign
/content/drive/MyDrive/BUSI-XAI/data/raw/benign/benign (436).png,benign (436).png,502,474,3,RGB,uint8,0,255,121.57279741792324,55.76488441936078,benign
/content/drive/MyDrive/BUSI-XAI/data/raw/benign/benign (437).png,benign (437).png,768,585,3,RGB,uint8,0,255,113.30297587250712,65.49808636950594,benign
/content/drive/MyDrive/BUSI-XAI/data/raw/benign/benign (44).png,benign (44).png,777,580,3,RGB,uint8,0,254,103.32432210535659,63.471656922020486,benign
/content/drive/MyDrive/BUSI-XAI/data/raw/benign/benign (45).png,benign (45).png,775,580,3,RGB,uint8,0,255,101.45276751946608,56.642022672088004,benign
/content/drive/MyDrive/BUSI-XAI/data/raw/benign/benign (46).png,benign (46).png,561,468,3,RGB,uint8,0,255,129.41835778600483,60.69434725125896,benign
/content/drive/MyDrive/BUSI-XAI/data/raw/benign/benign (47).png,benign (47).png,763,585,3,RGB,uint8,0,248,87.64071647007427,63.2971782127665,benign
/content/drive/MyDrive/BUSI-XAI/data/raw/benign/benign (48).png,benign (48).png,775,583,3,RGB,uint8,0,255,63.61435954185802,60.66604059670039,benign
/content/drive/MyDrive/BUSI-XAI/data/raw/benign/benign (49).png,benign (49).png,777,576,3,RGB,uint8,0,255,86.13496979121979,71.99732206482967,benign
/content/drive/MyDrive/BUSI-XAI/data/raw/benign/benign (5).png,benign (5).png,549,496,3,RGB,uint8,0,255,93.98917753687056,49.52753179230023,benign
/content/drive/MyDrive/BUSI-XAI/data/raw/benign/benign (50).png,benign (50).png,884,581,3,RGB,uint8,0,255,96.63979836605634,55.101393347521146,benign
/content/drive/MyDrive/BUSI-XAI/data/raw/benign/benign (51).png,benign (51).png,357,338,3,RGB,uint8,0,255,83.40383372283824,66.53492751085635,benign
/content/drive/MyDrive/BUSI-XAI/data/raw/benign/benign (52).png,benign (52).png,370,338,3,RGB,uint8,0,255,77.26616024308332,61.28189842527221,benign
/content/drive/MyDrive/BUSI-XAI/data/raw/benign/benign (53).png,benign (53).png,552,492,3,RGB,uint8,0,255,58.36810342288206,52.86624133246573,benign
/content/drive/MyDrive/BUSI-XAI/data/raw/benign/benign (54).png,benign (54).png,616,468,3,RGB,uint8,0,255,77.82443944943945,63.260917337188296,benign
/content/drive/MyDrive/BUSI-XAI/data/raw/benign/benign (55).png,benign (55).png,763,614,3,RGB,uint8,0,255,97.77351317660016,59.639077108826896,benign
/content/drive/MyDrive/BUSI-XAI/data/raw/benign/benign (56).png,benign (56).png,806,711,3,RGB,uint8,0,255,58.377588270809994,35.88740243671236,benign
/content/drive/MyDrive/BUSI-XAI/data/raw/benign/benign (57).png,benign (57).png,555,470,3,RGB,uint8,0,255,52.995246310139926,48.73923494695216,benign
/content/drive/MyDrive/BUSI-XAI/data/raw/benign/benign (58).png,benign (58).png,781,572,3,RGB,uint8,0,255,83.93830976961578,61.545624123475335,benign
/content/drive/MyDrive/BUSI-XAI/data/raw/benign/benign (59).png,benign (59).png,563,468,3,RGB,uint8,0,255,94.84235475398886,70.9282491757297,benign
/content/drive/MyDrive/BUSI-XAI/data/raw/benign/benign (6).png,benign (6).png,558,467,3,RGB,uint8,0,255,63.40461114564865,47.74486995686346,benign
/content/drive/MyDrive/BUSI-XAI/data/raw/benign/benign (60).png,benign (60).png,759,598,3,RGB,uint8,0,255,70.27254881224636,65.98658007239949,benign
/content/drive/MyDrive/BUSI-XAI/data/raw/benign/benign (61).png,benign (61).png,773,578,3,RGB,uint8,0,251,99.71998504903826,43.121445875213816,benign
/content/drive/MyDrive/BUSI-XAI/data/raw/benign/benign (62).png,benign (62).png,389,594,3,RGB,uint8,0,255,95.75022288004293,67.84802611779624,benign
/content/drive/MyDrive/BUSI-XAI/data/raw/benign/benign (63).png,benign (63).png,608,660,3,RGB,uint8,0,255,64.36893440988835,37.919533036242505,benign
/content/drive/MyDrive/BUSI-XAI/data/raw/benign/benign (64).png,benign (64).png,610,471,3,RGB,uint8,0,255,73.13426960426021,50.99259539736076,benign
/content/drive/MyDrive/BUSI-XAI/data/raw/benign/benign (65).png,benign (65).png,564,474,3,RGB,uint8,0,255,82.82204416913547,49.5644491227997,benign
/content/drive/MyDrive/BUSI-XAI/data/raw/benign/benign (66).png,benign (66).png,562,473,3,RGB,uint8,0,255,74.55660093444584,57.19454981389924,benign
/content/drive/MyDrive/BUSI-XAI/data/raw/benign/benign (67).png,benign (67).png,516,467,3,RGB,uint8,0,255,90.90470262105141,58.69403022257201,benign
/content/drive/MyDrive/BUSI-XAI/data/raw/benign/benign (68).png,benign (68).png,682,587,3,RGB,uint8,0,255,97.82350737134493,74.65175530907173,benign
/content/drive/MyDrive/BUSI-XAI/data/raw/benign/benign (69).png,benign (69).png,811,719,3,RGB,uint8,0,255,64.13784901279178,40.08632896025695,benign
/content/drive/MyDrive/BUSI-XAI/data/raw/benign/benign (7).png,benign (7).png,624,578,3,RGB,uint8,0,255,109.48447065477775,51.44498622638002,benign
/content/drive/MyDrive/BUSI-XAI/data/raw/benign/benign (70).png,benign (70).png,713,475,3,RGB,uint8,0,227,63.17775153170444,34.891221668879474,benign
/content/drive/MyDrive/BUSI-XAI/data/raw/benign/benign (71).png,benign (71).png,554,469,3,RGB,uint8,0,227,60.87136776150193,38.39078140137565,benign
/content/drive/MyDrive/BUSI-XAI/data/raw/benign/benign (72).png,benign (72).png,557,465,3,RGB,uint8,0,255,91.33820582614236,64.15957076673433,benign
/content/drive/MyDrive/BUSI-XAI/data/raw/benign/benign (73).png,benign (73).png,557,471,3,RGB,uint8,0,255,98.2603650889852,57.94111430884409,benign
/content/drive/MyDrive/BUSI-XAI/data/raw/benign/benign (74).png,benign (74).png,561,467,3,RGB,uint8,0,255,92.96037971349723,58.98389517033956,benign
/content/drive/MyDrive/BUSI-XAI/data/raw/benign/benign (75).png,benign (75).png,685,578,3,RGB,uint8,0,247,79.7133937817291,47.65941925434249,benign
/content/drive/MyDrive/BUSI-XAI/data/raw/benign/benign (76).png,benign (76).png,848,685,3,RGB,uint8,0,229,79.30754028370748,38.433944180939896,benign
/content/drive/MyDrive/BUSI-XAI/data/raw/benign/benign (77).png,benign (77).png,551,488,3,RGB,uint8,0,221,30.187524173633633,36.358409798761066,benign
/content/drive/MyDrive/BUSI-XAI/data/raw/benign/benign (78).png,benign (78).png,777,576,3,RGB,uint8,0,255,101.49453247890747,55.44555712535539,benign
/content/drive/MyDrive/BUSI-XAI/data/raw/benign/benign (79).png,benign (79).png,648,604,3,RGB,uint8,0,237,47.239051896819554,32.79676916223042,benign
/content/drive/MyDrive/BUSI-XAI/data/raw/benign/benign (8).png,benign (8).png,617,585,3,RGB,uint8,0,255,107.80560196151768,50.61680767242266,benign
/content/drive/MyDrive/BUSI-XAI/data/raw/benign/benign (80).png,benign (80).png,561,473,3,RGB,uint8,0,255,76.20206291242232,70.40568883936002,benign
/content/drive/MyDrive/BUSI-XAI/data/raw/benign/benign (81).png,benign (81).png,563,464,3,RGB,uint8,0,255,93.07042781895021,54.48246361537371,benign
/content/drive/MyDrive/BUSI-XAI/data/raw/benign/benign (82).png,benign (82).png,656,458,3,RGB,uint8,0,255,57.26210192778784,46.95243876813284,benign
/content/drive/MyDrive/BUSI-XAI/data/raw/benign/benign (83).png,benign (83).png,581,432,3,RGB,uint8,17,255,107.04639988525531,63.69987438049824,benign
/content/drive/MyDrive/BUSI-XAI/data/raw/benign/benign (84).png,benign (84).png,839,510,3,RGB,uint8,0,249,64.40336768795719,49.71432124702052,benign
/content/drive/MyDrive/BUSI-XAI/data/raw/benign/benign (85).png,benign (85).png,561,465,3,RGB,uint8,0,255,72.75648323845667,49.63508512319943,benign
/content/drive/MyDrive/BUSI-XAI/data/raw/benign/benign (86).png,benign (86).png,777,578,3,RGB,uint8,0,255,94.33564236505413,59.105910088031166,benign
/content/drive/MyDrive/BUSI-XAI/data/raw/benign/benign (87).png,benign (87).png,768,571,3,RGB,uint8,0,255,76.27478747081145,50.70686423567904,benign
/content/drive/MyDrive/BUSI-XAI/data/raw/benign/benign (88).png,benign (88).png,873,560,3,RGB,uint8,0,255,64.50733308787433,56.81685387314993,benign
/content/drive/MyDrive/BUSI-XAI/data/raw/benign/benign (89).png,benign (89).png,893,576,3,RGB,uint8,0,255,92.52280274045042,58.90444663732577,benign
/content/drive/MyDrive/BUSI-XAI/data/raw/benign/benign (9).png,benign (9).png,752,585,3,RGB,uint8,0,255,49.57243362429533,60.26786172646112,benign
/content/drive/MyDrive/BUSI-XAI/data/raw/benign/benign (90).png,benign (90).png,772,574,3,RGB,uint8,0,255,100.76275703634164,72.47240371456684,benign
/content/drive/MyDrive/BUSI-XAI/data/raw/benign/benign (91).png,benign (91).png,806,704,3,RGB,uint8,0,255,51.64350291845251,36.29962908953194,benign
/content/drive/MyDrive/BUSI-XAI/data/raw/benign/benign (92).png,benign (92).png,763,612,3,RGB,uint8,0,255,95.67297775379265,61.04326340600797,benign
/content/drive/MyDrive/BUSI-XAI/data/raw/benign/benign (93).png,benign (93).png,561,466,3,RGB,uint8,0,255,82.45455693006816,63.71546944105966,benign
/content/drive/MyDrive/BUSI-XAI/data/raw/benign/benign (94).png,benign (94).png,767,583,3,RGB,uint8,0,255,100.87370991656249,41.84273740259212,benign
/content/drive/MyDrive/BUSI-XAI/data/raw/benign/benign (95).png,benign (95).png,558,470,3,RGB,uint8,0,255,79.12548615877374,57.41016059466082,benign
/content/drive/MyDrive/BUSI-XAI/data/raw/benign/benign (96).png,benign (96).png,767,574,3,RGB,uint8,0,255,92.48368002398594,62.31990814148316,benign
/content/drive/MyDrive/BUSI-XAI/data/raw/benign/benign (97).png,benign (97).png,592,470,3,RGB,uint8,0,255,90.27650589419207,54.54561124619797,benign
/content/drive/MyDrive/BUSI-XAI/data/raw/benign/benign (98).png,benign (98).png,795,558,3,RGB,uint8,0,255,98.26350623295237,65.44009036913522,benign
/content/drive/MyDrive/BUSI-XAI/data/raw/benign/benign (99).png,benign (99).png,554,471,3,RGB,uint8,0,255,84.5028781224371,49.497842661405784,benign
/content/drive/MyDrive/BUSI-XAI/data/raw/malignant/malignant (1).png,malignant (1).png,449,598,3,RGB,uint8,0,255,118.2128848202248,61.45834789561292,malignant
/content/drive/MyDrive/BUSI-XAI/data/raw/malignant/malignant (10).png,malignant (10).png,462,393,3,RGB,uint8,0,255,87.45889648943084,47.88730583626864,malignant
/content/drive/MyDrive/BUSI-XAI/data/raw/malignant/malignant (100).png,malignant (100).png,557,476,3,RGB,uint8,0,255,97.37731017002851,59.73056403884151,malignant
/content/drive/MyDrive/BUSI-XAI/data/raw/malignant/malignant (101).png,malignant (101).png,883,559,3,RGB,uint8,0,255,55.84004562426433,35.766820399471364,malignant
/content/drive/MyDrive/BUSI-XAI/data/raw/malignant/malignant (102).png,malignant (102).png,916,551,3,RGB,uint8,0,217,51.297210708596516,34.15704085225245,malignant
/content/drive/MyDrive/BUSI-XAI/data/raw/malignant/malignant (103).png,malignant (103).png,555,488,3,RGB,uint8,0,255,112.36898537882145,73.83874688511418,malignant
/content/drive/MyDrive/BUSI-XAI/data/raw/malignant/malignant (104).png,malignant (104).png,554,494,3,RGB,uint8,0,255,105.51911384264605,62.31755707023395,malignant
/content/drive/MyDrive/BUSI-XAI/data/raw/malignant/malignant (105).png,malignant (105).png,577,450,3,RGB,uint8,0,255,87.2294473329482,53.078263991944794,malignant
/content/drive/MyDrive/BUSI-XAI/data/raw/malignant/malignant (106).png,malignant (106).png,667,458,3,RGB,uint8,0,255,76.65342765298574,54.74391059818643,malignant
/content/drive/MyDrive/BUSI-XAI/data/raw/malignant/malignant (107).png,malignant (107).png,576,454,3,RGB,uint8,0,255,83.53736845325501,53.52782618052873,malignant
/content/drive/MyDrive/BUSI-XAI/data/raw/malignant/malignant (108).png,malignant (108).png,660,459,3,RGB,uint8,0,255,64.46370238331022,49.17273901195356,malignant
/content/drive/MyDrive/BUSI-XAI/data/raw/malignant/malignant (109).png,malignant (109).png,552,471,3,RGB,uint8,0,255,88.27224683836425,43.011774055570946,malignant
/content/drive/MyDrive/BUSI-XAI/data/raw/malignant/malignant (11).png,malignant (11).png,471,393,3,RGB,uint8,0,250,78.72385104509381,40.45518229771984,malignant
/content/drive/MyDrive/BUSI-XAI/data/raw/malignant/malignant (110).png,malignant (110).png,557,470,3,RGB,uint8,0,255,108.25023492111998,48.87140921913295,malignant
/content/drive/MyDrive/BUSI-XAI/data/raw/malignant/malignant (111).png,malignant (111).png,421,470,3,RGB,uint8,0,241,66.3593672613332,46.05819806615137,malignant
/content/drive/MyDrive/BUSI-XAI/data/raw/malignant/malignant (112).png,malignant (112).png,549,471,3,RGB,uint8,0,255,87.20034109498451,48.06360288237977,malignant
/content/drive/MyDrive/BUSI-XAI/data/raw/malignant/malignant (113).png,malignant (113).png,745,482,3,RGB,uint8,0,255,71.67321841321117,42.64426565362292,malignant
/content/drive/MyDrive/BUSI-XAI/data/raw/malignant/malignant (114).png,malignant (114).png,340,439,3,RGB,uint8,0,247,63.29354817097682,46.91827814092881,malignant
/content/drive/MyDrive/BUSI-XAI/data/raw/malignant/malignant (115).png,malignant (115).png,581,438,3,RGB,uint8,0,255,87.44973632298273,59.19582386439976,malignant
/content/drive/MyDrive/BUSI-XAI/data/raw/malignant/malignant (116).png,malignant (116).png,582,434,3,RGB,uint8,0,255,74.70887373905332,53.47449193541541,malignant
/content/drive/MyDrive/BUSI-XAI/data/raw/malignant/malignant (117).png,malignant (117).png,611,434,3,RGB,uint8,0,255,106.1973157247694,63.04391645988579,malignant
/content/drive/MyDrive/BUSI-XAI/data/raw/malignant/malignant (118).png,malignant (118).png,562,473,3,RGB,uint8,0,255,80.08193329471158,62.96265120684489,malignant
/content/drive/MyDrive/BUSI-XAI/data/raw/malignant/malignant (119).png,malignant (119).png,564,469,3,RGB,uint8,0,255,79.61274932329235,62.86613996139605,malignant
/content/drive/MyDrive/BUSI-XAI/data/raw/malignant/malignant (12).png,malignant (12).png,479,392,3,RGB,uint8,0,255,108.448111499297,48.507519250236165,malignant
/content/drive/MyDrive/BUSI-XAI/data/raw/malignant/malignant (120).png,malignant (120).png,564,470,3,RGB,uint8,0,255,86.6668854685378,62.76569681760537,malignant
/content/drive/MyDrive/BUSI-XAI/data/raw/malignant/malignant (121).png,malignant (121).png,562,476,3,RGB,uint8,0,255,98.08637369538563,62.95847452150988,malignant
/content/drive/MyDrive/BUSI-XAI/data/raw/malignant/malignant (122).png,malignant (122).png,554,467,3,RGB,uint8,0,255,83.64973059470157,61.61165054175917,malignant
/content/drive/MyDrive/BUSI-XAI/data/raw/malignant/malignant (123).png,malignant (123).png,321,483,3,RGB,uint8,0,252,62.21797823829518,46.8413521732393,malignant
/content/drive/MyDrive/BUSI-XAI/data/raw/malignant/malignant (124).png,malignant (124).png,545,494,3,RGB,uint8,0,255,70.7608587453107,69.66079548569056,malignant
/content/drive/MyDrive/BUSI-XAI/data/raw/malignant/malignant (125).png,malignant (125).png,557,465,3,RGB,uint8,0,255,102.61613096272272,52.501991280838716,malignant
/content/drive/MyDrive/BUSI-XAI/data/raw/malignant/malignant (126).png,malignant (126).png,557,478,3,RGB,uint8,0,255,95.06253239485288,57.12266619328615,malignant
/content/drive/MyDrive/BUSI-XAI/data/raw/malignant/malignant (127).png,malignant (127).png,591,464,3,RGB,uint8,0,255,75.63353316996324,52.227972404105536,malignant
/content/drive/MyDrive/BUSI-XAI/data/raw/malignant/malignant (128).png,malignant (128).png,625,468,3,RGB,uint8,0,255,73.32080341880342,58.19640428317948,malignant
/content/drive/MyDrive/BUSI-XAI/data/raw/malignant/malignant (129).png,malignant (129).png,569,458,3,RGB,uint8,0,255,74.53489612512567,58.310344154917786,malignant
/content/drive/MyDrive/BUSI-XAI/data/raw/malignant/malignant (13).png,malignant (13).png,468,393,3,RGB,uint8,0,255,88.48323764163459,43.22873090261843,malignant
/content/drive/MyDrive/BUSI-XAI/data/raw/malignant/malignant (130).png,malignant (130).png,555,463,3,RGB,uint8,0,255,96.29608701574145,57.52697488953522,malignant
/content/drive/MyDrive/BUSI-XAI/data/raw/malignant/malignant (131).png,malignant (131).png,604,461,3,RGB,uint8,0,255,85.89430549769433,54.775955165501124,malignant
/content/drive/MyDrive/BUSI-XAI/data/raw/malignant/malignant (132).png,malignant (132).png,451,581,3,RGB,uint8,0,255,115.85210146891016,60.058987378104064,malignant
/content/drive/MyDrive/BUSI-XAI/data/raw/malignant/malignant (133).png,malignant (133).png,479,485,3,RGB,uint8,0,255,110.0836751824032,59.453941805144844,malignant
/content/drive/MyDrive/BUSI-XAI/data/raw/malignant/malignant (134).png,malignant (134).png,556,467,3,RGB,uint8,0,255,105.76807419161031,62.90274845509882,malignant
/content/drive/MyDrive/BUSI-XAI/data/raw/malignant/malignant (135).png,malignant (135).png,933,571,3,RGB,uint8,0,239,87.93520515520616,43.69842066351229,malignant
/content/drive/MyDrive/BUSI-XAI/data/raw/malignant/malignant (136).png,malignant (136).png,190,335,3,RGB,uint8,0,250,76.60025137470542,48.29069132607894,malignant
/content/drive/MyDrive/BUSI-XAI/data/raw/malignant/malignant (137).png,malignant (137).png,233,339,3,RGB,uint8,0,254,51.10078873738716,40.08723737788314,malignant
/content/drive/MyDrive/BUSI-XAI/data/raw/malignant/malignant (138).png,malignant (138).png,556,467,3,RGB,uint8,0,255,80.66376919877375,44.15183857876225,malignant
/content/drive/MyDrive/BUSI-XAI/data/raw/malignant/malignant (139).png,malignant (139).png,549,474,3,RGB,uint8,0,255,80.52327207888527,53.199706129567055,malignant
/content/drive/MyDrive/BUSI-XAI/data/raw/malignant/malignant (14).png,malignant (14).png,273,398,3,RGB,uint8,0,255,62.00297273915364,46.352898089539316,malignant
/content/drive/MyDrive/BUSI-XAI/data/raw/malignant/malignant (140).png,malignant (140).png,546,463,3,RGB,uint8,0,255,75.01415359298728,46.450636768270826,malignant
/content/drive/MyDrive/BUSI-XAI/data/raw/malignant/malignant (141).png,malignant (141).png,588,434,3,RGB,uint8,0,255,81.53998557948525,43.41219478103897,malignant
/content/drive/MyDrive/BUSI-XAI/data/raw/malignant/malignant (142).png,malignant (142).png,556,465,3,RGB,uint8,0,255,109.92625899280576,64.39982951087086,malignant
/content/drive/MyDrive/BUSI-XAI/data/raw/malignant/malignant (143).png,malignant (143).png,562,467,3,RGB,uint8,0,255,72.91760079861614,44.23837349910267,malignant
/content/drive/MyDrive/BUSI-XAI/data/raw/malignant/malignant (144).png,malignant (144).png,544,470,3,RGB,uint8,0,255,70.24551001251564,54.73833795069704,malignant
/content/drive/MyDrive/BUSI-XAI/data/raw/malignant/malignant (145).png,malignant (145).png,550,462,3,RGB,uint8,0,240,53.16157811885085,55.922187572705525,malignant
/content/drive/MyDrive/BUSI-XAI/data/raw/malignant/malignant (146).png,malignant (146).png,575,432,3,RGB,uint8,0,255,78.01081723027376,40.77444032272732,malignant
/content/drive/MyDrive/BUSI-XAI/data/raw/malignant/malignant (147).png,malignant (147).png,552,471,3,RGB,uint8,0,207,43.219225976183886,36.33925892046034,malignant
/content/drive/MyDrive/BUSI-XAI/data/raw/malignant/malignant (148).png,malignant (148).png,556,463,3,RGB,uint8,0,255,130.46684121385397,48.36220304432162,malignant
/content/drive/MyDrive/BUSI-XAI/data/raw/malignant/malignant (149).png,malignant (149).png,763,572,3,RGB,uint8,0,255,90.49788285109386,63.85296393453926,malignant
/content/drive/MyDrive/BUSI-XAI/data/raw/malignant/malignant (15).png,malignant (15).png,361,398,3,RGB,uint8,0,249,65.31178050919416,45.64489874777414,malignant
/content/drive/MyDrive/BUSI-XAI/data/raw/malignant/malignant (150).png,malignant (150).png,557,463,3,RGB,uint8,0,255,96.45136898922414,63.11830199722422,malignant
/content/drive/MyDrive/BUSI-XAI/data/raw/malignant/malignant (151).png,malignant (151).png,513,467,3,RGB,uint8,0,233,61.065320927825155,50.19325965933381,malignant
/content/drive/MyDrive/BUSI-XAI/data/raw/malignant/malignant (152).png,malignant (152).png,776,574,3,RGB,uint8,0,255,97.09915496246273,62.142237673315414,malignant
/content/drive/MyDrive/BUSI-XAI/data/raw/malignant/malignant (153).png,malignant (153).png,650,603,3,RGB,uint8,0,237,45.59240974614109,36.73984405087686,malignant
/content/drive/MyDrive/BUSI-XAI/data/raw/malignant/malignant (154).png,malignant (154).png,556,464,3,RGB,uint8,0,255,99.80599572066485,48.11227569599276,malignant
/content/drive/MyDrive/BUSI-XAI/data/raw/malignant/malignant (155).png,malignant (155).png,551,487,3,RGB,uint8,0,255,79.30765790778014,44.58012898440658,malignant
/content/drive/MyDrive/BUSI-XAI/data/raw/malignant/malignant (156).png,malignant (156).png,562,457,3,RGB,uint8,0,255,83.69030190706837,38.811312387107535,malignant
/content/drive/MyDrive/BUSI-XAI/data/raw/malignant/malignant (157).png,malignant (157).png,564,471,3,RGB,uint8,0,255,75.24606239930132,51.81232926356053,malignant
/content/drive/MyDrive/BUSI-XAI/data/raw/malignant/malignant (158).png,malignant (158).png,313,444,3,RGB,uint8,0,255,95.7160435195579,55.93925869003665,malignant
/content/drive/MyDrive/BUSI-XAI/data/raw/malignant/malignant (159).png,malignant (159).png,556,482,3,RGB,uint8,0,255,109.98729066539299,60.02271418692054,malignant
/content/drive/MyDrive/BUSI-XAI/data/raw/malignant/malignant (16).png,malignant (16).png,511,472,3,RGB,uint8,0,255,53.00665444956715,42.63413520359472,malignant
/content/drive/MyDrive/BUSI-XAI/data/raw/malignant/malignant (160).png,malignant (160).png,626,587,3,RGB,uint8,0,255,88.65212185205544,67.54135808852534,malignant
/content/drive/MyDrive/BUSI-XAI/data/raw/malignant/malignant (161).png,malignant (161).png,694,576,3,RGB,uint8,0,255,59.87849223503042,60.76862343094554,malignant
/content/drive/MyDrive/BUSI-XAI/data/raw/malignant/malignant (162).png,malignant (162).png,620,587,3,RGB,uint8,0,247,84.12594108919052,50.79695738981946,malignant
/content/drive/MyDrive/BUSI-XAI/data/raw/malignant/malignant (163).png,malignant (163).png,643,570,3,RGB,uint8,0,255,91.2703446017844,49.21751226007389,malignant
/content/drive/MyDrive/BUSI-XAI/data/raw/malignant/malignant (164).png,malignant (164).png,551,473,3,RGB,uint8,0,255,72.06585374276253,47.77226106348499,malignant
/content/drive/MyDrive/BUSI-XAI/data/raw/malignant/malignant (165).png,malignant (165).png,505,332,3,RGB,uint8,0,243,43.06900274364786,44.1336599411643,malignant
/content/drive/MyDrive/BUSI-XAI/data/raw/malignant/malignant (166).png,malignant (166).png,555,488,3,RGB,uint8,0,255,85.54199158174568,51.686828850133615,malignant
/content/drive/MyDrive/BUSI-XAI/data/raw/malignant/malignant (167).png,malignant (167).png,563,459,3,RGB,uint8,0,255,108.4222825897677,57.91453902572478,malignant
/content/drive/MyDrive/BUSI-XAI/data/raw/malignant/malignant (168).png,malignant (168).png,557,469,3,RGB,uint8,0,255,91.91586820960599,65.21939229696667,malignant
/content/drive/MyDrive/BUSI-XAI/data/raw/malignant/malignant (169).png,malignant (169).png,557,463,3,RGB,uint8,0,255,103.09498586612173,58.88167973980219,malignant
/content/drive/MyDrive/BUSI-XAI/data/raw/malignant/malignant (17).png,malignant (17).png,765,590,3,RGB,uint8,0,255,83.8746471696023,60.56465539104111,malignant
/content/drive/MyDrive/BUSI-XAI/data/raw/malignant/malignant (170).png,malignant (170).png,556,463,3,RGB,uint8,0,255,81.29280808614448,52.320916400408954,malignant
/content/drive/MyDrive/BUSI-XAI/data/raw/malignant/malignant (171).png,malignant (171).png,624,589,3,RGB,uint8,0,255,97.30900102302904,57.731198040165054,malignant
/content/drive/MyDrive/BUSI-XAI/data/raw/malignant/malignant (172).png,malignant (172).png,602,469,3,RGB,uint8,0,255,74.78828212992937,46.84640355885986,malignant
/content/drive/MyDrive/BUSI-XAI/data/raw/malignant/malignant (173).png,malignant (173).png,573,451,3,RGB,uint8,0,255,33.94444766913162,36.09668197460596,malignant
/content/drive/MyDrive/BUSI-XAI/data/raw/malignant/malignant (174).png,malignant (174).png,633,581,3,RGB,uint8,0,255,61.93860615107689,49.65809831924653,malignant
/content/drive/MyDrive/BUSI-XAI/data/raw/malignant/malignant (175).png,malignant (175).png,564,470,3,RGB,uint8,0,217,40.623419345103365,41.29668573263501,malignant
/content/drive/MyDrive/BUSI-XAI/data/raw/malignant/malignant (176).png,malignant (176).png,640,594,3,RGB,uint8,0,234,52.49629892676768,50.11810474650035,malignant
/content/drive/MyDrive/BUSI-XAI/data/raw/malignant/malignant (177).png,malignant (177).png,613,581,3,RGB,uint8,0,239,58.858167697590645,60.602226502534144,malignant
/content/drive/MyDrive/BUSI-XAI/data/raw/malignant/malignant (178).png,malignant (178).png,562,467,3,RGB,uint8,0,225,43.13535324285399,37.42741898149081,malignant
/content/drive/MyDrive/BUSI-XAI/data/raw/malignant/malignant (179).png,malignant (179).png,432,476,3,RGB,uint8,0,255,79.4629386476813,52.465754375726114,malignant
/content/drive/MyDrive/BUSI-XAI/data/raw/malignant/malignant (18).png,malignant (18).png,579,437,3,RGB,uint8,0,255,74.65685332953922,53.53920975912926,malignant
/content/drive/MyDrive/BUSI-XAI/data/raw/malignant/malignant (180).png,malignant (180).png,562,461,3,RGB,uint8,0,255,97.96043337630557,48.11105020021171,malignant
/content/drive/MyDrive/BUSI-XAI/data/raw/malignant/malignant (181).png,malignant (181).png,497,488,3,RGB,uint8,0,255,49.2365793119372,52.93658342406045,malignant
/content/drive/MyDrive/BUSI-XAI/data/raw/malignant/malignant (182).png,malignant (182).png,689,583,3,RGB,uint8,0,255,82.17022208834241,61.174553918540646,malignant
/content/drive/MyDrive/BUSI-XAI/data/raw/malignant/malignant (183).png,malignant (183).png,557,457,3,RGB,uint8,0,255,68.8914943684713,48.995285395774054,malignant
/content/drive/MyDrive/BUSI-XAI/data/raw/malignant/malignant (184).png,malignant (184).png,552,492,3,RGB,uint8,0,255,70.26680879580535,57.60952441187823,malignant
/content/drive/MyDrive/BUSI-XAI/data/raw/malignant/malignant (185).png,malignant (185).png,694,582,3,RGB,uint8,0,248,90.59646998821513,44.277878918610305,malignant
/content/drive/MyDrive/BUSI-XAI/data/raw/malignant/malignant (186).png,malignant (186).png,566,506,3,RGB,uint8,0,255,74.1533645721309,60.6351365207537,malignant
/content/drive/MyDrive/BUSI-XAI/data/raw/malignant/malignant (187).png,malignant (187).png,765,585,3,RGB,uint8,0,255,89.23578794480756,66.9641958086228,malignant
/content/drive/MyDrive/BUSI-XAI/data/raw/malignant/malignant (188).png,malignant (188).png,724,473,3,RGB,uint8,0,236,53.65258196769182,31.135436577652346,malignant
/content/drive/MyDrive/BUSI-XAI/data/raw/malignant/malignant (189).png,malignant (189).png,433,400,3,RGB,uint8,0,255,74.89482101616628,32.26106510808219,malignant
/content/drive/MyDrive/BUSI-XAI/data/raw/malignant/malignant (19).png,malignant (19).png,554,459,3,RGB,uint8,0,255,94.7961350605224,65.52454250966426,malignant
/content/drive/MyDrive/BUSI-XAI/data/raw/malignant/malignant (190).png,malignant (190).png,576,427,3,RGB,uint8,0,252,72.96654225214677,45.68561621416751,malignant
/content/drive/MyDrive/BUSI-XAI/data/raw/malignant/malignant (191).png,malignant (191).png,673,471,3,RGB,uint8,0,255,52.82369086039314,42.41108589355797,malignant
/content/drive/MyDrive/BUSI-XAI/data/raw/malignant/malignant (192).png,malignant (192).png,556,488,3,RGB,uint8,0,255,82.54123791131029,52.372687239853406,malignant
/content/drive/MyDrive/BUSI-XAI/data/raw/malignant/malignant (193).png,malignant (193).png,781,574,3,RGB,uint8,0,255,118.55051149468875,53.085904825047926,malignant
/content/drive/MyDrive/BUSI-XAI/data/raw/malignant/malignant (194).png,malignant (194).png,923,555,3,RGB,uint8,0,253,95.68000351380633,55.85086333224835,malignant
/content/drive/MyDrive/BUSI-XAI/data/raw/malignant/malignant (195).png,malignant (195).png,555,475,3,RGB,uint8,0,255,112.61752868658132,52.97812822632442,malignant
/content/drive/MyDrive/BUSI-XAI/data/raw/malignant/malignant (196).png,malignant (196).png,557,465,3,RGB,uint8,0,255,73.94634723911379,39.672990644954005,malignant
/content/drive/MyDrive/BUSI-XAI/data/raw/malignant/malignant (197).png,malignant (197).png,552,484,3,RGB,uint8,0,255,78.17371840939035,54.983847877788946,malignant
/content/drive/MyDrive/BUSI-XAI/data/raw/malignant/malignant (198).png,malignant (198).png,616,677,3,RGB,uint8,0,239,42.23647106217269,37.82452035928132,malignant
/content/drive/MyDrive/BUSI-XAI/data/raw/malignant/malignant (199).png,malignant (199).png,504,473,3,RGB,uint8,0,255,109.86517165005537,53.42525397023258,malignant
/content/drive/MyDrive/BUSI-XAI/data/raw/malignant/malignant (2).png,malignant (2).png,548,495,3,RGB,uint8,0,252,102.85501364005013,52.25836338475886,malignant
/content/drive/MyDrive/BUSI-XAI/data/raw/malignant/malignant (20).png,malignant (20).png,558,475,3,RGB,uint8,0,255,71.22345972458027,48.606120322010035,malignant
/content/drive/MyDrive/BUSI-XAI/data/raw/malignant/malignant (200).png,malignant (200).png,438,463,3,RGB,uint8,0,255,110.08017988697891,48.760609317275055,malignant
/content/drive/MyDrive/BUSI-XAI/data/raw/malignant/malignant (201).png,malignant (201).png,678,576,3,RGB,uint8,0,244,61.05876659292036,57.121104278410954,malignant
/content/drive/MyDrive/BUSI-XAI/data/raw/malignant/malignant (202).png,malignant (202).png,550,491,3,RGB,uint8,0,255,72.51346417330124,50.108924477864534,malignant
/content/drive/MyDrive/BUSI-XAI/data/raw/malignant/malignant (203).png,malignant (203).png,577,411,3,RGB,uint8,0,253,55.462097348901736,46.99131686710776,malignant
/content/drive/MyDrive/BUSI-XAI/data/raw/malignant/malignant (204).png,malignant (204).png,875,585,3,RGB,uint8,0,255,78.31338510378511,62.509907632069726,malignant
/content/drive/MyDrive/BUSI-XAI/data/raw/malignant/malignant (205).png,malignant (205).png,510,470,3,RGB,uint8,0,255,77.88433875677931,58.24407548936402,malignant
/content/drive/MyDrive/BUSI-XAI/data/raw/malignant/malignant (206).png,malignant (206).png,792,571,3,RGB,uint8,0,254,93.46567469794265,60.34884051383061,malignant
/content/drive/MyDrive/BUSI-XAI/data/raw/malignant/malignant (207).png,malignant (207).png,557,458,3,RGB,uint8,0,255,78.4739402444474,51.910359108384725,malignant
/content/drive/MyDrive/BUSI-XAI/data/raw/malignant/malignant (208).png,malignant (208).png,617,664,3,RGB,uint8,0,255,44.635715471285465,38.93465743222345,malignant
/content/drive/MyDrive/BUSI-XAI/data/raw/malignant/malignant (209).png,malignant (209).png,508,471,3,RGB,uint8,0,255,71.00747697142953,54.18406430134778,malignant
/content/drive/MyDrive/BUSI-XAI/data/raw/malignant/malignant (21).png,malignant (21).png,601,367,3,RGB,uint8,0,255,57.99511259617259,57.601606191937364,malignant
/content/drive/MyDrive/BUSI-XAI/data/raw/malignant/malignant (210).png,malignant (210).png,775,587,3,RGB,uint8,0,254,94.42072869154256,62.01832747547517,malignant
/content/drive/MyDrive/BUSI-XAI/data/raw/malignant/malignant (22).png,malignant (22).png,570,474,3,RGB,uint8,0,255,82.17420238359612,60.28810474734626,malignant
/content/drive/MyDrive/BUSI-XAI/data/raw/malignant/malignant (23).png,malignant (23).png,569,468,3,RGB,uint8,0,255,92.96129812386403,69.2969726843378,malignant
/content/drive/MyDrive/BUSI-XAI/data/raw/malignant/malignant (24).png,malignant (24).png,564,462,3,RGB,uint8,0,255,103.2362876485217,69.55019020484667,malignant
/content/drive/MyDrive/BUSI-XAI/data/raw/malignant/malignant (25).png,malignant (25).png,563,470,3,RGB,uint8,0,255,87.91871433430332,71.24088410186278,malignant
/content/drive/MyDrive/BUSI-XAI/data/raw/malignant/malignant (26).png,malignant (26).png,564,469,3,RGB,uint8,0,255,109.50440805093076,56.53476508717106,malignant
/content/drive/MyDrive/BUSI-XAI/data/raw/malignant/malignant (27).png,malignant (27).png,567,475,3,RGB,uint8,0,255,101.68486029889539,60.898728678186686,malignant
/content/drive/MyDrive/BUSI-XAI/data/raw/malignant/malignant (28).png,malignant (28).png,562,470,3,RGB,uint8,0,255,103.48856288331945,59.20518816990049,malignant
/content/drive/MyDrive/BUSI-XAI/data/raw/malignant/malignant (29).png,malignant (29).png,567,470,3,RGB,uint8,0,255,73.56327066681676,63.102206280284896,malignant
/content/drive/MyDrive/BUSI-XAI/data/raw/malignant/malignant (3).png,malignant (3).png,425,475,3,RGB,uint8,0,255,94.0310786377709,61.0645540173519,malignant
/content/drive/MyDrive/BUSI-XAI/data/raw/malignant/malignant (30).png,malignant (30).png,573,468,3,RGB,uint8,0,255,60.86649214659686,57.088087864953934,malignant
/content/drive/MyDrive/BUSI-XAI/data/raw/malignant/malignant (31).png,malignant (31).png,723,509,3,RGB,uint8,0,252,57.82015831220602,57.924508962762836,malignant
/content/drive/MyDrive/BUSI-XAI/data/raw/malignant/malignant (32).png,malignant (32).png,557,492,3,RGB,uint8,0,255,80.81987199135905,60.937388750137984,malignant
/content/drive/MyDrive/BUSI-XAI/data/raw/malignant/malignant (33).png,malignant (33).png,557,496,3,RGB,uint8,0,255,83.63266273817108,56.173293991929526,malignant
/content/drive/MyDrive/BUSI-XAI/data/raw/malignant/malignant (34).png,malignant (34).png,620,589,3,RGB,uint8,0,255,118.47554904430692,51.681714440689134,malignant
/content/drive/MyDrive/BUSI-XAI/data/raw/malignant/malignant (35).png,malignant (35).png,592,387,3,RGB,uint8,0,255,90.35589950415532,55.91512651746916,malignant
/content/drive/MyDrive/BUSI-XAI/data/raw/malignant/malignant (36).png,malignant (36).png,623,494,3,RGB,uint8,0,255,52.04461239529247,43.449453427231795,malignant
/content/drive/MyDrive/BUSI-XAI/data/raw/malignant/malignant (37).png,malignant (37).png,626,490,3,RGB,uint8,1,255,52.5393786268501,44.5033763854004,malignant
/content/drive/MyDrive/BUSI-XAI/data/raw/malignant/malignant (38).png,malignant (38).png,1048,578,3,RGB,uint8,0,255,108.08365084920362,55.48229592048984,malignant
/content/drive/MyDrive/BUSI-XAI/data/raw/malignant/malignant (39).png,malignant (39).png,564,469,3,RGB,uint8,0,255,74.05054514660739,63.38972802028574,malignant
/content/drive/MyDrive/BUSI-XAI/data/raw/malignant/malignant (4).png,malignant (4).png,432,473,3,RGB,uint8,0,255,99.25020064990996,64.02395503892824,malignant
/content/drive/MyDrive/BUSI-XAI/data/raw/malignant/malignant (40).png,malignant (40).png,548,461,3,RGB,uint8,0,255,74.98588438336209,63.112674624882196,malignant
/content/drive/MyDrive/BUSI-XAI/data/raw/malignant/malignant (41).png,malignant (41).png,580,476,3,RGB,uint8,0,255,76.20173500434656,64.98234779613271,malignant
/content/drive/MyDrive/BUSI-XAI/data/raw/malignant/malignant (42).png,malignant (42).png,578,439,3,RGB,uint8,0,255,73.84512615176045,61.74544347731404,malignant
/content/drive/MyDrive/BUSI-XAI/data/raw/malignant/malignant (43).png,malignant (43).png,543,571,3,RGB,uint8,0,255,50.12263064701841,53.681566088130566,malignant
/content/drive/MyDrive/BUSI-XAI/data/raw/malignant/malignant (44).png,malignant (44).png,765,580,3,RGB,uint8,0,255,92.09299301329727,60.99915881912018,malignant
/content/drive/MyDrive/BUSI-XAI/data/raw/malignant/malignant (45).png,malignant (45).png,781,592,3,RGB,uint8,0,248,80.93687709796865,59.64061234026597,malignant
/content/drive/MyDrive/BUSI-XAI/data/raw/malignant/malignant (46).png,malignant (46).png,785,571,3,RGB,uint8,0,251,94.09608575858645,51.21039619800453,malignant
/content/drive/MyDrive/BUSI-XAI/data/raw/malignant/malignant (47).png,malignant (47).png,562,471,3,RGB,uint8,0,255,78.78967291520276,50.127788294248504,malignant
/content/drive/MyDrive/BUSI-XAI/data/raw/malignant/malignant (48).png,malignant (48).png,552,493,3,RGB,uint8,0,255,84.89230017344269,61.18033318644571,malignant
/content/drive/MyDrive/BUSI-XAI/data/raw/malignant/malignant (49).png,malignant (49).png,622,491,3,RGB,uint8,0,255,81.86859941978113,53.657037418250745,malignant
/content/drive/MyDrive/BUSI-XAI/data/raw/malignant/malignant (5).png,malignant (5).png,431,476,3,RGB,uint8,0,255,98.86997211877791,64.2415935520113,malignant
/content/drive/MyDrive/BUSI-XAI/data/raw/malignant/malignant (50).png,malignant (50).png,567,469,3,RGB,uint8,0,255,58.84419926068824,56.99293370641877,malignant
/content/drive/MyDrive/BUSI-XAI/data/raw/malignant/malignant (51).png,malignant (51).png,588,437,3,RGB,uint8,0,255,79.61815252416756,55.60919495120551,malignant
/content/drive/MyDrive/BUSI-XAI/data/raw/malignant/malignant (52).png,malignant (52).png,552,462,3,RGB,uint8,0,255,73.9565138967313,50.038730205618414,malignant
/content/drive/MyDrive/BUSI-XAI/data/raw/malignant/malignant (53).png,malignant (53).png,569,471,3,RGB,uint8,0,255,81.5808678390591,51.81765626490916,malignant
/content/drive/MyDrive/BUSI-XAI/data/raw/malignant/malignant (54).png,malignant (54).png,777,580,3,RGB,uint8,0,250,89.63999467447744,52.2923226426028,malignant
/content/drive/MyDrive/BUSI-XAI/data/raw/malignant/malignant (55).png,malignant (55).png,786,556,3,RGB,uint8,0,244,107.25515312940487,46.344732125259505,malignant
/content/drive/MyDrive/BUSI-XAI/data/raw/malignant/malignant (56).png,malignant (56).png,690,538,3,RGB,uint8,0,213,42.58306125747535,33.40400438562974,malignant
/content/drive/MyDrive/BUSI-XAI/data/raw/malignant/malignant (57).png,malignant (57).png,717,533,3,RGB,uint8,0,215,49.269352445696974,31.876152010672357,malignant
/content/drive/MyDrive/BUSI-XAI/data/raw/malignant/malignant (58).png,malignant (58).png,688,558,3,RGB,uint8,0,255,53.72461604984579,38.0365324598423,malignant
/content/drive/MyDrive/BUSI-XAI/data/raw/malignant/malignant (59).png,malignant (59).png,682,561,3,RGB,uint8,0,255,45.89616625109121,38.72644253061112,malignant
/content/drive/MyDrive/BUSI-XAI/data/raw/malignant/malignant (6).png,malignant (6).png,432,478,3,RGB,uint8,0,255,95.86722260963893,64.16379288265712,malignant
/content/drive/MyDrive/BUSI-XAI/data/raw/malignant/malignant (60).png,malignant (60).png,681,559,3,RGB,uint8,0,255,55.19644634981179,42.70625658027863,malignant
/content/drive/MyDrive/BUSI-XAI/data/raw/malignant/malignant (61).png,malignant (61).png,566,462,3,RGB,uint8,0,255,105.57433879430346,47.15332841049737,malignant
/content/drive/MyDrive/BUSI-XAI/data/raw/malignant/malignant (62).png,malignant (62).png,693,565,3,RGB,uint8,0,228,77.14132985991392,52.479501023094215,malignant
/content/drive/MyDrive/BUSI-XAI/data/raw/malignant/malignant (63).png,malignant (63).png,795,572,3,RGB,uint8,0,255,97.41859084311915,69.80354448456431,malignant
/content/drive/MyDrive/BUSI-XAI/data/raw/malignant/malignant (64).png,malignant (64).png,772,479,3,RGB,uint8,0,255,47.373976440555126,47.5372536595733,malignant
/content/drive/MyDrive/BUSI-XAI/data/raw/malignant/malignant (65).png,malignant (65).png,922,584,3,RGB,uint8,0,255,62.16954531047257,39.57999347517079,malignant
/content/drive/MyDrive/BUSI-XAI/data/raw/malignant/malignant (66).png,malignant (66).png,655,584,3,RGB,uint8,0,253,72.86798337341838,37.40045557063544,malignant
/content/drive/MyDrive/BUSI-XAI/data/raw/malignant/malignant (67).png,malignant (67).png,946,604,3,RGB,uint8,0,255,62.905828071256224,41.83409051476614,malignant
/content/drive/MyDrive/BUSI-XAI/data/raw/malignant/malignant (68).png,malignant (68).png,574,464,3,RGB,uint8,0,255,63.73074612519524,51.6447147701191,malignant
/content/drive/MyDrive/BUSI-XAI/data/raw/malignant/malignant (69).png,malignant (69).png,646,461,3,RGB,uint8,0,236,50.60775471279961,46.35945000356203,malignant
/content/drive/MyDrive/BUSI-XAI/data/raw/malignant/malignant (7).png,malignant (7).png,432,474,3,RGB,uint8,0,255,97.4115682137834,64.74668740584461,malignant
/content/drive/MyDrive/BUSI-XAI/data/raw/malignant/malignant (70).png,malignant (70).png,668,463,3,RGB,uint8,0,253,43.85830498829555,43.71490020531417,malignant
/content/drive/MyDrive/BUSI-XAI/data/raw/malignant/malignant (71).png,malignant (71).png,528,592,3,RGB,uint8,0,247,60.642704494266994,55.00305635061465,malignant
/content/drive/MyDrive/BUSI-XAI/data/raw/malignant/malignant (72).png,malignant (72).png,528,598,3,RGB,uint8,0,255,59.680586171075305,57.639651202649766,malignant
/content/drive/MyDrive/BUSI-XAI/data/raw/malignant/malignant (73).png,malignant (73).png,549,474,3,RGB,uint8,0,255,87.89991392097639,53.71133211012723,malignant
/content/drive/MyDrive/BUSI-XAI/data/raw/malignant/malignant (74).png,malignant (74).png,558,464,3,RGB,uint8,0,255,93.70366379310344,50.159902381609285,malignant
/content/drive/MyDrive/BUSI-XAI/data/raw/malignant/malignant (75).png,malignant (75).png,441,412,3,RGB,uint8,0,238,55.710488078726634,47.94555257339906,malignant
/content/drive/MyDrive/BUSI-XAI/data/raw/malignant/malignant (76).png,malignant (76).png,769,494,3,RGB,uint8,0,217,29.914555945731088,32.9035743989032,malignant
/content/drive/MyDrive/BUSI-XAI/data/raw/malignant/malignant (77).png,malignant (77).png,801,587,3,RGB,uint8,0,255,75.6947576177138,54.31675965382833,malignant
/content/drive/MyDrive/BUSI-XAI/data/raw/malignant/malignant (78).png,malignant (78).png,880,567,3,RGB,uint8,0,255,73.82427248677249,54.00199156944339,malignant
/content/drive/MyDrive/BUSI-XAI/data/raw/malignant/malignant (79).png,malignant (79).png,564,468,3,RGB,uint8,0,255,78.43590122446506,66.10200721090459,malignant
/content/drive/MyDrive/BUSI-XAI/data/raw/malignant/malignant (8).png,malignant (8).png,426,473,3,RGB,uint8,0,255,96.05020397224786,64.54484013564482,malignant
/content/drive/MyDrive/BUSI-XAI/data/raw/malignant/malignant (80).png,malignant (80).png,643,443,3,RGB,uint8,0,255,106.03138856025473,56.41789576037547,malignant
/content/drive/MyDrive/BUSI-XAI/data/raw/malignant/malignant (81).png,malignant (81).png,764,452,3,RGB,uint8,0,255,99.1146040865496,60.25541702310172,malignant
/content/drive/MyDrive/BUSI-XAI/data/raw/malignant/malignant (82).png,malignant (82).png,569,459,3,RGB,uint8,0,255,62.4038350352834,67.71372106118368,malignant
/content/drive/MyDrive/BUSI-XAI/data/raw/malignant/malignant (83).png,malignant (83).png,654,616,3,RGB,uint8,0,241,71.33937755669407,34.998325672220396,malignant
/content/drive/MyDrive/BUSI-XAI/data/raw/malignant/malignant (84).png,malignant (84).png,649,612,3,RGB,uint8,0,251,74.08926755088271,38.1098579381624,malignant
/content/drive/MyDrive/BUSI-XAI/data/raw/malignant/malignant (85).png,malignant (85).png,733,485,3,RGB,uint8,0,255,55.44828905359981,32.55135272872304,malignant
/content/drive/MyDrive/BUSI-XAI/data/raw/malignant/malignant (86).png,malignant (86).png,735,483,3,RGB,uint8,0,255,56.426557372431375,32.7233770219169,malignant
/content/drive/MyDrive/BUSI-XAI/data/raw/malignant/malignant (87).png,malignant (87).png,561,499,3,RGB,uint8,0,255,61.993319973279895,58.30779227591025,malignant
/content/drive/MyDrive/BUSI-XAI/data/raw/malignant/malignant (88).png,malignant (88).png,775,591,3,RGB,uint8,0,255,83.03475574477376,60.28703751249307,malignant
/content/drive/MyDrive/BUSI-XAI/data/raw/malignant/malignant (89).png,malignant (89).png,786,585,3,RGB,uint8,0,255,63.81108718818643,61.31487648325907,malignant
/content/drive/MyDrive/BUSI-XAI/data/raw/malignant/malignant (9).png,malignant (9).png,430,480,3,RGB,uint8,0,255,95.41061046511628,64.97416961281917,malignant
/content/drive/MyDrive/BUSI-XAI/data/raw/malignant/malignant (90).png,malignant (90).png,783,587,3,RGB,uint8,0,255,114.80317914107493,60.15050235480797,malignant
/content/drive/MyDrive/BUSI-XAI/data/raw/malignant/malignant (91).png,malignant (91).png,550,494,3,RGB,uint8,0,255,71.83302907618697,56.31222483764201,malignant
/content/drive/MyDrive/BUSI-XAI/data/raw/malignant/malignant (92).png,malignant (92).png,617,581,3,RGB,uint8,0,255,118.71258407094457,51.30426137654705,malignant
/content/drive/MyDrive/BUSI-XAI/data/raw/malignant/malignant (93).png,malignant (93).png,554,470,3,RGB,uint8,0,255,94.41694830632153,45.33974347246098,malignant
/content/drive/MyDrive/BUSI-XAI/data/raw/malignant/malignant (94).png,malignant (94).png,564,452,3,RGB,uint8,0,255,110.41307741793761,43.393836360232676,malignant
/content/drive/MyDrive/BUSI-XAI/data/raw/malignant/malignant (95).png,malignant (95).png,781,486,3,RGB,uint8,0,255,81.48872923286069,55.86852762881242,malignant
/content/drive/MyDrive/BUSI-XAI/data/raw/malignant/malignant (96).png,malignant (96).png,560,483,3,RGB,uint8,0,255,85.202950310559,54.56094122606678,malignant
/content/drive/MyDrive/BUSI-XAI/data/raw/malignant/malignant (97).png,malignant (97).png,583,486,3,RGB,uint8,0,255,86.19192272127283,54.685988478610554,malignant
/content/drive/MyDrive/BUSI-XAI/data/raw/malignant/malignant (98).png,malignant (98).png,770,486,3,RGB,uint8,0,255,83.46243386243387,68.78691491522325,malignant
/content/drive/MyDrive/BUSI-XAI/data/raw/malignant/malignant (99).png,malignant (99).png,550,486,3,RGB,uint8,0,255,99.00660680882903,68.77815506422128,malignant
