image_id,class_name,source_image,processed_image,processed_mask,num_masks,mask_paths,image_width,image_height,mask_width,mask_height,mask_empty,lesion_pixels,lesion_area_ratio,image_sha256,include_in_experiment,exclusion_reason
benign (1),benign,/content/drive/MyDrive/BUSI-XAI/data/raw/benign/benign (1).png,/content/drive/MyDrive/BUSI-XAI/data/processed/images/benign/benign (1).png,/content/drive/MyDrive/BUSI-XAI/data/processed/masks/benign/benign (1)_mask.png,1,/content/drive/MyDrive/BUSI-XAI/data/raw/benign/benign (1)_mask.png,562,471,562,471,False,984,0.0037173878550218736,6941fb64feb59a1654e5d4406d38154f1c894aaa4b8060062ab16ee0e2d9d4cb,True,
benign (10),benign,/content/drive/MyDrive/BUSI-XAI/data/raw/benign/benign (10).png,/content/drive/MyDrive/BUSI-XAI/data/processed/images/benign/benign (10).png,/content/drive/MyDrive/BUSI-XAI/data/processed/masks/benign/benign (10)_mask.png,1,/content/drive/MyDrive/BUSI-XAI/data/raw/benign/benign (10)_mask.png,683,585,683,585,False,32918,0.08238665515385867,05168bd19ca6820136249f830b97aae5e0baead5dad117c6d31dd22655193146,True,
benign (100),benign,/content/drive/MyDrive/BUSI-XAI/data/raw/benign/benign (100).png,/content/drive/MyDrive/BUSI-XAI/data/processed/images/benign/benign (100).png,/content/drive/MyDrive/BUSI-XAI/data/processed/masks/benign/benign (100)_mask.png,2,/content/drive/MyDrive/BUSI-XAI/data/raw/benign/benign (100)_mask.png;/content/drive/MyDrive/BUSI-XAI/data/raw/benign/benign (100)_mask_1.png,323,473,323,473,False,10011,0.06552602124637548,22fe3fc5bc7366214a53f9e7468c1a297ed49055a889b1848e5b898c17546ed5,True,
benign (101),benign,/content/drive/MyDrive/BUSI-XAI/data/raw/benign/benign (101).png,/content/drive/MyDrive/BUSI-XAI/data/processed/images/benign/benign (101).png,/content/drive/MyDrive/BUSI-XAI/data/processed/masks/benign/benign (101)_mask.png,1,/content/drive/MyDrive/BUSI-XAI/data/raw/benign/benign (101)_mask.png,563,473,563,473,False,4167,0.015647824437943814,737ea97bbe347b92271b4d77b9a95c6534bdb057e569c25e249161db8b442612,True,
benign (102),benign,/content/drive/MyDrive/BUSI-XAI/data/raw/benign/benign (102).png,/content/drive/MyDrive/BUSI-XAI/data/processed/images/benign/benign (102).png,/content/drive/MyDrive/BUSI-XAI/data/processed/masks/benign/benign (102)_mask.png,1,/content/drive/MyDrive/BUSI-XAI/data/raw/benign/benign (102)_mask.png,634,610,634,610,False,18857,0.048758856079019496,f90bf5c1123179a7c2544e07727f9fe6829af143dc1479274d19918e5e25f8bb,True,
benign (103),benign,/content/drive/MyDrive/BUSI-XAI/data/raw/benign/benign (103).png,/content/drive/MyDrive/BUSI-XAI/data/processed/images/benign/benign (103).png,/content/drive/MyDrive/BUSI-XAI/data/processed/masks/benign/benign (103)_mask.png,1,/content/drive/MyDrive/BUSI-XAI/data/raw/benign/benign (103)_mask.png,766,585,766,585,False,49587,0.11065809734217046,f13ec0208399eb2c56dcdc08fc2fb5e1c803fe2cfd0e3cc3ef094178774a32df,True,
benign (104),benign,/content/drive/MyDrive/BUSI-XAI/data/raw/benign/benign (104).png,/content/drive/MyDrive/BUSI-XAI/data/processed/images/benign/benign (104).png,/content/drive/MyDrive/BUSI-XAI/data/processed/masks/benign/benign (104)_mask.png,1,/content/drive/MyDrive/BUSI-XAI/data/raw/benign/benign (104)_mask.png,777,578,777,578,False,3930,0.008750718093278646,d72c822c09cf7d3b42ab277fb920c3b5a962f8c6ddce4657ff13cde22ef8f142,True,
benign (105),benign,/content/drive/MyDrive/BUSI-XAI/data/raw/benign/benign (105).png,/content/drive/MyDrive/BUSI-XAI/data/processed/images/benign/benign (105).png,/content/drive/MyDrive/BUSI-XAI/data/processed/masks/benign/benign (105)_mask.png,1,/content/drive/MyDrive/BUSI-XAI/data/raw/benign/benign (105)_mask.png,882,581,882,581,False,8813,0.017198043876185013,d04506fd5b1d50cf1f3e447edc4b76c4fe4be961636a3dbc4edeb2e9ea80f8f7,True,
benign (106),benign,/content/drive/MyDrive/BUSI-XAI/data/raw/benign/benign (106).png,/content/drive/MyDrive/BUSI-XAI/data/processed/images/benign/benign (106).png,/content/drive/MyDrive/BUSI-XAI/data/processed/masks/benign/benign (106)_mask.png,1,/content/drive/MyDrive/BUSI-XAI/data/raw/benign/benign (106)_mask.png,808,716,808,716,False,11670,0.020171884506886444,a5f40c2ff6311c66bac1e9f51a9a8ef7f366aa9de87f525c38db54409a872e1f,True,
benign (107),benign,/content/drive/MyDrive/BUSI-XAI/data/raw/benign/benign (107).png,/content/drive/MyDrive/BUSI-XAI/data/processed/images/benign/benign (107).png,/content/drive/MyDrive/BUSI-XAI/data/processed/masks/benign/benign (107)_mask.png,1,/content/drive/MyDrive/BUSI-XAI/data/raw/benign/benign (107)_mask.png,759,616,759,616,False,9871,0.021112451448419826,2fee8486caeebc6d0ec9677289b388b2a423cabcb2fb03aee1b56c0a03fb5a7b,True,
benign (108),benign,/content/drive/MyDrive/BUSI-XAI/data/raw/benign/benign (108).png,/content/drive/MyDrive/BUSI-XAI/data/processed/images/benign/benign (108).png,/content/drive/MyDrive/BUSI-XAI/data/processed/masks/benign/benign (108)_mask.png,1,/content/drive/MyDrive/BUSI-XAI/data/raw/benign/benign (108)_mask.png,769,582,769,582,False,13857,0.030961350260748328,31e9c6cb182f60f58ebed596fa0ae62eac067967f94ebfa17282560b2ca07858,True,
benign (109),benign,/content/drive/MyDrive/BUSI-XAI/data/raw/benign/benign (109).png,/content/drive/MyDrive/BUSI-XAI/data/processed/images/benign/benign (109).png,/content/drive/MyDrive/BUSI-XAI/data/processed/masks/benign/benign (109)_mask.png,1,/content/drive/MyDrive/BUSI-XAI/data/raw/benign/benign (109)_mask.png,562,470,562,470,False,28435,0.10765124555160142,74aa8cad60ec76274b479b12734cd6fc680e00e691a8e994d80c1662986aaf1e,True,
benign (11),benign,/content/drive/MyDrive/BUSI-XAI/data/raw/benign/benign (11).png,/content/drive/MyDrive/BUSI-XAI/data/processed/images/benign/benign (11).png,/content/drive/MyDrive/BUSI-XAI/data/processed/masks/benign/benign (11)_mask.png,1,/content/drive/MyDrive/BUSI-XAI/data/raw/benign/benign (11)_mask.png,689,587,689,587,False,1951,0.004823918327180839,8d6e322fdac273a60a0076b39c10f0207c8a6127d1a92e1de651a0f27a186dbb,True,
benign (110),benign,/content/drive/MyDrive/BUSI-XAI/data/raw/benign/benign (110).png,/content/drive/MyDrive/BUSI-XAI/data/processed/images/benign/benign (110).png,/content/drive/MyDrive/BUSI-XAI/data/processed/masks/benign/benign (110)_mask.png,1,/content/drive/MyDrive/BUSI-XAI/data/raw/benign/benign (110)_mask.png,555,468,555,468,False,37724,0.14523754523754523,56474a287b1b72ddf28f0e406322bfe3a5054a5c8bf04d550207517f0a5c5f9b,True,
benign (111),benign,/content/drive/MyDrive/BUSI-XAI/data/raw/benign/benign (111).png,/content/drive/MyDrive/BUSI-XAI/data/processed/images/benign/benign (111).png,/content/drive/MyDrive/BUSI-XAI/data/processed/masks/benign/benign (111)_mask.png,1,/content/drive/MyDrive/BUSI-XAI/data/raw/benign/benign (111)_mask.png,315,477,315,477,False,2367,0.015753219526804432,409abf7536930f2ff797492b5a6e85f38bbd7973d0bb9464ec436445ffc9f88d,True,
benign (112),benign,/content/drive/MyDrive/BUSI-XAI/data/raw/benign/benign (112).png,/content/drive/MyDrive/BUSI-XAI/data/processed/images/benign/benign (112).png,/content/drive/MyDrive/BUSI-XAI/data/processed/masks/benign/benign (112)_mask.png,1,/content/drive/MyDrive/BUSI-XAI/data/raw/benign/benign (112)_mask.png,652,612,652,612,False,4986,0.01249548899314327,7e868991dc5cd422e223f114566a861012f645f1fc92a50a1a99943882a0f9b0,True,
benign (113),benign,/content/drive/MyDrive/BUSI-XAI/data/raw/benign/benign (113).png,/content/drive/MyDrive/BUSI-XAI/data/processed/images/benign/benign (113).png,/content/drive/MyDrive/BUSI-XAI/data/processed/masks/benign/benign (113)_mask.png,1,/content/drive/MyDrive/BUSI-XAI/data/raw/benign/benign (113)_mask.png,810,695,810,695,False,21535,0.038253841371347366,937bb9cca674f76fad2c43c7e98c295b89129973eddf5818904e282504c0a821,True,
benign (114),benign,/content/drive/MyDrive/BUSI-XAI/data/raw/benign/benign (114).png,/content/drive/MyDrive/BUSI-XAI/data/processed/images/benign/benign (114).png,/content/drive/MyDrive/BUSI-XAI/data/processed/masks/benign/benign (114)_mask.png,1,/content/drive/MyDrive/BUSI-XAI/data/raw/benign/benign (114)_mask.png,757,575,757,575,False,21951,0.05043018781230257,cc57fe654f8f6ac92448cf9bdff6a76d65469d457b1d522b16d4f9e319efa543,True,
benign (115),benign,/content/drive/MyDrive/BUSI-XAI/data/raw/benign/benign (115).png,/content/drive/MyDrive/BUSI-XAI/data/processed/images/benign/benign (115).png,/content/drive/MyDrive/BUSI-XAI/data/processed/masks/benign/benign (115)_mask.png,1,/content/drive/MyDrive/BUSI-XAI/data/raw/benign/benign (115)_mask.png,554,469,554,469,False,4295,0.01653029335016511,9548a6512bb031531df08084d0ece90ee3b093777ca4c6d4dc26c607a0aa60e0,True,
benign (116),benign,/content/drive/MyDrive/BUSI-XAI/data/raw/benign/benign (116).png,/content/drive/MyDrive/BUSI-XAI/data/processed/images/benign/benign (116).png,/content/drive/MyDrive/BUSI-XAI/data/processed/masks/benign/benign (116)_mask.png,1,/content/drive/MyDrive/BUSI-XAI/data/raw/benign/benign (116)_mask.png,766,588,766,588,False,5501,0.012213370988081916,d28dc6d3cf375ca9ca249fe94ea2c0d93a894188a2bb234f4c492fd9ad6a51b7,True,
benign (117),benign,/content/drive/MyDrive/BUSI-XAI/data/raw/benign/benign (117).png,/content/drive/MyDrive/BUSI-XAI/data/processed/images/benign/benign (117).png,/content/drive/MyDrive/BUSI-XAI/data/processed/masks/benign/benign (117)_mask.png,1,/content/drive/MyDrive/BUSI-XAI/data/raw/benign/benign (117)_mask.png,806,688,806,688,False,13557,0.02444781868544059,9b8c4c9991def7b5b2b2fa87c25551bc6b46945a67d38dfa719741657f94dd41,True,
benign (118),benign,/content/drive/MyDrive/BUSI-XAI/data/raw/benign/benign (118).png,/content/drive/MyDrive/BUSI-XAI/data/processed/images/benign/benign (118).png,/content/drive/MyDrive/BUSI-XAI/data/processed/masks/benign/benign (118)_mask.png,1,/content/drive/MyDrive/BUSI-XAI/data/raw/benign/benign (118)_mask.png,653,620,653,620,False,6834,0.016879909104381762,b09f90688f563e9325a8604fca3b7f5716eb927f0308fc9b77aa5253e6318689,True,
benign (119),benign,/content/drive/MyDrive/BUSI-XAI/data/raw/benign/benign (119).png,/content/drive/MyDrive/BUSI-XAI/data/processed/images/benign/benign (119).png,/content/drive/MyDrive/BUSI-XAI/data/processed/masks/benign/benign (119)_mask.png,1,/content/drive/MyDrive/BUSI-XAI/data/raw/benign/benign (119)_mask.png,762,585,762,585,False,5148,0.011548556430446194,596ffa70be703d31252eebe8cf7b498c623bc8f123fd81ac60eb65357c2c6f32,True,
benign (12),benign,/content/drive/MyDrive/BUSI-XAI/data/raw/benign/benign (12).png,/content/drive/MyDrive/BUSI-XAI/data/processed/images/benign/benign (12).png,/content/drive/MyDrive/BUSI-XAI/data/processed/masks/benign/benign (12)_mask.png,1,/content/drive/MyDrive/BUSI-XAI/data/raw/benign/benign (12)_mask.png,678,571,678,571,False,2890,0.007465038306753664,041a9c1b018e310b8df5cd769bba8cb8097120a979d9a01b8cddd7dc9d8e085f,True,
benign (120),benign,/content/drive/MyDrive/BUSI-XAI/data/raw/benign/benign (120).png,/content/drive/MyDrive/BUSI-XAI/data/processed/images/benign/benign (120).png,/content/drive/MyDrive/BUSI-XAI/data/processed/masks/benign/benign (120)_mask.png,1,/content/drive/MyDrive/BUSI-XAI/data/raw/benign/benign (120)_mask.png,808,695,808,695,False,1930,0.003436854476814588,174a3c2d7ec244537c421dc64ecdfa7d1cb3c78454c1ff3a04a04d00599f1c23,True,
benign (121),benign,/content/drive/MyDrive/BUSI-XAI/data/raw/benign/benign (121).png,/content/drive/MyDrive/BUSI-XAI/data/processed/images/benign/benign (121).png,/content/drive/MyDrive/BUSI-XAI/data/processed/masks/benign/benign (121)_mask.png,1,/content/drive/MyDrive/BUSI-XAI/data/raw/benign/benign (121)_mask.png,646,610,646,610,False,17725,0.04498045982845252,ed0b25ae371f04286bd55383a13e068528ffeccc1f79d6918699f98fac008568,True,
benign (122),benign,/content/drive/MyDrive/BUSI-XAI/data/raw/benign/benign (122).png,/content/drive/MyDrive/BUSI-XAI/data/processed/images/benign/benign (122).png,/content/drive/MyDrive/BUSI-XAI/data/processed/masks/benign/benign (122)_mask.png,1,/content/drive/MyDrive/BUSI-XAI/data/raw/benign/benign (122)_mask.png,774,577,774,577,False,14179,0.03174891065342881,89ca6da7a73dc48199911dcfe01bbbc11f50a70d5a4adb38e172824da79f6606,True,
benign (123),benign,/content/drive/MyDrive/BUSI-XAI/data/raw/benign/benign (123).png,/content/drive/MyDrive/BUSI-XAI/data/processed/images/benign/benign (123).png,/content/drive/MyDrive/BUSI-XAI/data/processed/masks/benign/benign (123)_mask.png,1,/content/drive/MyDrive/BUSI-XAI/data/raw/benign/benign (123)_mask.png,648,610,648,610,False,22304,0.05642582473183566,82c83d224054aaf69beeab2822e55868362b65fc460338fa4fe0317ced6d68c7,True,
benign (124),benign,/content/drive/MyDrive/BUSI-XAI/data/raw/benign/benign (124).png,/content/drive/MyDrive/BUSI-XAI/data/processed/images/benign/benign (124).png,/content/drive/MyDrive/BUSI-XAI/data/processed/masks/benign/benign (124)_mask.png,1,/content/drive/MyDrive/BUSI-XAI/data/raw/benign/benign (124)_mask.png,645,614,645,614,False,7566,0.019104613286872206,e9195e0ae252af6ced4edee7a63793fbcec644240c5c241798e28d8ee4a7f9e2,True,
benign (125),benign,/content/drive/MyDrive/BUSI-XAI/data/raw/benign/benign (125).png,/content/drive/MyDrive/BUSI-XAI/data/processed/images/benign/benign (125).png,/content/drive/MyDrive/BUSI-XAI/data/processed/masks/benign/benign (125)_mask.png,1,/content/drive/MyDrive/BUSI-XAI/data/raw/benign/benign (125)_mask.png,756,578,756,578,False,4905,0.011225078266600758,56c8dbbcbda427dbf2c093354e26cd1d02ba9c4d30ba2661035b3d56e883c1b7,True,
benign (126),benign,/content/drive/MyDrive/BUSI-XAI/data/raw/benign/benign (126).png,/content/drive/MyDrive/BUSI-XAI/data/processed/images/benign/benign (126).png,/content/drive/MyDrive/BUSI-XAI/data/processed/masks/benign/benign (126)_mask.png,1,/content/drive/MyDrive/BUSI-XAI/data/raw/benign/benign (126)_mask.png,771,570,771,570,False,5662,0.012883700821444011,f45071de5f39054e60bd4f1c1ef1f52beeae3eb8e05308e3ae33cd69b902506b,True,
benign (127),benign,/content/drive/MyDrive/BUSI-XAI/data/raw/benign/benign (127).png,/content/drive/MyDrive/BUSI-XAI/data/processed/images/benign/benign (127).png,/content/drive/MyDrive/BUSI-XAI/data/processed/masks/benign/benign (127)_mask.png,1,/content/drive/MyDrive/BUSI-XAI/data/raw/benign/benign (127)_mask.png,558,476,558,476,False,4330,0.016302219812656244,cc8d32e98de3b05e1ddffaf0fe8f794a0c7e901b5c9027a749b3a62e8cdafda7,True,
benign (128),benign,/content/drive/MyDrive/BUSI-XAI/data/raw/benign/benign (128).png,/content/drive/MyDrive/BUSI-XAI/data/processed/images/benign/benign (128).png,/content/drive/MyDrive/BUSI-XAI/data/processed/masks/benign/benign (128)_mask.png,1,/content/drive/MyDrive/BUSI-XAI/data/raw/benign/benign (128)_mask.png,549,475,549,475,False,3891,0.014920908829450677,35235c9fae719e0e95ec4346a574aefc1b3f92752f423a98411f0a8a3edc42d0,True,
benign (129),benign,/content/drive/MyDrive/BUSI-XAI/data/raw/benign/benign (129).png,/content/drive/MyDrive/BUSI-XAI/data/processed/images/benign/benign (129).png,/content/drive/MyDrive/BUSI-XAI/data/processed/masks/benign/benign (129)_mask.png,1,/content/drive/MyDrive/BUSI-XAI/data/raw/benign/benign (129)_mask.png,775,587,775,587,False,6490,0.014266087816673078,4fc66ba07aa894513037cfaeea4a37e9f7a9df7caafbefe7e8fc0a7f641fd27f,True,
benign (13),benign,/content/drive/MyDrive/BUSI-XAI/data/raw/benign/benign (13).png,/content/drive/MyDrive/BUSI-XAI/data/processed/images/benign/benign (13).png,/content/drive/MyDrive/BUSI-XAI/data/processed/masks/benign/benign (13)_mask.png,1,/content/drive/MyDrive/BUSI-XAI/data/raw/benign/benign (13)_mask.png,678,571,678,571,False,52450,0.1354814045637473,f2ab656c0f92d05477373e8d8ba96e7448c8ec58a59b5161b22eff94422402f9,True,
benign (130),benign,/content/drive/MyDrive/BUSI-XAI/data/raw/benign/benign (130).png,/content/drive/MyDrive/BUSI-XAI/data/processed/images/benign/benign (130).png,/content/drive/MyDrive/BUSI-XAI/data/processed/masks/benign/benign (130)_mask.png,1,/content/drive/MyDrive/BUSI-XAI/data/raw/benign/benign (130)_mask.png,558,474,558,474,False,14986,0.056659558701208354,c0d3fa5eaa1f336263738a906efa7ab3b1565527ffcd099ee8ed0d022b47dce3,True,
benign (131),benign,/content/drive/MyDrive/BUSI-XAI/data/raw/benign/benign (131).png,/content/drive/MyDrive/BUSI-XAI/data/processed/images/benign/benign (131).png,/content/drive/MyDrive/BUSI-XAI/data/processed/masks/benign/benign (131)_mask.png,1,/content/drive/MyDrive/BUSI-XAI/data/raw/benign/benign (131)_mask.png,587,435,587,435,False,67475,0.2642503279876246,c16e81221c74f5c64dbb5829351ac19007722d5ebfdcce0985176df0b5711e10,True,
benign (132),benign,/content/drive/MyDrive/BUSI-XAI/data/raw/benign/benign (132).png,/content/drive/MyDrive/BUSI-XAI/data/processed/images/benign/benign (132).png,/content/drive/MyDrive/BUSI-XAI/data/processed/masks/benign/benign (132)_mask.png,1,/content/drive/MyDrive/BUSI-XAI/data/raw/benign/benign (132)_mask.png,552,483,552,483,False,6449,0.024188345785699283,72a1dc8250c52a7495a34914339f908e8aac459929845fe0dbb81764797b68ea,True,
benign (133),benign,/content/drive/MyDrive/BUSI-XAI/data/raw/benign/benign (133).png,/content/drive/MyDrive/BUSI-XAI/data/processed/images/benign/benign (133).png,/content/drive/MyDrive/BUSI-XAI/data/processed/masks/benign/benign (133)_mask.png,1,/content/drive/MyDrive/BUSI-XAI/data/raw/benign/benign (133)_mask.png,369,342,369,342,False,1202,0.009524715130192237,c54cffcd042f47c126c16b19f27f493495f1fa1d0af3e6aa3b204ab3bca888d0,True,
benign (134),benign,/content/drive/MyDrive/BUSI-XAI/data/raw/benign/benign (134).png,/content/drive/MyDrive/BUSI-XAI/data/processed/images/benign/benign (134).png,/content/drive/MyDrive/BUSI-XAI/data/processed/masks/benign/benign (134)_mask.png,1,/content/drive/MyDrive/BUSI-XAI/data/raw/benign/benign (134)_mask.png,378,345,378,345,False,1257,0.009638831377961813,ba2859bef4293375f2d3aa2cdb48aecf43fdfe82c3f38f3be53e969f58715e6d,True,
benign (135),benign,/content/drive/MyDrive/BUSI-XAI/data/raw/benign/benign (135).png,/content/drive/MyDrive/BUSI-XAI/data/processed/images/benign/benign (135).png,/content/drive/MyDrive/BUSI-XAI/data/processed/masks/benign/benign (135)_mask.png,1,/content/drive/MyDrive/BUSI-XAI/data/raw/benign/benign (135)_mask.png,776,582,776,582,False,11136,0.024657243065150387,860f351b2ac3309c6aba40f59b193de6a77becbe83d7eca03f8aa05d7736c6f5,True,
benign (136),benign,/content/drive/MyDrive/BUSI-XAI/data/raw/benign/benign (136).png,/content/drive/MyDrive/BUSI-XAI/data/processed/images/benign/benign (136).png,/content/drive/MyDrive/BUSI-XAI/data/processed/masks/benign/benign (136)_mask.png,1,/content/drive/MyDrive/BUSI-XAI/data/raw/benign/benign (136)_mask.png,886,581,886,581,False,16264,0.03159493828263716,42b2460b22887db6a5a6894901fcf5012e8d211f3734054900efb8488de8e58f,True,
benign (137),benign,/content/drive/MyDrive/BUSI-XAI/data/raw/benign/benign (137).png,/content/drive/MyDrive/BUSI-XAI/data/processed/images/benign/benign (137).png,/content/drive/MyDrive/BUSI-XAI/data/processed/masks/benign/benign (137)_mask.png,1,/content/drive/MyDrive/BUSI-XAI/data/raw/benign/benign (137)_mask.png,777,578,777,578,False,5551,0.012360110976027931,bf86a2910756add7da53a9a3980a5f6da9cd8d874758a029f70310d0c71da065,True,
benign (138),benign,/content/drive/MyDrive/BUSI-XAI/data/raw/benign/benign (138).png,/content/drive/MyDrive/BUSI-XAI/data/processed/images/benign/benign (138).png,/content/drive/MyDrive/BUSI-XAI/data/processed/masks/benign/benign (138)_mask.png,1,/content/drive/MyDrive/BUSI-XAI/data/raw/benign/benign (138)_mask.png,766,600,766,600,False,2052,0.004464751958224543,a052a2f56ee5659be77a73f94e3af48571ad8280f0ad242deb5574a01ee04fce,True,
benign (139),benign,/content/drive/MyDrive/BUSI-XAI/data/raw/benign/benign (139).png,/content/drive/MyDrive/BUSI-XAI/data/processed/images/benign/benign (139).png,/content/drive/MyDrive/BUSI-XAI/data/processed/masks/benign/benign (139)_mask.png,1,/content/drive/MyDrive/BUSI-XAI/data/raw/benign/benign (139)_mask.png,563,468,563,468,False,10374,0.03937240970988751,803743706bac2257b6fd2d11e29e890376061a30a9afd162982e4c011de483e0,True,
benign (14),benign,/content/drive/MyDrive/BUSI-XAI/data/raw/benign/benign (14).png,/content/drive/MyDrive/BUSI-XAI/data/processed/images/benign/benign (14).png,/content/drive/MyDrive/BUSI-XAI/data/processed/masks/benign/benign (14)_mask.png,1,/content/drive/MyDrive/BUSI-XAI/data/raw/benign/benign (14)_mask.png,699,531,699,531,False,4380,0.011800554464408397,4bffaa8b1c1d6c6ca926ede76039a59832e5ca7a84e68030f1543eea77c5ab9b,True,
benign (140),benign,/content/drive/MyDrive/BUSI-XAI/data/raw/benign/benign (140).png,/content/drive/MyDrive/BUSI-XAI/data/processed/images/benign/benign (140).png,/content/drive/MyDrive/BUSI-XAI/data/processed/masks/benign/benign (140)_mask.png,1,/content/drive/MyDrive/BUSI-XAI/data/raw/benign/benign (140)_mask.png,452,591,452,591,False,51903,0.19429720138358564,13895018f758ebcfb68d09e0ebd544f659695391de01d8719c6bfd0e3fff7b0b,True,
benign (141),benign,/content/drive/MyDrive/BUSI-XAI/data/raw/benign/benign (141).png,/content/drive/MyDrive/BUSI-XAI/data/processed/images/benign/benign (141).png,/content/drive/MyDrive/BUSI-XAI/data/processed/masks/benign/benign (141)_mask.png,1,/content/drive/MyDrive/BUSI-XAI/data/raw/benign/benign (141)_mask.png,567,471,567,471,False,136993,0.512972885938208,a40e48777acdb1be349dc06dcb769e91cb7561f056e12f4dda87fe9bf453d642,True,
benign (142),benign,/content/drive/MyDrive/BUSI-XAI/data/raw/benign/benign (142).png,/content/drive/MyDrive/BUSI-XAI/data/processed/images/benign/benign (142).png,/content/drive/MyDrive/BUSI-XAI/data/processed/masks/benign/benign (142)_mask.png,1,/content/drive/MyDrive/BUSI-XAI/data/raw/benign/benign (142)_mask.png,785,582,785,582,False,4471,0.00978615361043623,78ee76b961259085960567c5206a7e419e710689b554517f43211d442905840a,True,
benign (143),benign,/content/drive/MyDrive/BUSI-XAI/data/raw/benign/benign (143).png,/content/drive/MyDrive/BUSI-XAI/data/processed/images/benign/benign (143).png,/content/drive/MyDrive/BUSI-XAI/data/processed/masks/benign/benign (143)_mask.png,1,/content/drive/MyDrive/BUSI-XAI/data/raw/benign/benign (143)_mask.png,554,467,554,467,False,1392,0.0053803755440286335,3329c11f9a9595def4fd65e90f4225914244da5920805c05e8bace600532c8b4,True,
benign (144),benign,/content/drive/MyDrive/BUSI-XAI/data/raw/benign/benign (144).png,/content/drive/MyDrive/BUSI-XAI/data/processed/images/benign/benign (144).png,/content/drive/MyDrive/BUSI-XAI/data/processed/masks/benign/benign (144)_mask.png,1,/content/drive/MyDrive/BUSI-XAI/data/raw/benign/benign (144)_mask.png,770,580,770,580,False,1256,0.002812360053739364,7ac2dc2af3cfb3ac296efe410f6b84ace77189032756fc39a8fa6aafd8d7da87,True,
benign (145),benign,/content/drive/MyDrive/BUSI-XAI/data/raw/benign/benign (145).png,/content/drive/MyDrive/BUSI-XAI/data/processed/images/benign/benign (145).png,/content/drive/MyDrive/BUSI-XAI/data/processed/masks/benign/benign (145)_mask.png,1,/content/drive/MyDrive/BUSI-XAI/data/raw/benign/benign (145)_mask.png,779,574,779,574,False,8622,0.019282292584524966,969a043413cf6f6fbcba04fcce43541070394be89c50c3ea99c16a7ec298955f,True,
benign (146),benign,/content/drive/MyDrive/BUSI-XAI/data/raw/benign/benign (146).png,/content/drive/MyDrive/BUSI-XAI/data/processed/images/benign/benign (146).png,/content/drive/MyDrive/BUSI-XAI/data/processed/masks/benign/benign (146)_mask.png,1,/content/drive/MyDrive/BUSI-XAI/data/raw/benign/benign (146)_mask.png,449,594,449,594,False,1503,0.00563541877573058,ee4a805ba8c10388c156dca5651b217417c0baa56e1049d1ede6173ea3064ba1,True,
benign (147),benign,/content/drive/MyDrive/BUSI-XAI/data/raw/benign/benign (147).png,/content/drive/MyDrive/BUSI-XAI/data/processed/images/benign/benign (147).png,/content/drive/MyDrive/BUSI-XAI/data/processed/masks/benign/benign (147)_mask.png,1,/content/drive/MyDrive/BUSI-XAI/data/raw/benign/benign (147)_mask.png,564,463,564,463,False,3721,0.0142494983380053,22119b4e7972ba89cffa4b723b4d4a85f366e634e5240fe9073e149daf249725,True,
benign (148),benign,/content/drive/MyDrive/BUSI-XAI/data/raw/benign/benign (148).png,/content/drive/MyDrive/BUSI-XAI/data/processed/images/benign/benign (148).png,/content/drive/MyDrive/BUSI-XAI/data/processed/masks/benign/benign (148)_mask.png,1,/content/drive/MyDrive/BUSI-XAI/data/raw/benign/benign (148)_mask.png,567,463,567,463,False,11290,0.043006083322857984,33421cacc2b63d2b5798ca46e16a0eea159cf159118c38635bd0d0f7f944473f,True,
benign (149),benign,/content/drive/MyDrive/BUSI-XAI/data/raw/benign/benign (149).png,/content/drive/MyDrive/BUSI-XAI/data/processed/images/benign/benign (149).png,/content/drive/MyDrive/BUSI-XAI/data/processed/masks/benign/benign (149)_mask.png,1,/content/drive/MyDrive/BUSI-XAI/data/raw/benign/benign (149)_mask.png,557,468,557,468,False,9048,0.034709754637941355,c80b7c2b74f1cdb63e7a6ab850f02c02f509d142a7a018883712d614630cab8c,True,
benign (15),benign,/content/drive/MyDrive/BUSI-XAI/data/raw/benign/benign (15).png,/content/drive/MyDrive/BUSI-XAI/data/processed/images/benign/benign (15).png,/content/drive/MyDrive/BUSI-XAI/data/processed/masks/benign/benign (15)_mask.png,1,/content/drive/MyDrive/BUSI-XAI/data/raw/benign/benign (15)_mask.png,701,526,701,526,False,3067,0.008317829499411487,c1206fd374b375459789b92a2437f3c3a0621e648a6ff14a2b630f7686a768a4,True,
benign (150),benign,/content/drive/MyDrive/BUSI-XAI/data/raw/benign/benign (150).png,/content/drive/MyDrive/BUSI-XAI/data/processed/images/benign/benign (150).png,/content/drive/MyDrive/BUSI-XAI/data/processed/masks/benign/benign (150)_mask.png,1,/content/drive/MyDrive/BUSI-XAI/data/raw/benign/benign (150)_mask.png,671,570,671,570,False,1825,0.004771616074463357,c73693cc2f8165ae01ee4514f606fff117a87869fdd55ad16a39755ebcfeab31,True,
benign (151),benign,/content/drive/MyDrive/BUSI-XAI/data/raw/benign/benign (151).png,/content/drive/MyDrive/BUSI-XAI/data/processed/images/benign/benign (151).png,/content/drive/MyDrive/BUSI-XAI/data/processed/masks/benign/benign (151)_mask.png,1,/content/drive/MyDrive/BUSI-XAI/data/raw/benign/benign (151)_mask.png,560,469,560,469,False,2318,0.008825769113615595,ceb97414cd7d67104aff172a6d3ca75f8887bd2ede5c81cbd7adb240867d57c0,True,
benign (152),benign,/content/drive/MyDrive/BUSI-XAI/data/raw/benign/benign (152).png,/content/drive/MyDrive/BUSI-XAI/data/processed/images/benign/benign (152).png,/content/drive/MyDrive/BUSI-XAI/data/processed/masks/benign/benign (152)_mask.png,1,/content/drive/MyDrive/BUSI-XAI/data/raw/benign/benign (152)_mask.png,555,471,555,471,False,61557,0.23548516669535777,a070e6e888de75703a4e96d7a63de3542e84d5520d1384a7ca2614c8d5c7d7a5,True,
benign (153),benign,/content/drive/MyDrive/BUSI-XAI/data/raw/benign/benign (153).png,/content/drive/MyDrive/BUSI-XAI/data/processed/images/benign/benign (153).png,/content/drive/MyDrive/BUSI-XAI/data/processed/masks/benign/benign (153)_mask.png,1,/content/drive/MyDrive/BUSI-XAI/data/raw/benign/benign (153)_mask.png,772,574,772,574,False,2802,0.006323229405499088,e84fd45fc20e6c9c6d170c3e689569ac75658d25eb383ce5f2190538746a392c,True,
benign (154),benign,/content/drive/MyDrive/BUSI-XAI/data/raw/benign/benign (154).png,/content/drive/MyDrive/BUSI-XAI/data/processed/images/benign/benign (154).png,/content/drive/MyDrive/BUSI-XAI/data/processed/masks/benign/benign (154)_mask.png,1,/content/drive/MyDrive/BUSI-XAI/data/raw/benign/benign (154)_mask.png,556,464,556,464,False,2060,0.007984991317290994,206894470781caca9927d079290486311411a090ab7254c52802ed9b1b22da61,True,
benign (155),benign,/content/drive/MyDrive/BUSI-XAI/data/raw/benign/benign (155).png,/content/drive/MyDrive/BUSI-XAI/data/processed/images/benign/benign (155).png,/content/drive/MyDrive/BUSI-XAI/data/processed/masks/benign/benign (155)_mask.png,1,/content/drive/MyDrive/BUSI-XAI/data/raw/benign/benign (155)_mask.png,783,583,783,583,False,60771,0.1331269756773986,62ac545b5a4c934df24baaa2416535e289fd9888ff87a427b5058533b39d0c1f,True,
benign (156),benign,/content/drive/MyDrive/BUSI-XAI/data/raw/benign/benign (156).png,/content/drive/MyDrive/BUSI-XAI/data/processed/images/benign/benign (156).png,/content/drive/MyDrive/BUSI-XAI/data/processed/masks/benign/benign (156)_mask.png,1,/content/drive/MyDrive/BUSI-XAI/data/raw/benign/benign (156)_mask.png,887,581,887,581,False,9573,0.018575833370525104,a835cad5d0f2e47a9d64920abfa7c903e60adc1e1363d968b8b513f9851f427e,True,
benign (157),benign,/content/drive/MyDrive/BUSI-XAI/data/raw/benign/benign (157).png,/content/drive/MyDrive/BUSI-XAI/data/processed/images/benign/benign (157).png,/content/drive/MyDrive/BUSI-XAI/data/processed/masks/benign/benign (157)_mask.png,1,/content/drive/MyDrive/BUSI-XAI/data/raw/benign/benign (157)_mask.png,567,465,567,465,False,11014,0.04177428836927045,475fa51f05fcd779ee435b369f235b12a57ab7d5593e2ff91da0e42d7fdc74a1,True,
benign (158),benign,/content/drive/MyDrive/BUSI-XAI/data/raw/benign/benign (158).png,/content/drive/MyDrive/BUSI-XAI/data/processed/images/benign/benign (158).png,/content/drive/MyDrive/BUSI-XAI/data/processed/masks/benign/benign (158)_mask.png,1,/content/drive/MyDrive/BUSI-XAI/data/raw/benign/benign (158)_mask.png,556,464,556,464,False,36491,0.14144675638799306,447f3ccdba8148cda912a408928e1720c638b142dc93ab2cf13ee699fecc4a86,True,
benign (159),benign,/content/drive/MyDrive/BUSI-XAI/data/raw/benign/benign (159).png,/content/drive/MyDrive/BUSI-XAI/data/processed/images/benign/benign (159).png,/content/drive/MyDrive/BUSI-XAI/data/processed/masks/benign/benign (159)_mask.png,1,/content/drive/MyDrive/BUSI-XAI/data/raw/benign/benign (159)_mask.png,696,574,696,574,False,3370,0.008435459970363251,b8502c86bad71698fadc05fe6bba011dd2012a7ce0333ce679f774ed144ba8de,True,
benign (16),benign,/content/drive/MyDrive/BUSI-XAI/data/raw/benign/benign (16).png,/content/drive/MyDrive/BUSI-XAI/data/processed/images/benign/benign (16).png,/content/drive/MyDrive/BUSI-XAI/data/processed/masks/benign/benign (16)_mask.png,1,/content/drive/MyDrive/BUSI-XAI/data/raw/benign/benign (16)_mask.png,558,462,558,462,False,2309,0.008956694440565408,dfeb05e84bcd1f8df9613a8bb10eeaab50d174249b2f2bc6b7e6087afb20b461,True,
benign (160),benign,/content/drive/MyDrive/BUSI-XAI/data/raw/benign/benign (160).png,/content/drive/MyDrive/BUSI-XAI/data/processed/images/benign/benign (160).png,/content/drive/MyDrive/BUSI-XAI/data/processed/masks/benign/benign (160)_mask.png,1,/content/drive/MyDrive/BUSI-XAI/data/raw/benign/benign (160)_mask.png,624,585,624,585,False,3629,0.009941376287530133,f77d513859330447007523741dba8be557537784248b85c554cdcaaf8bbf0eed,True,
benign (161),benign,/content/drive/MyDrive/BUSI-XAI/data/raw/benign/benign (161).png,/content/drive/MyDrive/BUSI-XAI/data/processed/images/benign/benign (161).png,/content/drive/MyDrive/BUSI-XAI/data/processed/masks/benign/benign (161)_mask.png,1,/content/drive/MyDrive/BUSI-XAI/data/raw/benign/benign (161)_mask.png,568,463,568,463,False,3109,0.011822011985520032,de62e5d484e68bac14c742bbfb96fb93e7f46738ed9cb4b3e33a9bed864eb3cf,True,
benign (162),benign,/content/drive/MyDrive/BUSI-XAI/data/raw/benign/benign (162).png,/content/drive/MyDrive/BUSI-XAI/data/processed/images/benign/benign (162).png,/content/drive/MyDrive/BUSI-XAI/data/processed/masks/benign/benign (162)_mask.png,1,/content/drive/MyDrive/BUSI-XAI/data/raw/benign/benign (162)_mask.png,549,470,549,470,False,1248,0.004836646901523078,438361ceae9e6dc5f24fe9388f782093a3f9ba9471f0bbefdb582b668c1c2aa4,True,
benign (163),benign,/content/drive/MyDrive/BUSI-XAI/data/raw/benign/benign (163).png,/content/drive/MyDrive/BUSI-XAI/data/processed/images/benign/benign (163).png,/content/drive/MyDrive/BUSI-XAI/data/processed/masks/benign/benign (163)_mask.png,2,/content/drive/MyDrive/BUSI-XAI/data/raw/benign/benign (163)_mask.png;/content/drive/MyDrive/BUSI-XAI/data/raw/benign/benign (163)_mask_1.png,779,576,779,576,False,4564,0.010171516188846099,f8358c660f993388c7534cee7f9ab8016c626fe212b4ca61154fee2d51628113,True,
benign (164),benign,/content/drive/MyDrive/BUSI-XAI/data/raw/benign/benign (164).png,/content/drive/MyDrive/BUSI-XAI/data/processed/images/benign/benign (164).png,/content/drive/MyDrive/BUSI-XAI/data/processed/masks/benign/benign (164)_mask.png,1,/content/drive/MyDrive/BUSI-XAI/data/raw/benign/benign (164)_mask.png,560,470,560,470,False,41483,0.15761018237082067,7e784dfdbf2e1d767d4c054e236a5fd4543ef8fbac9d9fcce526e174c0ce3731,True,
benign (165),benign,/content/drive/MyDrive/BUSI-XAI/data/raw/benign/benign (165).png,/content/drive/MyDrive/BUSI-XAI/data/processed/images/benign/benign (165).png,/content/drive/MyDrive/BUSI-XAI/data/processed/masks/benign/benign (165)_mask.png,1,/content/drive/MyDrive/BUSI-XAI/data/raw/benign/benign (165)_mask.png,558,464,558,464,False,1624,0.0062724014336917565,bb61460b40eb47a755ca36894a5a966741d7ab0f91d34fb80531dcd8c44c11fa,True,
benign (166),benign,/content/drive/MyDrive/BUSI-XAI/data/raw/benign/benign (166).png,/content/drive/MyDrive/BUSI-XAI/data/processed/images/benign/benign (166).png,/content/drive/MyDrive/BUSI-XAI/data/processed/masks/benign/benign (166)_mask.png,1,/content/drive/MyDrive/BUSI-XAI/data/raw/benign/benign (166)_mask.png,555,471,555,471,False,2895,0.011074769036552476,30c74150d47c68add9638415d6bfd77b90d4f93c2ae503d14bfb4c01b04120e2,True,
benign (167),benign,/content/drive/MyDrive/BUSI-XAI/data/raw/benign/benign (167).png,/content/drive/MyDrive/BUSI-XAI/data/processed/images/benign/benign (167).png,/content/drive/MyDrive/BUSI-XAI/data/processed/masks/benign/benign (167)_mask.png,1,/content/drive/MyDrive/BUSI-XAI/data/raw/benign/benign (167)_mask.png,566,463,566,463,False,2564,0.00978409359760053,22830f5a866824b7b3c209fee1fe0a8163130acfe0580990747214a2189d7a32,True,
benign (168),benign,/content/drive/MyDrive/BUSI-XAI/data/raw/benign/benign (168).png,/content/drive/MyDrive/BUSI-XAI/data/processed/images/benign/benign (168).png,/content/drive/MyDrive/BUSI-XAI/data/processed/masks/benign/benign (168)_mask.png,1,/content/drive/MyDrive/BUSI-XAI/data/raw/benign/benign (168)_mask.png,557,471,557,471,False,12394,0.047242773883444444,b7897105cb22708f0b68cd57b84ecd39662a7aebc2bb8c3809b911235c4f157d,True,
benign (169),benign,/content/drive/MyDrive/BUSI-XAI/data/raw/benign/benign (169).png,/content/drive/MyDrive/BUSI-XAI/data/processed/images/benign/benign (169).png,/content/drive/MyDrive/BUSI-XAI/data/processed/masks/benign/benign (169)_mask.png,1,/content/drive/MyDrive/BUSI-XAI/data/raw/benign/benign (169)_mask.png,561,469,561,469,False,1396,0.005305785815004428,26c91ac79e1843de9d3c4ca3f3298ab6146d13745360dfe02efa9d160e025f80,True,
benign (17),benign,/content/drive/MyDrive/BUSI-XAI/data/raw/benign/benign (17).png,/content/drive/MyDrive/BUSI-XAI/data/processed/images/benign/benign (17).png,/content/drive/MyDrive/BUSI-XAI/data/processed/masks/benign/benign (17)_mask.png,1,/content/drive/MyDrive/BUSI-XAI/data/raw/benign/benign (17)_mask.png,558,463,558,463,False,5079,0.019659072435495483,33fc10832c6fd9717370829eb301d34e14b211a4831a009778e3615da8017f61,True,
benign (170),benign,/content/drive/MyDrive/BUSI-XAI/data/raw/benign/benign (170).png,/content/drive/MyDrive/BUSI-XAI/data/processed/images/benign/benign (170).png,/content/drive/MyDrive/BUSI-XAI/data/processed/masks/benign/benign (170)_mask.png,1,/content/drive/MyDrive/BUSI-XAI/data/raw/benign/benign (170)_mask.png,564,468,564,468,False,12570,0.047622294962720496,ab1571e785a06089da0eec7d7485806bb2e9399449b752719baf2208e7de786c,True,
benign (171),benign,/content/drive/MyDrive/BUSI-XAI/data/raw/benign/benign (171).png,/content/drive/MyDrive/BUSI-XAI/data/processed/images/benign/benign (171).png,/content/drive/MyDrive/BUSI-XAI/data/processed/masks/benign/benign (171)_mask.png,1,/content/drive/MyDrive/BUSI-XAI/data/raw/benign/benign (171)_mask.png,566,463,566,463,False,1369,0.0052240343740698626,795e53bfe6d89cc1a48e7166a09cd6f803b8d531ca3a2e6ef492977d4b15da9f,True,
benign (172),benign,/content/drive/MyDrive/BUSI-XAI/data/raw/benign/benign (172).png,/content/drive/MyDrive/BUSI-XAI/data/processed/images/benign/benign (172).png,/content/drive/MyDrive/BUSI-XAI/data/processed/masks/benign/benign (172)_mask.png,1,/content/drive/MyDrive/BUSI-XAI/data/raw/benign/benign (172)_mask.png,619,589,619,589,False,8769,0.02405160851474666,14890c2c16b18ddd875c21dd1236424d5e3d49d94ec29a95cfc33643203b7da6,True,
benign (173),benign,/content/drive/MyDrive/BUSI-XAI/data/raw/benign/benign (173).png,/content/drive/MyDrive/BUSI-XAI/data/processed/images/benign/benign (173).png,/content/drive/MyDrive/BUSI-XAI/data/processed/masks/benign/benign (173)_mask.png,2,/content/drive/MyDrive/BUSI-XAI/data/raw/benign/benign (173)_mask.png;/content/drive/MyDrive/BUSI-XAI/data/raw/benign/benign (173)_mask_1.png,726,573,726,573,False,42335,0.10176731618902014,c03f8eedc1ff110714b5ad719ff65e14570c442d0a00e06c34158a419d3c10da,True,
benign (174),benign,/content/drive/MyDrive/BUSI-XAI/data/raw/benign/benign (174).png,/content/drive/MyDrive/BUSI-XAI/data/processed/images/benign/benign (174).png,/content/drive/MyDrive/BUSI-XAI/data/processed/masks/benign/benign (174)_mask.png,1,/content/drive/MyDrive/BUSI-XAI/data/raw/benign/benign (174)_mask.png,556,490,556,490,False,25662,0.09419321685508736,8f664df67786872b5cf32d518c8f73e85ea6a6dcaffff370f9fa27f8a6973953,True,
benign (175),benign,/content/drive/MyDrive/BUSI-XAI/data/raw/benign/benign (175).png,/content/drive/MyDrive/BUSI-XAI/data/processed/images/benign/benign (175).png,/content/drive/MyDrive/BUSI-XAI/data/processed/masks/benign/benign (175)_mask.png,1,/content/drive/MyDrive/BUSI-XAI/data/raw/benign/benign (175)_mask.png,765,573,765,573,False,22507,0.05134540145319326,879e1565c3f2783f24c9c1d3c05d1a21054148cc2f862afdebb1744d1747fb8d,True,
benign (176),benign,/content/drive/MyDrive/BUSI-XAI/data/raw/benign/benign (176).png,/content/drive/MyDrive/BUSI-XAI/data/processed/images/benign/benign (176).png,/content/drive/MyDrive/BUSI-XAI/data/processed/masks/benign/benign (176)_mask.png,1,/content/drive/MyDrive/BUSI-XAI/data/raw/benign/benign (176)_mask.png,715,487,715,487,False,4951,0.014218635573871714,3eef76a4aa234186dd63604e3a8ca92111121d27c9db579a45abb0aed60d199d,True,
benign (177),benign,/content/drive/MyDrive/BUSI-XAI/data/raw/benign/benign (177).png,/content/drive/MyDrive/BUSI-XAI/data/processed/images/benign/benign (177).png,/content/drive/MyDrive/BUSI-XAI/data/processed/masks/benign/benign (177)_mask.png,1,/content/drive/MyDrive/BUSI-XAI/data/raw/benign/benign (177)_mask.png,562,470,562,470,False,2830,0.01071401529491936,d5dc5f9c23a9885240658a693368fdba1dd03e99f12f837a5a460b020d06de63,True,
benign (178),benign,/content/drive/MyDrive/BUSI-XAI/data/raw/benign/benign (178).png,/content/drive/MyDrive/BUSI-XAI/data/processed/images/benign/benign (178).png,/content/drive/MyDrive/BUSI-XAI/data/processed/masks/benign/benign (178)_mask.png,1,/content/drive/MyDrive/BUSI-XAI/data/raw/benign/benign (178)_mask.png,772,576,772,576,False,32243,0.07250962507196315,f781687b28fc471f24585ebbf8134a8074d5cd189e2bc01c49565e84651dfd72,True,
benign (179),benign,/content/drive/MyDrive/BUSI-XAI/data/raw/benign/benign (179).png,/content/drive/MyDrive/BUSI-XAI/data/processed/images/benign/benign (179).png,/content/drive/MyDrive/BUSI-XAI/data/processed/masks/benign/benign (179)_mask.png,1,/content/drive/MyDrive/BUSI-XAI/data/raw/benign/benign (179)_mask.png,422,468,422,468,False,967,0.004896301697249565,5c1fc10c7aa4eb9053d250600c8f5f0d35a5a6c910142d1d7c26fd4b45fd3486,True,
benign (18),benign,/content/drive/MyDrive/BUSI-XAI/data/raw/benign/benign (18).png,/content/drive/MyDrive/BUSI-XAI/data/processed/images/benign/benign (18).png,/content/drive/MyDrive/BUSI-XAI/data/processed/masks/benign/benign (18)_mask.png,1,/content/drive/MyDrive/BUSI-XAI/data/raw/benign/benign (18)_mask.png,564,469,564,469,False,52485,0.19841899922878012,dc8d007f2570c7536d7e96320f73f229138fe3486bbbf089ed99f01686b98359,True,
benign (180),benign,/content/drive/MyDrive/BUSI-XAI/data/raw/benign/benign (180).png,/content/drive/MyDrive/BUSI-XAI/data/processed/images/benign/benign (180).png,/content/drive/MyDrive/BUSI-XAI/data/processed/masks/benign/benign (180)_mask.png,1,/content/drive/MyDrive/BUSI-XAI/data/raw/benign/benign (180)_mask.png,763,600,763,600,False,11539,0.02520532983835736,591c1ff218294c15bae4562eb1b0619c9678ec44ab927c4406063c45c5fc08cb,True,
benign (181),benign,/content/drive/MyDrive/BUSI-XAI/data/raw/benign/benign (181).png,/content/drive/MyDrive/BUSI-XAI/data/processed/images/benign/benign (181).png,/content/drive/MyDrive/BUSI-XAI/data/processed/masks/benign/benign (181)_mask.png,2,/content/drive/MyDrive/BUSI-XAI/data/raw/benign/benign (181)_mask.png;/content/drive/MyDrive/BUSI-XAI/data/raw/benign/benign (181)_mask_1.png,733,455,733,455,False,26899,0.08065304409097042,7acdb0f671961a8bcf547bc53b46873983d1e39d2d15eff5a574ebfd8561664b,True,
benign (182),benign,/content/drive/MyDrive/BUSI-XAI/data/raw/benign/benign (182).png,/content/drive/MyDrive/BUSI-XAI/data/processed/images/benign/benign (182).png,/content/drive/MyDrive/BUSI-XAI/data/processed/masks/benign/benign (182)_mask.png,1,/content/drive/MyDrive/BUSI-XAI/data/raw/benign/benign (182)_mask.png,555,463,555,463,False,3096,0.012048333430622848,129effd84629b55d83603cfe6f3033845d53e3bf60ec8e799f91ae692989e6b4,True,
benign (183),benign,/content/drive/MyDrive/BUSI-XAI/data/raw/benign/benign (183).png,/content/drive/MyDrive/BUSI-XAI/data/processed/images/benign/benign (183).png,/content/drive/MyDrive/BUSI-XAI/data/processed/masks/benign/benign (183)_mask.png,1,/content/drive/MyDrive/BUSI-XAI/data/raw/benign/benign (183)_mask.png,916,683,916,683,False,4710,0.007528435428081863,41c33e7bb6fba618239c724a7038bf35cabf1f23c3e4a57cabad6abc3837c521,True,
benign (184),benign,/content/drive/MyDrive/BUSI-XAI/data/raw/benign/benign (184).png,/content/drive/MyDrive/BUSI-XAI/data/processed/images/benign/benign (184).png,/content/drive/MyDrive/BUSI-XAI/data/processed/masks/benign/benign (184)_mask.png,1,/content/drive/MyDrive/BUSI-XAI/data/raw/benign/benign (184)_mask.png,349,487,349,487,False,24349,0.14326059201120245,5dfd0531fca57d1305d9f4a59f36017a4814440db5371c16285a92508594e565,True,
benign (185),benign,/content/drive/MyDrive/BUSI-XAI/data/raw/benign/benign (185).png,/content/drive/MyDrive/BUSI-XAI/data/processed/images/benign/benign (185).png,/content/drive/MyDrive/BUSI-XAI/data/processed/masks/benign/benign (185)_mask.png,1,/content/drive/MyDrive/BUSI-XAI/data/raw/benign/benign (185)_mask.png,752,592,752,592,False,3335,0.007491284502587694,29c64753670c061a412bcd5094d45a9a228147f1ff4016ec1249edacc677d78c,True,
benign (186),benign,/content/drive/MyDrive/BUSI-XAI/data/raw/benign/benign (186).png,/content/drive/MyDrive/BUSI-XAI/data/processed/images/benign/benign (186).png,/content/drive/MyDrive/BUSI-XAI/data/processed/masks/benign/benign (186)_mask.png,1,/content/drive/MyDrive/BUSI-XAI/data/raw/benign/benign (186)_mask.png,741,574,741,574,False,33341,0.07838780816957967,8f644e1d3d6bbd2af20d4dd3c064fdcaf210c076ab9b38007366bb95ad9fcbef,True,
benign (187),benign,/content/drive/MyDrive/BUSI-XAI/data/raw/benign/benign (187).png,/content/drive/MyDrive/BUSI-XAI/data/processed/images/benign/benign (187).png,/content/drive/MyDrive/BUSI-XAI/data/processed/masks/benign/benign (187)_mask.png,1,/content/drive/MyDrive/BUSI-XAI/data/raw/benign/benign (187)_mask.png,730,574,730,574,False,6575,0.015691375113359746,e351ec34e66050e746630f30d1b5d0659564823a8ee09609c446b8e25ea90671,True,
benign (188),benign,/content/drive/MyDrive/BUSI-XAI/data/raw/benign/benign (188).png,/content/drive/MyDrive/BUSI-XAI/data/processed/images/benign/benign (188).png,/content/drive/MyDrive/BUSI-XAI/data/processed/masks/benign/benign (188)_mask.png,1,/content/drive/MyDrive/BUSI-XAI/data/raw/benign/benign (188)_mask.png,655,600,655,600,False,176271,0.44852671755725193,6e8ea10888117377c6223b14ddc67f143ae452ed7abbac1713fa60fce296ee2e,True,
benign (189),benign,/content/drive/MyDrive/BUSI-XAI/data/raw/benign/benign (189).png,/content/drive/MyDrive/BUSI-XAI/data/processed/images/benign/benign (189).png,/content/drive/MyDrive/BUSI-XAI/data/processed/masks/benign/benign (189)_mask.png,1,/content/drive/MyDrive/BUSI-XAI/data/raw/benign/benign (189)_mask.png,544,465,544,465,False,2348,0.009282099936748892,c919ba75e908d72853f3f7d5591fcabbe6b9a8d23e81620c5dcb0c209ed73c23,True,
benign (19),benign,/content/drive/MyDrive/BUSI-XAI/data/raw/benign/benign (19).png,/content/drive/MyDrive/BUSI-XAI/data/processed/images/benign/benign (19).png,/content/drive/MyDrive/BUSI-XAI/data/processed/masks/benign/benign (19)_mask.png,1,/content/drive/MyDrive/BUSI-XAI/data/raw/benign/benign (19)_mask.png,663,572,663,572,False,1890,0.004983704078726703,e95dd34636d8536468edcab9af5554e072c82b1e1ab4a7a8e562285d84bc6f26,True,
benign (190),benign,/content/drive/MyDrive/BUSI-XAI/data/raw/benign/benign (190).png,/content/drive/MyDrive/BUSI-XAI/data/processed/images/benign/benign (190).png,/content/drive/MyDrive/BUSI-XAI/data/processed/masks/benign/benign (190)_mask.png,1,/content/drive/MyDrive/BUSI-XAI/data/raw/benign/benign (190)_mask.png,734,470,734,470,False,30729,0.08907472896979535,2cec628fab8a35ed1faefff542c26868a2d7555e07de2f1360f121fda261e14d,True,
benign (191),benign,/content/drive/MyDrive/BUSI-XAI/data/raw/benign/benign (191).png,/content/drive/MyDrive/BUSI-XAI/data/processed/images/benign/benign (191).png,/content/drive/MyDrive/BUSI-XAI/data/processed/masks/benign/benign (191)_mask.png,1,/content/drive/MyDrive/BUSI-XAI/data/raw/benign/benign (191)_mask.png,549,463,549,463,False,4093,0.016102318371907298,8aeb356979c7f5e185b6246a2d284a85cb74f12d570c2d008401e5df55242b87,True,
benign (192),benign,/content/drive/MyDrive/BUSI-XAI/data/raw/benign/benign (192).png,/content/drive/MyDrive/BUSI-XAI/data/processed/images/benign/benign (192).png,/content/drive/MyDrive/BUSI-XAI/data/processed/masks/benign/benign (192)_mask.png,1,/content/drive/MyDrive/BUSI-XAI/data/raw/benign/benign (192)_mask.png,557,474,557,474,False,8201,0.03106227605693551,19d246952289dc56caa26061d725b6cbf910f330c77abbae4bc296dda3abec5b,True,
benign (193),benign,/content/drive/MyDrive/BUSI-XAI/data/raw/benign/benign (193).png,/content/drive/MyDrive/BUSI-XAI/data/processed/images/benign/benign (193).png,/content/drive/MyDrive/BUSI-XAI/data/processed/masks/benign/benign (193)_mask.png,1,/content/drive/MyDrive/BUSI-XAI/data/raw/benign/benign (193)_mask.png,754,580,754,580,False,4502,0.01029452117442605,0d31e6e78c35e8119037dad57d72d6f95f21b00743bb57a5173d1087cf1ffd0b,True,
benign (194),benign,/content/drive/MyDrive/BUSI-XAI/data/raw/benign/benign (194).png,/content/drive/MyDrive/BUSI-XAI/data/processed/images/benign/benign (194).png,/content/drive/MyDrive/BUSI-XAI/data/processed/masks/benign/benign (194)_mask.png,1,/content/drive/MyDrive/BUSI-XAI/data/raw/benign/benign (194)_mask.png,711,492,711,492,False,10649,0.030442066024035767,3633f8a84541c8a419d360cdcc0911532bd95588259c3b03eacba38c5bf2ef4f,True,
benign (195),benign,/content/drive/MyDrive/BUSI-XAI/data/raw/benign/benign (195).png,/content/drive/MyDrive/BUSI-XAI/data/processed/images/benign/benign (195).png,/content/drive/MyDrive/BUSI-XAI/data/processed/masks/benign/benign (195)_mask.png,3,/content/drive/MyDrive/BUSI-XAI/data/raw/benign/benign (195)_mask.png;/content/drive/MyDrive/BUSI-XAI/data/raw/benign/benign (195)_mask_1.png;/content/drive/MyDrive/BUSI-XAI/data/raw/benign/benign (195)_mask_2.png,729,611,729,611,False,156339,0.3509931098583581,52cde0050bf8f6b34c9f1f2d4fdc42fea05af5e8d6eef9a0ca95d3ca37b6a621,True,
benign (196),benign,/content/drive/MyDrive/BUSI-XAI/data/raw/benign/benign (196).png,/content/drive/MyDrive/BUSI-XAI/data/processed/images/benign/benign (196).png,/content/drive/MyDrive/BUSI-XAI/data/processed/masks/benign/benign (196)_mask.png,1,/content/drive/MyDrive/BUSI-XAI/data/raw/benign/benign (196)_mask.png,766,580,766,580,False,15265,0.03435896281624201,4b6124f2b2d3bbae0242fe04848a4077d5890d7cf4775c4704afabb88e18d40a,True,
benign (197),benign,/content/drive/MyDrive/BUSI-XAI/data/raw/benign/benign (197).png,/content/drive/MyDrive/BUSI-XAI/data/processed/images/benign/benign (197).png,/content/drive/MyDrive/BUSI-XAI/data/processed/masks/benign/benign (197)_mask.png,1,/content/drive/MyDrive/BUSI-XAI/data/raw/benign/benign (197)_mask.png,547,465,547,465,False,3583,0.014086611232332763,d32728bf4d14b5c3e05dd5e50a16c130b456907f48fd39fe3e6b135e1fffbec3,True,
benign (198),benign,/content/drive/MyDrive/BUSI-XAI/data/raw/benign/benign (198).png,/content/drive/MyDrive/BUSI-XAI/data/processed/images/benign/benign (198).png,/content/drive/MyDrive/BUSI-XAI/data/processed/masks/benign/benign (198)_mask.png,1,/content/drive/MyDrive/BUSI-XAI/data/raw/benign/benign (198)_mask.png,759,571,759,571,False,41224,0.09512008841941073,de309e9f8de5f441373c2f6b97de437520dfd049997ec4fda8f51c71334243a8,True,
benign (199),benign,/content/drive/MyDrive/BUSI-XAI/data/raw/benign/benign (199).png,/content/drive/MyDrive/BUSI-XAI/data/processed/images/benign/benign (199).png,/content/drive/MyDrive/BUSI-XAI/data/processed/masks/benign/benign (199)_mask.png,1,/content/drive/MyDrive/BUSI-XAI/data/raw/benign/benign (199)_mask.png,556,473,556,473,False,48810,0.1855978219538534,ed202702e777a103c421664219c8aaab5b1e7a5aae7c276f945e24e282735181,True,
benign (2),benign,/content/drive/MyDrive/BUSI-XAI/data/raw/benign/benign (2).png,/content/drive/MyDrive/BUSI-XAI/data/processed/images/benign/benign (2).png,/content/drive/MyDrive/BUSI-XAI/data/processed/masks/benign/benign (2)_mask.png,1,/content/drive/MyDrive/BUSI-XAI/data/raw/benign/benign (2)_mask.png,557,473,557,473,False,9384,0.03561817498605107,32b866585194bb9b614768b59e2eecc04e3e394c0013dc21729e1de7f8f5e3ab,True,
benign (20),benign,/content/drive/MyDrive/BUSI-XAI/data/raw/benign/benign (20).png,/content/drive/MyDrive/BUSI-XAI/data/processed/images/benign/benign (20).png,/content/drive/MyDrive/BUSI-XAI/data/processed/masks/benign/benign (20)_mask.png,1,/content/drive/MyDrive/BUSI-XAI/data/raw/benign/benign (20)_mask.png,319,473,319,473,False,6488,0.0429990655258571,f9e6bc3e2b3809d37fe305b0f66ab6c87d4bd3391b701de8bd4477bac4725182,True,
benign (200),benign,/content/drive/MyDrive/BUSI-XAI/data/raw/benign/benign (200).png,/content/drive/MyDrive/BUSI-XAI/data/processed/images/benign/benign (200).png,/content/drive/MyDrive/BUSI-XAI/data/processed/masks/benign/benign (200)_mask.png,1,/content/drive/MyDrive/BUSI-XAI/data/raw/benign/benign (200)_mask.png,554,473,554,473,False,33776,0.12889536791812,c25505f36003b7d3a4e34292e17aa8fe983002c1bb30dff25d94d4654279529c,True,
benign (201),benign,/content/drive/MyDrive/BUSI-XAI/data/raw/benign/benign (201).png,/content/drive/MyDrive/BUSI-XAI/data/processed/images/benign/benign (201).png,/content/drive/MyDrive/BUSI-XAI/data/processed/masks/benign/benign (201)_mask.png,1,/content/drive/MyDrive/BUSI-XAI/data/raw/benign/benign (201)_mask.png,556,474,556,474,False,6540,0.024815590565522266,01be5a1162042f217622f0db48f232a1fba111cca99be20f882777a5276c0b9c,True,
benign (202),benign,/content/drive/MyDrive/BUSI-XAI/data/raw/benign/benign (202).png,/content/drive/MyDrive/BUSI-XAI/data/processed/images/benign/benign (202).png,/content/drive/MyDrive/BUSI-XAI/data/processed/masks/benign/benign (202)_mask.png,1,/content/drive/MyDrive/BUSI-XAI/data/raw/benign/benign (202)_mask.png,552,469,552,469,False,1568,0.006056673155959333,717604959ac486c0b5d8905cf106af543745e15914b3c0ae4130486f4b5a1f5d,True,
benign (203),benign,/content/drive/MyDrive/BUSI-XAI/data/raw/benign/benign (203).png,/content/drive/MyDrive/BUSI-XAI/data/processed/images/benign/benign (203).png,/content/drive/MyDrive/BUSI-XAI/data/processed/masks/benign/benign (203)_mask.png,1,/content/drive/MyDrive/BUSI-XAI/data/raw/benign/benign (203)_mask.png,569,471,569,471,False,27411,0.10228023238892682,aec586768ea67bed2cf166c117bdfb62ab488725f50bf93549f6de56afd0ef40,True,
benign (204),benign,/content/drive/MyDrive/BUSI-XAI/data/raw/benign/benign (204).png,/content/drive/MyDrive/BUSI-XAI/data/processed/images/benign/benign (204).png,/content/drive/MyDrive/BUSI-XAI/data/processed/masks/benign/benign (204)_mask.png,1,/content/drive/MyDrive/BUSI-XAI/data/raw/benign/benign (204)_mask.png,560,476,560,476,False,14121,0.0529749399759904,5dd18b70dc77e5c41d505b0ea0a8a9efcedae480339bffe06034ea7a8a83e1fb,True,
benign (205),benign,/content/drive/MyDrive/BUSI-XAI/data/raw/benign/benign (205).png,/content/drive/MyDrive/BUSI-XAI/data/processed/images/benign/benign (205).png,/content/drive/MyDrive/BUSI-XAI/data/processed/masks/benign/benign (205)_mask.png,1,/content/drive/MyDrive/BUSI-XAI/data/raw/benign/benign (205)_mask.png,557,477,557,477,False,59848,0.22525584423894102,7f30c9d470d325f80e078acd6048e44c3b27c1533c207ee7b7ed083249ae382c,True,
benign (206),benign,/content/drive/MyDrive/BUSI-XAI/data/raw/benign/benign (206).png,/content/drive/MyDrive/BUSI-XAI/data/processed/images/benign/benign (206).png,/content/drive/MyDrive/BUSI-XAI/data/processed/masks/benign/benign (206)_mask.png,1,/content/drive/MyDrive/BUSI-XAI/data/raw/benign/benign (206)_mask.png,569,485,569,485,False,14848,0.05380392441070426,4f2153c6428ff70676944bae5d6aba3c226e6e2e67e4b4824f534130a12d6f8b,True,
benign (207),benign,/content/drive/MyDrive/BUSI-XAI/data/raw/benign/benign (207).png,/content/drive/MyDrive/BUSI-XAI/data/processed/images/benign/benign (207).png,/content/drive/MyDrive/BUSI-XAI/data/processed/masks/benign/benign (207)_mask.png,1,/content/drive/MyDrive/BUSI-XAI/data/raw/benign/benign (207)_mask.png,562,481,562,481,False,33244,0.12297926176929735,0091c65812a5cbcd24d202674e3984831e48254a4ecdf35e8a38f839db908450,True,
benign (208),benign,/content/drive/MyDrive/BUSI-XAI/data/raw/benign/benign (208).png,/content/drive/MyDrive/BUSI-XAI/data/processed/images/benign/benign (208).png,/content/drive/MyDrive/BUSI-XAI/data/processed/masks/benign/benign (208)_mask.png,1,/content/drive/MyDrive/BUSI-XAI/data/raw/benign/benign (208)_mask.png,562,479,562,479,False,3229,0.011994888520717093,336c7a0f040c398dd895c50d22aa03589a1ea57f372650270596d1975c7e6374,True,
benign (209),benign,/content/drive/MyDrive/BUSI-XAI/data/raw/benign/benign (209).png,/content/drive/MyDrive/BUSI-XAI/data/processed/images/benign/benign (209).png,/content/drive/MyDrive/BUSI-XAI/data/processed/masks/benign/benign (209)_mask.png,1,/content/drive/MyDrive/BUSI-XAI/data/raw/benign/benign (209)_mask.png,558,477,558,477,False,7707,0.028955614165595906,b98aae3643a1d80904c412187546ffded2479a2eacf16b90342c96f73bf88767,True,
benign (21),benign,/content/drive/MyDrive/BUSI-XAI/data/raw/benign/benign (21).png,/content/drive/MyDrive/BUSI-XAI/data/processed/images/benign/benign (21).png,/content/drive/MyDrive/BUSI-XAI/data/processed/masks/benign/benign (21)_mask.png,1,/content/drive/MyDrive/BUSI-XAI/data/raw/benign/benign (21)_mask.png,558,451,558,451,False,1854,0.007367141120091553,be6390b454e962f43d71897ffe9afca6614f5254ff9376d83aed7bd1ff1f07de,True,
benign (210),benign,/content/drive/MyDrive/BUSI-XAI/data/raw/benign/benign (210).png,/content/drive/MyDrive/BUSI-XAI/data/processed/images/benign/benign (210).png,/content/drive/MyDrive/BUSI-XAI/data/processed/masks/benign/benign (210)_mask.png,1,/content/drive/MyDrive/BUSI-XAI/data/raw/benign/benign (210)_mask.png,563,471,563,471,False,21372,0.08059644081411003,75f340362ecab3eafeecca39d7094f99dc105be711501deaa15183740c3cd405,True,
benign (211),benign,/content/drive/MyDrive/BUSI-XAI/data/raw/benign/benign (211).png,/content/drive/MyDrive/BUSI-XAI/data/processed/images/benign/benign (211).png,/content/drive/MyDrive/BUSI-XAI/data/processed/masks/benign/benign (211)_mask.png,1,/content/drive/MyDrive/BUSI-XAI/data/raw/benign/benign (211)_mask.png,557,465,557,465,False,4489,0.017331711743016544,5e6e0c0c26c4b6fc67c12fc124301c729434d11d1c2fcf87500ef4bfc71a6e11,True,
benign (212),benign,/content/drive/MyDrive/BUSI-XAI/data/raw/benign/benign (212).png,/content/drive/MyDrive/BUSI-XAI/data/processed/images/benign/benign (212).png,/content/drive/MyDrive/BUSI-XAI/data/processed/masks/benign/benign (212)_mask.png,1,/content/drive/MyDrive/BUSI-XAI/data/raw/benign/benign (212)_mask.png,558,469,558,469,False,22229,0.08494012273501922,6e14d59baf23ed091eed06c78c8ae33113a59ceb378a037ff64ada2aa3ba8324,True,
benign (213),benign,/content/drive/MyDrive/BUSI-XAI/data/raw/benign/benign (213).png,/content/drive/MyDrive/BUSI-XAI/data/processed/images/benign/benign (213).png,/content/drive/MyDrive/BUSI-XAI/data/processed/masks/benign/benign (213)_mask.png,1,/content/drive/MyDrive/BUSI-XAI/data/raw/benign/benign (213)_mask.png,573,486,573,486,False,10555,0.037902455490200306,997c9e5e4fa2e39c62dc73989a277eddfdb44830568ee8c8d4973aaff04027bc,True,
benign (214),benign,/content/drive/MyDrive/BUSI-XAI/data/raw/benign/benign (214).png,/content/drive/MyDrive/BUSI-XAI/data/processed/images/benign/benign (214).png,/content/drive/MyDrive/BUSI-XAI/data/processed/masks/benign/benign (214)_mask.png,1,/content/drive/MyDrive/BUSI-XAI/data/raw/benign/benign (214)_mask.png,602,396,602,396,False,13344,0.05597503271921877,1ad1592688e9139347dbccb3d17ae5524cb3c791ae784d7ce11c9388a655ca37,True,
benign (215),benign,/content/drive/MyDrive/BUSI-XAI/data/raw/benign/benign (215).png,/content/drive/MyDrive/BUSI-XAI/data/processed/images/benign/benign (215).png,/content/drive/MyDrive/BUSI-XAI/data/processed/masks/benign/benign (215)_mask.png,1,/content/drive/MyDrive/BUSI-XAI/data/raw/benign/benign (215)_mask.png,600,396,600,396,False,5614,0.023627946127946126,80c6f3dab044132c98cae20d6368d1493d8b199a2b300e8bfa2f5093de0f1274,True,
benign (216),benign,/content/drive/MyDrive/BUSI-XAI/data/raw/benign/benign (216).png,/content/drive/MyDrive/BUSI-XAI/data/processed/images/benign/benign (216).png,/content/drive/MyDrive/BUSI-XAI/data/processed/masks/benign/benign (216)_mask.png,1,/content/drive/MyDrive/BUSI-XAI/data/raw/benign/benign (216)_mask.png,646,386,646,386,False,14460,0.05798938064454034,0833eb24032e01597f6856e58108b8c851e7762cbdba7dbea8c0ce9160c98cf6,True,
benign (217),benign,/content/drive/MyDrive/BUSI-XAI/data/raw/benign/benign (217).png,/content/drive/MyDrive/BUSI-XAI/data/processed/images/benign/benign (217).png,/content/drive/MyDrive/BUSI-XAI/data/processed/masks/benign/benign (217)_mask.png,1,/content/drive/MyDrive/BUSI-XAI/data/raw/benign/benign (217)_mask.png,603,396,603,396,False,20778,0.08701442283531836,5d70fd0acd1c5353933eccc79ae43d4f1eb29f7a538b54a66810d36056f7a60c,True,
benign (218),benign,/content/drive/MyDrive/BUSI-XAI/data/raw/benign/benign (218).png,/content/drive/MyDrive/BUSI-XAI/data/processed/images/benign/benign (218).png,/content/drive/MyDrive/BUSI-XAI/data/processed/masks/benign/benign (218)_mask.png,1,/content/drive/MyDrive/BUSI-XAI/data/raw/benign/benign (218)_mask.png,602,396,602,396,False,30047,0.12604030336588476,c64c1c567dcaa73c8315d7cafa1db7b428bc05a49196b00c4ed8203047c11d5d,True,
benign (219),benign,/content/drive/MyDrive/BUSI-XAI/data/raw/benign/benign (219).png,/content/drive/MyDrive/BUSI-XAI/data/processed/images/benign/benign (219).png,/content/drive/MyDrive/BUSI-XAI/data/processed/masks/benign/benign (219)_mask.png,1,/content/drive/MyDrive/BUSI-XAI/data/raw/benign/benign (219)_mask.png,608,396,608,396,False,6119,0.025414506911217438,3c3201612e3ec450dc4f3238e6d4f3b3ae93e917154c858363cfa20b099a40e0,True,
benign (22),benign,/content/drive/MyDrive/BUSI-XAI/data/raw/benign/benign (22).png,/content/drive/MyDrive/BUSI-XAI/data/processed/images/benign/benign (22).png,/content/drive/MyDrive/BUSI-XAI/data/processed/masks/benign/benign (22)_mask.png,1,/content/drive/MyDrive/BUSI-XAI/data/raw/benign/benign (22)_mask.png,562,463,562,463,False,13641,0.0524238487967226,82f1c094a8729ac23e235a1574359cdd547ded82978cbdfcff3ffaed2cab661b,True,
benign (220),benign,/content/drive/MyDrive/BUSI-XAI/data/raw/benign/benign (220).png,/content/drive/MyDrive/BUSI-XAI/data/processed/images/benign/benign (220).png,/content/drive/MyDrive/BUSI-XAI/data/processed/masks/benign/benign (220)_mask.png,1,/content/drive/MyDrive/BUSI-XAI/data/raw/benign/benign (220)_mask.png,609,396,609,396,False,7666,0.031787497304738684,8f99a8a67888c33e9fbcf74f368aa0db4296348d237c8c9812a29d3139cd72da,True,
benign (221),benign,/content/drive/MyDrive/BUSI-XAI/data/raw/benign/benign (221).png,/content/drive/MyDrive/BUSI-XAI/data/processed/images/benign/benign (221).png,/content/drive/MyDrive/BUSI-XAI/data/processed/masks/benign/benign (221)_mask.png,1,/content/drive/MyDrive/BUSI-XAI/data/raw/benign/benign (221)_mask.png,610,394,610,394,False,2110,0.008779229424981277,1c6746270b66602cb195977888215cc3d8023d81719933b38cbbbdc2bbf8589b,True,
benign (222),benign,/content/drive/MyDrive/BUSI-XAI/data/raw/benign/benign (222).png,/content/drive/MyDrive/BUSI-XAI/data/processed/images/benign/benign (222).png,/content/drive/MyDrive/BUSI-XAI/data/processed/masks/benign/benign (222)_mask.png,1,/content/drive/MyDrive/BUSI-XAI/data/raw/benign/benign (222)_mask.png,605,392,605,392,False,8311,0.03504385225164446,8284c2a1b7b3ea7bd5a2237d819b574f82311c608e82d88eb89e6db8524b39da,True,
benign (223),benign,/content/drive/MyDrive/BUSI-XAI/data/raw/benign/benign (223).png,/content/drive/MyDrive/BUSI-XAI/data/processed/images/benign/benign (223).png,/content/drive/MyDrive/BUSI-XAI/data/processed/masks/benign/benign (223)_mask.png,1,/content/drive/MyDrive/BUSI-XAI/data/raw/benign/benign (223)_mask.png,562,465,562,465,False,7241,0.027708261584969196,59ca0cd851ecbaeef4493e5220dff0263ff79be457c0cb6fe45983068bb7d1f8,True,
benign (224),benign,/content/drive/MyDrive/BUSI-XAI/data/raw/benign/benign (224).png,/content/drive/MyDrive/BUSI-XAI/data/processed/images/benign/benign (224).png,/content/drive/MyDrive/BUSI-XAI/data/processed/masks/benign/benign (224)_mask.png,1,/content/drive/MyDrive/BUSI-XAI/data/raw/benign/benign (224)_mask.png,568,469,568,469,False,33419,0.12545046397789725,e2915006fd9598420a2f6230531df3594a8a0d994325c5e55a3d246bd18b597b,True,
benign (225),benign,/content/drive/MyDrive/BUSI-XAI/data/raw/benign/benign (225).png,/content/drive/MyDrive/BUSI-XAI/data/processed/images/benign/benign (225).png,/content/drive/MyDrive/BUSI-XAI/data/processed/masks/benign/benign (225)_mask.png,1,/content/drive/MyDrive/BUSI-XAI/data/raw/benign/benign (225)_mask.png,558,473,558,473,False,11894,0.045064296377124585,264c4813c1a7af5caed057a4c78ad6d565006208a8ad371727ab79302f3fe944,True,
benign (226),benign,/content/drive/MyDrive/BUSI-XAI/data/raw/benign/benign (226).png,/content/drive/MyDrive/BUSI-XAI/data/processed/images/benign/benign (226).png,/content/drive/MyDrive/BUSI-XAI/data/processed/masks/benign/benign (226)_mask.png,1,/content/drive/MyDrive/BUSI-XAI/data/raw/benign/benign (226)_mask.png,555,469,555,469,False,7646,0.029374363702721912,91a4240ad88966bab5e60e6979d431bc725be6a8733ac862f7390f402f429517,True,
benign (227),benign,/content/drive/MyDrive/BUSI-XAI/data/raw/benign/benign (227).png,/content/drive/MyDrive/BUSI-XAI/data/processed/images/benign/benign (227).png,/content/drive/MyDrive/BUSI-XAI/data/processed/masks/benign/benign (227)_mask.png,1,/content/drive/MyDrive/BUSI-XAI/data/raw/benign/benign (227)_mask.png,567,468,567,468,False,6774,0.025527969972414417,c4df4a42207b6d66745d869362da2c88d7f9f3372509480eb5b47dc4401ec948,True,
benign (228),benign,/content/drive/MyDrive/BUSI-XAI/data/raw/benign/benign (228).png,/content/drive/MyDrive/BUSI-XAI/data/processed/images/benign/benign (228).png,/content/drive/MyDrive/BUSI-XAI/data/processed/masks/benign/benign (228)_mask.png,1,/content/drive/MyDrive/BUSI-XAI/data/raw/benign/benign (228)_mask.png,563,469,563,469,False,30588,0.11584301279696417,5d009d5dc31453b96f653530892844ce2e95685a66741e8eb0da84673734b7a9,True,
benign (229),benign,/content/drive/MyDrive/BUSI-XAI/data/raw/benign/benign (229).png,/content/drive/MyDrive/BUSI-XAI/data/processed/images/benign/benign (229).png,/content/drive/MyDrive/BUSI-XAI/data/processed/masks/benign/benign (229)_mask.png,1,/content/drive/MyDrive/BUSI-XAI/data/raw/benign/benign (229)_mask.png,564,470,564,470,False,15129,0.05707333635129018,cc7fa4ed1750dc08da0b3f4ccba285f16c8fe6059e3ea76e562f11d47a5d2a9c,True,
benign (23),benign,/content/drive/MyDrive/BUSI-XAI/data/raw/benign/benign (23).png,/content/drive/MyDrive/BUSI-XAI/data/processed/images/benign/benign (23).png,/content/drive/MyDrive/BUSI-XAI/data/processed/masks/benign/benign (23)_mask.png,1,/content/drive/MyDrive/BUSI-XAI/data/raw/benign/benign (23)_mask.png,779,583,779,583,False,18935,0.04169263052204414,9eafad6f09e538cff267e470e0e42b9b76c58478c5a997e075edd8433442f4c8,True,
benign (230),benign,/content/drive/MyDrive/BUSI-XAI/data/raw/benign/benign (230).png,/content/drive/MyDrive/BUSI-XAI/data/processed/images/benign/benign (230).png,/content/drive/MyDrive/BUSI-XAI/data/processed/masks/benign/benign (230)_mask.png,1,/content/drive/MyDrive/BUSI-XAI/data/raw/benign/benign (230)_mask.png,566,470,566,470,False,12385,0.04655664987594918,d93bdd541fec39b5cb332cc2ded44a183200590f4f1d19269bd2fe1a714a8739,True,
benign (231),benign,/content/drive/MyDrive/BUSI-XAI/data/raw/benign/benign (231).png,/content/drive/MyDrive/BUSI-XAI/data/processed/images/benign/benign (231).png,/content/drive/MyDrive/BUSI-XAI/data/processed/masks/benign/benign (231)_mask.png,1,/content/drive/MyDrive/BUSI-XAI/data/raw/benign/benign (231)_mask.png,561,472,561,472,False,14369,0.054265234599232604,f1c17403fd9a10976a632b2abb9935830624351db2f861a19b26ec61d3ea069d,True,
benign (232),benign,/content/drive/MyDrive/BUSI-XAI/data/raw/benign/benign (232).png,/content/drive/MyDrive/BUSI-XAI/data/processed/images/benign/benign (232).png,/content/drive/MyDrive/BUSI-XAI/data/processed/masks/benign/benign (232)_mask.png,1,/content/drive/MyDrive/BUSI-XAI/data/raw/benign/benign (232)_mask.png,562,469,562,469,False,29842,0.11321885741602107,a64e71ff8de75cecf907c6fc309d48b42640c383b42278b23c54eeadc11ec3f8,True,
benign (233),benign,/content/drive/MyDrive/BUSI-XAI/data/raw/benign/benign (233).png,/content/drive/MyDrive/BUSI-XAI/data/processed/images/benign/benign (233).png,/content/drive/MyDrive/BUSI-XAI/data/processed/masks/benign/benign (233)_mask.png,1,/content/drive/MyDrive/BUSI-XAI/data/raw/benign/benign (233)_mask.png,557,471,557,471,False,43145,0.16445776014210187,36da9e65c628e624da3c7b5158b9e1b0775e2e13e32ed2d1967aa869bd670cc3,True,
benign (234),benign,/content/drive/MyDrive/BUSI-XAI/data/raw/benign/benign (234).png,/content/drive/MyDrive/BUSI-XAI/data/processed/images/benign/benign (234).png,/content/drive/MyDrive/BUSI-XAI/data/processed/masks/benign/benign (234)_mask.png,1,/content/drive/MyDrive/BUSI-XAI/data/raw/benign/benign (234)_mask.png,562,469,562,469,False,33802,0.12824287307741922,c6306149f51911ba8d323ed70464c27b6a196c5c1593adca48627386b9f82dc2,True,
benign (235),benign,/content/drive/MyDrive/BUSI-XAI/data/raw/benign/benign (235).png,/content/drive/MyDrive/BUSI-XAI/data/processed/images/benign/benign (235).png,/content/drive/MyDrive/BUSI-XAI/data/processed/masks/benign/benign (235)_mask.png,1,/content/drive/MyDrive/BUSI-XAI/data/raw/benign/benign (235)_mask.png,560,468,560,468,False,21762,0.08303571428571428,7a1bb4b31e9152f623ecbe4b018486833a622170c9c7c49999f9f5e105be39e4,True,
benign (236),benign,/content/drive/MyDrive/BUSI-XAI/data/raw/benign/benign (236).png,/content/drive/MyDrive/BUSI-XAI/data/processed/images/benign/benign (236).png,/content/drive/MyDrive/BUSI-XAI/data/processed/masks/benign/benign (236)_mask.png,1,/content/drive/MyDrive/BUSI-XAI/data/raw/benign/benign (236)_mask.png,566,469,566,469,False,80548,0.3034348700716508,18b24b15b4c4ec3738a165fc403ae3d6d0be637142674e2982e1d5438c900742,True,
benign (237),benign,/content/drive/MyDrive/BUSI-XAI/data/raw/benign/benign (237).png,/content/drive/MyDrive/BUSI-XAI/data/processed/images/benign/benign (237).png,/content/drive/MyDrive/BUSI-XAI/data/processed/masks/benign/benign (237)_mask.png,1,/content/drive/MyDrive/BUSI-XAI/data/raw/benign/benign (237)_mask.png,558,473,558,473,False,25108,0.09512984306682731,4f57cb1282f4f7d99fcfd0cf2c7e5ae01f4e1becd16800328db2493ca7825766,True,
benign (238),benign,/content/drive/MyDrive/BUSI-XAI/data/raw/benign/benign (238).png,/content/drive/MyDrive/BUSI-XAI/data/processed/images/benign/benign (238).png,/content/drive/MyDrive/BUSI-XAI/data/processed/masks/benign/benign (238)_mask.png,1,/content/drive/MyDrive/BUSI-XAI/data/raw/benign/benign (238)_mask.png,556,469,556,469,False,23244,0.08913807120614808,3b8f7c09d17dfb27e39a83a672fcb10fae4963f2c3f03298ec9cf472d8648a5b,True,
benign (239),benign,/content/drive/MyDrive/BUSI-XAI/data/raw/benign/benign (239).png,/content/drive/MyDrive/BUSI-XAI/data/processed/images/benign/benign (239).png,/content/drive/MyDrive/BUSI-XAI/data/processed/masks/benign/benign (239)_mask.png,1,/content/drive/MyDrive/BUSI-XAI/data/raw/benign/benign (239)_mask.png,560,473,560,473,False,6227,0.023508758683177287,704d65bb5327bdcbda8265b8affb7edadf3ec9775cb1833ef93de73ad3d05a21,True,
benign (24),benign,/content/drive/MyDrive/BUSI-XAI/data/raw/benign/benign (24).png,/content/drive/MyDrive/BUSI-XAI/data/processed/images/benign/benign (24).png,/content/drive/MyDrive/BUSI-XAI/data/processed/masks/benign/benign (24)_mask.png,1,/content/drive/MyDrive/BUSI-XAI/data/raw/benign/benign (24)_mask.png,556,467,556,467,False,5465,0.021047401907168056,88231e1a1ad35d2de215203a3d006a9eb067f250dcaf47af2e9a808c2818ca09,True,
benign (240),benign,/content/drive/MyDrive/BUSI-XAI/data/raw/benign/benign (240).png,/content/drive/MyDrive/BUSI-XAI/data/processed/images/benign/benign (240).png,/content/drive/MyDrive/BUSI-XAI/data/processed/masks/benign/benign (240)_mask.png,1,/content/drive/MyDrive/BUSI-XAI/data/raw/benign/benign (240)_mask.png,556,473,556,473,False,28187,0.10717979527583008,6ab828012a997ab134347e091ee7be09a43fe3c133a164d8d796bcc78fc1874d,True,
benign (241),benign,/content/drive/MyDrive/BUSI-XAI/data/raw/benign/benign (241).png,/content/drive/MyDrive/BUSI-XAI/data/processed/images/benign/benign (241).png,/content/drive/MyDrive/BUSI-XAI/data/processed/masks/benign/benign (241)_mask.png,1,/content/drive/MyDrive/BUSI-XAI/data/raw/benign/benign (241)_mask.png,562,471,562,471,False,12012,0.04537933223020604,f913be373b5b78e531b80b5b3c1c203a027ecf67475a8fa87a728b17206cad17,True,
benign (242),benign,/content/drive/MyDrive/BUSI-XAI/data/raw/benign/benign (242).png,/content/drive/MyDrive/BUSI-XAI/data/processed/images/benign/benign (242).png,/content/drive/MyDrive/BUSI-XAI/data/processed/masks/benign/benign (242)_mask.png,1,/content/drive/MyDrive/BUSI-XAI/data/raw/benign/benign (242)_mask.png,556,474,556,474,False,19380,0.07353610782260268,48ffed9733a9cd19628abffb496817b2c05fe7742130848bfb66096ed9c6a0b3,True,
benign (243),benign,/content/drive/MyDrive/BUSI-XAI/data/raw/benign/benign (243).png,/content/drive/MyDrive/BUSI-XAI/data/processed/images/benign/benign (243).png,/content/drive/MyDrive/BUSI-XAI/data/processed/masks/benign/benign (243)_mask.png,1,/content/drive/MyDrive/BUSI-XAI/data/raw/benign/benign (243)_mask.png,561,473,561,473,False,27776,0.10467565846250089,1a7490710c5324084bf6d5b477a5314f4e56e247d570df54d38c288eaf41af14,True,
benign (244),benign,/content/drive/MyDrive/BUSI-XAI/data/raw/benign/benign (244).png,/content/drive/MyDrive/BUSI-XAI/data/processed/images/benign/benign (244).png,/content/drive/MyDrive/BUSI-XAI/data/processed/masks/benign/benign (244)_mask.png,1,/content/drive/MyDrive/BUSI-XAI/data/raw/benign/benign (244)_mask.png,561,475,561,475,False,5479,0.020561028239046816,220e7151a45c243c61c0e59345b6e4780c1ce82837fec2b4f9d1e1cf39a36fb2,True,
benign (245),benign,/content/drive/MyDrive/BUSI-XAI/data/raw/benign/benign (245).png,/content/drive/MyDrive/BUSI-XAI/data/processed/images/benign/benign (245).png,/content/drive/MyDrive/BUSI-XAI/data/processed/masks/benign/benign (245)_mask.png,1,/content/drive/MyDrive/BUSI-XAI/data/raw/benign/benign (245)_mask.png,560,465,560,465,False,5649,0.021693548387096775,a716f5c6b8c4ff81a2fa86ccd793dd9bed4cc19c85227696733e94858d65d070,True,
benign (246),benign,/content/drive/MyDrive/BUSI-XAI/data/raw/benign/benign (246).png,/content/drive/MyDrive/BUSI-XAI/data/processed/images/benign/benign (246).png,/content/drive/MyDrive/BUSI-XAI/data/processed/masks/benign/benign (246)_mask.png,1,/content/drive/MyDrive/BUSI-XAI/data/raw/benign/benign (246)_mask.png,526,331,526,331,False,1378,0.007914718619691452,907b78e4e08ae4f9788fa75d1163aaeacf42ac05061c11cf8058f99ee09ed4c0,True,
benign (247),benign,/content/drive/MyDrive/BUSI-XAI/data/raw/benign/benign (247).png,/content/drive/MyDrive/BUSI-XAI/data/processed/images/benign/benign (247).png,/content/drive/MyDrive/BUSI-XAI/data/processed/masks/benign/benign (247)_mask.png,1,/content/drive/MyDrive/BUSI-XAI/data/raw/benign/benign (247)_mask.png,469,396,469,396,False,2750,0.014806917791992419,eb02eaeb509133a280db04b9b491a9c1439dc86bdb8648a7db06082fba592b6d,True,
benign (248),benign,/content/drive/MyDrive/BUSI-XAI/data/raw/benign/benign (248).png,/content/drive/MyDrive/BUSI-XAI/data/processed/images/benign/benign (248).png,/content/drive/MyDrive/BUSI-XAI/data/processed/masks/benign/benign (248)_mask.png,1,/content/drive/MyDrive/BUSI-XAI/data/raw/benign/benign (248)_mask.png,472,385,472,385,False,2166,0.011919436495707682,43501be347ed54637ca0abdbdde4f7f47eb6050b8c5c717db73992bc8f96a64d,True,
benign (249),benign,/content/drive/MyDrive/BUSI-XAI/data/raw/benign/benign (249).png,/content/drive/MyDrive/BUSI-XAI/data/processed/images/benign/benign (249).png,/content/drive/MyDrive/BUSI-XAI/data/processed/masks/benign/benign (249)_mask.png,1,/content/drive/MyDrive/BUSI-XAI/data/raw/benign/benign (249)_mask.png,465,395,465,395,False,9112,0.04960936436640806,76cb026823654c2b2b5f432411a1ffb2bfd3a16c5183c97f1ac2e63e4d097b36,True,
benign (25),benign,/content/drive/MyDrive/BUSI-XAI/data/raw/benign/benign (25).png,/content/drive/MyDrive/BUSI-XAI/data/processed/images/benign/benign (25).png,/content/drive/MyDrive/BUSI-XAI/data/processed/masks/benign/benign (25)_mask.png,2,/content/drive/MyDrive/BUSI-XAI/data/raw/benign/benign (25)_mask.png;/content/drive/MyDrive/BUSI-XAI/data/raw/benign/benign (25)_mask_1.png,770,583,770,583,False,5824,0.012973647278964603,603b97e8e840ad6ac4e56f79dc5abaaddb3a1edf4fc595bcd9ad31f425560d5a,True,
benign (250),benign,/content/drive/MyDrive/BUSI-XAI/data/raw/benign/benign (250).png,/content/drive/MyDrive/BUSI-XAI/data/processed/images/benign/benign (250).png,/content/drive/MyDrive/BUSI-XAI/data/processed/masks/benign/benign (250)_mask.png,1,/content/drive/MyDrive/BUSI-XAI/data/raw/benign/benign (250)_mask.png,469,394,469,394,False,4554,0.02464472416741528,fbf2e9c8181b95b3f693b3c2292b97e04323076e27968f21787ea13a5424fa43,True,
benign (251),benign,/content/drive/MyDrive/BUSI-XAI/data/raw/benign/benign (251).png,/content/drive/MyDrive/BUSI-XAI/data/processed/images/benign/benign (251).png,/content/drive/MyDrive/BUSI-XAI/data/processed/masks/benign/benign (251)_mask.png,1,/content/drive/MyDrive/BUSI-XAI/data/raw/benign/benign (251)_mask.png,467,387,467,387,False,3811,0.021086820598797094,bf3f859e7fc8e322a18d5e00ba4c107d43b41ed5ffd85d793e1a97628067da68,True,
benign (252),benign,/content/drive/MyDrive/BUSI-XAI/data/raw/benign/benign (252).png,/content/drive/MyDrive/BUSI-XAI/data/processed/images/benign/benign (252).png,/content/drive/MyDrive/BUSI-XAI/data/processed/masks/benign/benign (252)_mask.png,1,/content/drive/MyDrive/BUSI-XAI/data/raw/benign/benign (252)_mask.png,473,398,473,398,False,8957,0.047579334303653575,368166d2813e9e350ec7636cf8e4c146f729d7d8b2b94d76cbfc52f45287eeb3,True,
benign (253),benign,/content/drive/MyDrive/BUSI-XAI/data/raw/benign/benign (253).png,/content/drive/MyDrive/BUSI-XAI/data/processed/images/benign/benign (253).png,/content/drive/MyDrive/BUSI-XAI/data/processed/masks/benign/benign (253)_mask.png,1,/content/drive/MyDrive/BUSI-XAI/data/raw/benign/benign (253)_mask.png,463,383,463,383,False,6628,0.03737685319378105,8756c58c4e23bbaf023127defd5264a101127322f1e4ccf27959a3b6bd4bd423,True,
benign (254),benign,/content/drive/MyDrive/BUSI-XAI/data/raw/benign/benign (254).png,/content/drive/MyDrive/BUSI-XAI/data/processed/images/benign/benign (254).png,/content/drive/MyDrive/BUSI-XAI/data/processed/masks/benign/benign (254)_mask.png,1,/content/drive/MyDrive/BUSI-XAI/data/raw/benign/benign (254)_mask.png,473,389,473,389,False,1013,0.005505524546595869,8ec9b0facf53e42c038ad0a159bc56ce7e4279d962aa1514502e12f588b671c3,True,
benign (255),benign,/content/drive/MyDrive/BUSI-XAI/data/raw/benign/benign (255).png,/content/drive/MyDrive/BUSI-XAI/data/processed/images/benign/benign (255).png,/content/drive/MyDrive/BUSI-XAI/data/processed/masks/benign/benign (255)_mask.png,1,/content/drive/MyDrive/BUSI-XAI/data/raw/benign/benign (255)_mask.png,473,389,473,389,False,13573,0.07376750707891977,df1e28cf9e2f579779fb3c1bd11421ef5524629d947eed4e8299f5993850ade6,True,
benign (256),benign,/content/drive/MyDrive/BUSI-XAI/data/raw/benign/benign (256).png,/content/drive/MyDrive/BUSI-XAI/data/processed/images/benign/benign (256).png,/content/drive/MyDrive/BUSI-XAI/data/processed/masks/benign/benign (256)_mask.png,1,/content/drive/MyDrive/BUSI-XAI/data/raw/benign/benign (256)_mask.png,469,395,469,395,False,17678,0.09542522469029176,cc7662db553921b72d504532552a5be53991a4d7be7025a7810c160a7d9bbb22,True,
benign (257),benign,/content/drive/MyDrive/BUSI-XAI/data/raw/benign/benign (257).png,/content/drive/MyDrive/BUSI-XAI/data/processed/images/benign/benign (257).png,/content/drive/MyDrive/BUSI-XAI/data/processed/masks/benign/benign (257)_mask.png,1,/content/drive/MyDrive/BUSI-XAI/data/raw/benign/benign (257)_mask.png,467,392,467,392,False,4357,0.023800419525411877,a2c0fffcf83fd7d2200a7377f3e634631dc9ad0fd25a6c188ec18a970ec5097c,True,
benign (258),benign,/content/drive/MyDrive/BUSI-XAI/data/raw/benign/benign (258).png,/content/drive/MyDrive/BUSI-XAI/data/processed/images/benign/benign (258).png,/content/drive/MyDrive/BUSI-XAI/data/processed/masks/benign/benign (258)_mask.png,1,/content/drive/MyDrive/BUSI-XAI/data/raw/benign/benign (258)_mask.png,462,389,462,389,False,4412,0.024549572107412723,54319e05d849591fa4729f85dc50759ccbaf37465acf369f05be0a802b5df6d8,True,
benign (259),benign,/content/drive/MyDrive/BUSI-XAI/data/raw/benign/benign (259).png,/content/drive/MyDrive/BUSI-XAI/data/processed/images/benign/benign (259).png,/content/drive/MyDrive/BUSI-XAI/data/processed/masks/benign/benign (259)_mask.png,1,/content/drive/MyDrive/BUSI-XAI/data/raw/benign/benign (259)_mask.png,465,390,465,390,False,9303,0.05129859387923904,4a6f07aa72cef44fb46fd6fd40f1f5fba71ef50c672370accbb0546a6ff18f52,True,
benign (26),benign,/content/drive/MyDrive/BUSI-XAI/data/raw/benign/benign (26).png,/content/drive/MyDrive/BUSI-XAI/data/processed/images/benign/benign (26).png,/content/drive/MyDrive/BUSI-XAI/data/processed/masks/benign/benign (26)_mask.png,1,/content/drive/MyDrive/BUSI-XAI/data/raw/benign/benign (26)_mask.png,554,471,554,471,False,33610,0.12880651812335686,75e7c68717c1c6301a9e5f2f1123900a5d3ac82339f35e74c7aab6f3ab9eeb16,True,
benign (260),benign,/content/drive/MyDrive/BUSI-XAI/data/raw/benign/benign (260).png,/content/drive/MyDrive/BUSI-XAI/data/processed/images/benign/benign (260).png,/content/drive/MyDrive/BUSI-XAI/data/processed/masks/benign/benign (260)_mask.png,1,/content/drive/MyDrive/BUSI-XAI/data/raw/benign/benign (260)_mask.png,498,331,498,331,False,9149,0.0555029786821,40158d60c7beb75a064a98be29e44122bdc73663335a8e57cdd14442fa7f2a32,True,
benign (261),benign,/content/drive/MyDrive/BUSI-XAI/data/raw/benign/benign (261).png,/content/drive/MyDrive/BUSI-XAI/data/processed/images/benign/benign (261).png,/content/drive/MyDrive/BUSI-XAI/data/processed/masks/benign/benign (261)_mask.png,1,/content/drive/MyDrive/BUSI-XAI/data/raw/benign/benign (261)_mask.png,469,386,469,386,False,22135,0.12226984986245677,e274ae9e6d1c627fa035757c7cb1913d8fa07f023f5e5b153bdc9623c085050a,True,
benign (262),benign,/content/drive/MyDrive/BUSI-XAI/data/raw/benign/benign (262).png,/content/drive/MyDrive/BUSI-XAI/data/processed/images/benign/benign (262).png,/content/drive/MyDrive/BUSI-XAI/data/processed/masks/benign/benign (262)_mask.png,1,/content/drive/MyDrive/BUSI-XAI/data/raw/benign/benign (262)_mask.png,471,401,471,401,False,42646,0.22579432522727153,86bbcafb71f7656e09f17bf740b932f59e0c141e3ab5573b8aa3610af166758c,True,
benign (263),benign,/content/drive/MyDrive/BUSI-XAI/data/raw/benign/benign (263).png,/content/drive/MyDrive/BUSI-XAI/data/processed/images/benign/benign (263).png,/content/drive/MyDrive/BUSI-XAI/data/processed/masks/benign/benign (263)_mask.png,1,/content/drive/MyDrive/BUSI-XAI/data/raw/benign/benign (263)_mask.png,465,390,465,390,False,5734,0.03161841742486904,555175176d5d7178a38140b0dcc043aa50b20dcdca02d373e1edc9fd2c120648,True,
benign (264),benign,/content/drive/MyDrive/BUSI-XAI/data/raw/benign/benign (264).png,/content/drive/MyDrive/BUSI-XAI/data/processed/images/benign/benign (264).png,/content/drive/MyDrive/BUSI-XAI/data/processed/masks/benign/benign (264)_mask.png,1,/content/drive/MyDrive/BUSI-XAI/data/raw/benign/benign (264)_mask.png,462,391,462,391,False,16253,0.08997353882264368,9d068e69cf32e62398f014ae827ed2dad11eabb5214d9d4c2c7f48eadd3a3d5d,True,
benign (265),benign,/content/drive/MyDrive/BUSI-XAI/data/raw/benign/benign (265).png,/content/drive/MyDrive/BUSI-XAI/data/processed/images/benign/benign (265).png,/content/drive/MyDrive/BUSI-XAI/data/processed/masks/benign/benign (265)_mask.png,1,/content/drive/MyDrive/BUSI-XAI/data/raw/benign/benign (265)_mask.png,544,328,544,328,False,12086,0.06773448708751793,b05b54e7a9cc71019d85aa7e74ec396d89da65f379d07f9fc44b1c9eac9f24df,True,
benign (266),benign,/content/drive/MyDrive/BUSI-XAI/data/raw/benign/benign (266).png,/content/drive/MyDrive/BUSI-XAI/data/processed/images/benign/benign (266).png,/content/drive/MyDrive/BUSI-XAI/data/processed/masks/benign/benign (266)_mask.png,1,/content/drive/MyDrive/BUSI-XAI/data/raw/benign/benign (266)_mask.png,462,389,462,389,False,7896,0.04393549894835242,7373f85bcfe9a63fd74cca11ed56bf1e728b5731f616e60950c247e616381f53,True,
benign (267),benign,/content/drive/MyDrive/BUSI-XAI/data/raw/benign/benign (267).png,/content/drive/MyDrive/BUSI-XAI/data/processed/images/benign/benign (267).png,/content/drive/MyDrive/BUSI-XAI/data/processed/masks/benign/benign (267)_mask.png,1,/content/drive/MyDrive/BUSI-XAI/data/raw/benign/benign (267)_mask.png,500,327,500,327,False,6275,0.03837920489296636,5a1ad27e45baed020acd1f731e85261533067d987e172c51d2f682cf18839db1,True,
benign (268),benign,/content/drive/MyDrive/BUSI-XAI/data/raw/benign/benign (268).png,/content/drive/MyDrive/BUSI-XAI/data/processed/images/benign/benign (268).png,/content/drive/MyDrive/BUSI-XAI/data/processed/masks/benign/benign (268)_mask.png,1,/content/drive/MyDrive/BUSI-XAI/data/raw/benign/benign (268)_mask.png,506,330,506,330,False,15243,0.09128638160258713,945b4365a5a931c89746ffbff1d26595ac92b30baf98eeacfb179247c7c91ca1,True,
benign (269),benign,/content/drive/MyDrive/BUSI-XAI/data/raw/benign/benign (269).png,/content/drive/MyDrive/BUSI-XAI/data/processed/images/benign/benign (269).png,/content/drive/MyDrive/BUSI-XAI/data/processed/masks/benign/benign (269)_mask.png,1,/content/drive/MyDrive/BUSI-XAI/data/raw/benign/benign (269)_mask.png,465,390,465,390,False,8237,0.045420457678522194,a2d6370c5534d2608c41d69b3d1d8d92db38a2b9300b19754a2dcdca44081eef,True,
benign (27),benign,/content/drive/MyDrive/BUSI-XAI/data/raw/benign/benign (27).png,/content/drive/MyDrive/BUSI-XAI/data/processed/images/benign/benign (27).png,/content/drive/MyDrive/BUSI-XAI/data/processed/masks/benign/benign (27)_mask.png,1,/content/drive/MyDrive/BUSI-XAI/data/raw/benign/benign (27)_mask.png,774,576,774,576,False,6736,0.015109101349411427,79f023797f63d8fe6bb56a9b9c53b1332c1efd06de5f0fb082b42b203fa47620,True,
benign (270),benign,/content/drive/MyDrive/BUSI-XAI/data/raw/benign/benign (270).png,/content/drive/MyDrive/BUSI-XAI/data/processed/images/benign/benign (270).png,/content/drive/MyDrive/BUSI-XAI/data/processed/masks/benign/benign (270)_mask.png,1,/content/drive/MyDrive/BUSI-XAI/data/raw/benign/benign (270)_mask.png,500,328,500,328,False,3646,0.02223170731707317,3d4b699c1f1ee0e8b31f481ea3f08db83408a77cc5e7c5e4837750431e3bc8f4,True,
benign (271),benign,/content/drive/MyDrive/BUSI-XAI/data/raw/benign/benign (271).png,/content/drive/MyDrive/BUSI-XAI/data/processed/images/benign/benign (271).png,/content/drive/MyDrive/BUSI-XAI/data/processed/masks/benign/benign (271)_mask.png,1,/content/drive/MyDrive/BUSI-XAI/data/raw/benign/benign (271)_mask.png,510,324,510,324,False,5363,0.0324558218349068,7f2068e290e231bdf493335e65850b39bf0e92eb6259f1676e41e5d15ab9efd2,True,
benign (272),benign,/content/drive/MyDrive/BUSI-XAI/data/raw/benign/benign (272).png,/content/drive/MyDrive/BUSI-XAI/data/processed/images/benign/benign (272).png,/content/drive/MyDrive/BUSI-XAI/data/processed/masks/benign/benign (272)_mask.png,1,/content/drive/MyDrive/BUSI-XAI/data/raw/benign/benign (272)_mask.png,498,326,498,326,False,10541,0.06492842535787322,f2420d0b256a73781c7f180320fe395341dd83f0e02e537a6bd99cd85e111a02,True,
benign (273),benign,/content/drive/MyDrive/BUSI-XAI/data/raw/benign/benign (273).png,/content/drive/MyDrive/BUSI-XAI/data/processed/images/benign/benign (273).png,/content/drive/MyDrive/BUSI-XAI/data/processed/masks/benign/benign (273)_mask.png,1,/content/drive/MyDrive/BUSI-XAI/data/raw/benign/benign (273)_mask.png,560,469,560,469,False,27561,0.1049383186110265,75e795f5464d476e5102e3c7066ffd407771f8b3c57aacceb0c53b2590af82de,True,
benign (274),benign,/content/drive/MyDrive/BUSI-XAI/data/raw/benign/benign (274).png,/content/drive/MyDrive/BUSI-XAI/data/processed/images/benign/benign (274).png,/content/drive/MyDrive/BUSI-XAI/data/processed/masks/benign/benign (274)_mask.png,1,/content/drive/MyDrive/BUSI-XAI/data/raw/benign/benign (274)_mask.png,556,471,556,471,False,37185,0.14199468450717134,90b0de079f7e458768f061b86d1afc89b7ad8a1efacec00a9e706994d8e2a04f,True,
benign (275),benign,/content/drive/MyDrive/BUSI-XAI/data/raw/benign/benign (275).png,/content/drive/MyDrive/BUSI-XAI/data/processed/images/benign/benign (275).png,/content/drive/MyDrive/BUSI-XAI/data/processed/masks/benign/benign (275)_mask.png,1,/content/drive/MyDrive/BUSI-XAI/data/raw/benign/benign (275)_mask.png,556,463,556,463,False,7692,0.029880199512096587,cddb1c8a86ddedf5cb3f439260377a2cb756ec665035a8ce0f10fdba74ee767d,True,
benign (276),benign,/content/drive/MyDrive/BUSI-XAI/data/raw/benign/benign (276).png,/content/drive/MyDrive/BUSI-XAI/data/processed/images/benign/benign (276).png,/content/drive/MyDrive/BUSI-XAI/data/processed/masks/benign/benign (276)_mask.png,1,/content/drive/MyDrive/BUSI-XAI/data/raw/benign/benign (276)_mask.png,550,474,550,474,False,30396,0.11659378596087457,2f37cdeb2eef81e49bff4b4e657ca5d72bb08b26ba51dd2154d17946a31715ac,True,
benign (277),benign,/content/drive/MyDrive/BUSI-XAI/data/raw/benign/benign (277).png,/content/drive/MyDrive/BUSI-XAI/data/processed/images/benign/benign (277).png,/content/drive/MyDrive/BUSI-XAI/data/processed/masks/benign/benign (277)_mask.png,1,/content/drive/MyDrive/BUSI-XAI/data/raw/benign/benign (277)_mask.png,556,469,556,469,False,20290,0.077809820373978,ba4447bd6cc74f17d6ca8722a28bc4c3aabd804d5c42dd04a2ae42f91f434d8e,True,
benign (278),benign,/content/drive/MyDrive/BUSI-XAI/data/raw/benign/benign (278).png,/content/drive/MyDrive/BUSI-XAI/data/processed/images/benign/benign (278).png,/content/drive/MyDrive/BUSI-XAI/data/processed/masks/benign/benign (278)_mask.png,1,/content/drive/MyDrive/BUSI-XAI/data/raw/benign/benign (278)_mask.png,561,464,561,464,False,8243,0.03166682033314893,373aba7ea030a9f86fa31f3bed4cfcb478b72a7644c3cbb9fb9077c36129a775,True,
benign (279),benign,/content/drive/MyDrive/BUSI-XAI/data/raw/benign/benign (279).png,/content/drive/MyDrive/BUSI-XAI/data/processed/images/benign/benign (279).png,/content/drive/MyDrive/BUSI-XAI/data/processed/masks/benign/benign (279)_mask.png,1,/content/drive/MyDrive/BUSI-XAI/data/raw/benign/benign (279)_mask.png,551,467,551,467,False,11775,0.04576067651962366,8c528eb1845f17fa9d2a5ac654ffbe651b98f58b8637609afd7806c3f5bf44a9,True,
benign (28),benign,/content/drive/MyDrive/BUSI-XAI/data/raw/benign/benign (28).png,/content/drive/MyDrive/BUSI-XAI/data/processed/images/benign/benign (28).png,/content/drive/MyDrive/BUSI-XAI/data/processed/masks/benign/benign (28)_mask.png,1,/content/drive/MyDrive/BUSI-XAI/data/raw/benign/benign (28)_mask.png,841,696,841,696,False,18616,0.03180395533505542,3e5b3885ba2902592a20256554ff8978ba68e39fa891ca0cb1797becb8fa5d60,True,
benign (280),benign,/content/drive/MyDrive/BUSI-XAI/data/raw/benign/benign (280).png,/content/drive/MyDrive/BUSI-XAI/data/processed/images/benign/benign (280).png,/content/drive/MyDrive/BUSI-XAI/data/processed/masks/benign/benign (280)_mask.png,1,/content/drive/MyDrive/BUSI-XAI/data/raw/benign/benign (280)_mask.png,556,471,556,471,False,14325,0.054701461760527884,2e14f20927376233b86f2dc9f8f0f2f230ec4f715e0121cebcb6d87265ec2d6f,True,
benign (281),benign,/content/drive/MyDrive/BUSI-XAI/data/raw/benign/benign (281).png,/content/drive/MyDrive/BUSI-XAI/data/processed/images/benign/benign (281).png,/content/drive/MyDrive/BUSI-XAI/data/processed/masks/benign/benign (281)_mask.png,1,/content/drive/MyDrive/BUSI-XAI/data/raw/benign/benign (281)_mask.png,605,392,605,392,False,12791,0.053934052960026985,369abaa192638552e6ad07a5d8593963564fcfe731e2f8ae7d8bf6eb85dfa48a,True,
benign (282),benign,/content/drive/MyDrive/BUSI-XAI/data/raw/benign/benign (282).png,/content/drive/MyDrive/BUSI-XAI/data/processed/images/benign/benign (282).png,/content/drive/MyDrive/BUSI-XAI/data/processed/masks/benign/benign (282)_mask.png,1,/content/drive/MyDrive/BUSI-XAI/data/raw/benign/benign (282)_mask.png,560,465,560,465,False,13016,0.04998463901689708,cb44e5e086cddac54ace20772604d80ef0057bc3fc92fe970793784431ec906c,True,
benign (283),benign,/content/drive/MyDrive/BUSI-XAI/data/raw/benign/benign (283).png,/content/drive/MyDrive/BUSI-XAI/data/processed/images/benign/benign (283).png,/content/drive/MyDrive/BUSI-XAI/data/processed/masks/benign/benign (283)_mask.png,1,/content/drive/MyDrive/BUSI-XAI/data/raw/benign/benign (283)_mask.png,621,508,621,508,False,3686,0.011684227877312438,110e487cd06a94c1a8079afcaea41e45cbe4b384cc0248bb0dff61d1993a2439,True,
benign (284),benign,/content/drive/MyDrive/BUSI-XAI/data/raw/benign/benign (284).png,/content/drive/MyDrive/BUSI-XAI/data/processed/images/benign/benign (284).png,/content/drive/MyDrive/BUSI-XAI/data/processed/masks/benign/benign (284)_mask.png,1,/content/drive/MyDrive/BUSI-XAI/data/raw/benign/benign (284)_mask.png,622,497,622,497,False,19226,0.06219309425685948,8fbb1a6b2db7b719638bdc589599837a8ebb0342116ebe2f6ac22ab73a29d376,True,
benign (285),benign,/content/drive/MyDrive/BUSI-XAI/data/raw/benign/benign (285).png,/content/drive/MyDrive/BUSI-XAI/data/processed/images/benign/benign (285).png,/content/drive/MyDrive/BUSI-XAI/data/processed/masks/benign/benign (285)_mask.png,1,/content/drive/MyDrive/BUSI-XAI/data/raw/benign/benign (285)_mask.png,625,494,625,494,False,18127,0.05871093117408907,2e36e661b850fd4b51d85931e96130b61fc48b3afe65e52ed19815b0e7ae1e5d,True,
benign (286),benign,/content/drive/MyDrive/BUSI-XAI/data/raw/benign/benign (286).png,/content/drive/MyDrive/BUSI-XAI/data/processed/images/benign/benign (286).png,/content/drive/MyDrive/BUSI-XAI/data/processed/masks/benign/benign (286)_mask.png,1,/content/drive/MyDrive/BUSI-XAI/data/raw/benign/benign (286)_mask.png,620,490,620,490,False,38246,0.12589203423304807,a93f531b9e6bd5478e6809ccec0cc65c9ce569ee7f0fc0137c67cc60dd728cb2,True,
benign (287),benign,/content/drive/MyDrive/BUSI-XAI/data/raw/benign/benign (287).png,/content/drive/MyDrive/BUSI-XAI/data/processed/images/benign/benign (287).png,/content/drive/MyDrive/BUSI-XAI/data/processed/masks/benign/benign (287)_mask.png,1,/content/drive/MyDrive/BUSI-XAI/data/raw/benign/benign (287)_mask.png,466,390,466,390,False,21213,0.11672169032684054,45b73425c968dc271e80f8de719e588e947a2c20523ce9bd7600a6280a2dcdc6,True,
benign (288),benign,/content/drive/MyDrive/BUSI-XAI/data/raw/benign/benign (288).png,/content/drive/MyDrive/BUSI-XAI/data/processed/images/benign/benign (288).png,/content/drive/MyDrive/BUSI-XAI/data/processed/masks/benign/benign (288)_mask.png,1,/content/drive/MyDrive/BUSI-XAI/data/raw/benign/benign (288)_mask.png,463,390,463,390,False,6689,0.03704380572631113,81706fbcd74b529859ba4caca0585bb69897e859e2e4f76df2acd0309a5b59bd,True,
benign (289),benign,/content/drive/MyDrive/BUSI-XAI/data/raw/benign/benign (289).png,/content/drive/MyDrive/BUSI-XAI/data/processed/images/benign/benign (289).png,/content/drive/MyDrive/BUSI-XAI/data/processed/masks/benign/benign (289)_mask.png,1,/content/drive/MyDrive/BUSI-XAI/data/raw/benign/benign (289)_mask.png,468,393,468,393,False,18869,0.10259128770579153,461ab9ee6ec3e0ff3f092aff49e030c872380051539c0b454e4720d57e04a4c5,True,
benign (29),benign,/content/drive/MyDrive/BUSI-XAI/data/raw/benign/benign (29).png,/content/drive/MyDrive/BUSI-XAI/data/processed/images/benign/benign (29).png,/content/drive/MyDrive/BUSI-XAI/data/processed/masks/benign/benign (29)_mask.png,1,/content/drive/MyDrive/BUSI-XAI/data/raw/benign/benign (29)_mask.png,561,462,561,462,False,1415,0.005459484069109738,700522e0b2379b1f9a0a231c2d8b902d6ca2dab6c01c0e25ee57d736cb1bbf36,True,
benign (290),benign,/content/drive/MyDrive/BUSI-XAI/data/raw/benign/benign (290).png,/content/drive/MyDrive/BUSI-XAI/data/processed/images/benign/benign (290).png,/content/drive/MyDrive/BUSI-XAI/data/processed/masks/benign/benign (290)_mask.png,1,/content/drive/MyDrive/BUSI-XAI/data/raw/benign/benign (290)_mask.png,465,389,465,389,False,23937,0.13233269757027946,f93a1cc1233b2fc1b440ca8ebb73eb00cd8f1576e0a7294ecb2a28ac1d4991e4,True,
benign (291),benign,/content/drive/MyDrive/BUSI-XAI/data/raw/benign/benign (291).png,/content/drive/MyDrive/BUSI-XAI/data/processed/images/benign/benign (291).png,/content/drive/MyDrive/BUSI-XAI/data/processed/masks/benign/benign (291)_mask.png,1,/content/drive/MyDrive/BUSI-XAI/data/raw/benign/benign (291)_mask.png,462,404,462,404,False,2070,0.01109039475376109,59463bd011155ea43b72454636049acddb06a56d0bb1af283d35f9bd1a3e2e55,True,
benign (292),benign,/content/drive/MyDrive/BUSI-XAI/data/raw/benign/benign (292).png,/content/drive/MyDrive/BUSI-XAI/data/processed/images/benign/benign (292).png,/content/drive/MyDrive/BUSI-XAI/data/processed/masks/benign/benign (292)_mask.png,1,/content/drive/MyDrive/BUSI-XAI/data/raw/benign/benign (292)_mask.png,460,391,460,391,False,7267,0.04040364728121872,d4369751037738e3a19d6bffb3cd461acaf73844fc2c1c145abca0871edb13ca,True,
benign (293),benign,/content/drive/MyDrive/BUSI-XAI/data/raw/benign/benign (293).png,/content/drive/MyDrive/BUSI-XAI/data/processed/images/benign/benign (293).png,/content/drive/MyDrive/BUSI-XAI/data/processed/masks/benign/benign (293)_mask.png,1,/content/drive/MyDrive/BUSI-XAI/data/raw/benign/benign (293)_mask.png,473,389,473,389,False,7486,0.04068544595835802,76d63d169f9b38f6e50985861ec1c555ee802c33d5162285f778cf9519e32a33,True,
benign (294),benign,/content/drive/MyDrive/BUSI-XAI/data/raw/benign/benign (294).png,/content/drive/MyDrive/BUSI-XAI/data/processed/images/benign/benign (294).png,/content/drive/MyDrive/BUSI-XAI/data/processed/masks/benign/benign (294)_mask.png,1,/content/drive/MyDrive/BUSI-XAI/data/raw/benign/benign (294)_mask.png,469,394,469,394,False,13962,0.0755576721180176,3c1fb2136a804c29efcb896a4ebe0a4862fb0c782eed7e95e745ca4a4475ad2e,True,
benign (295),benign,/content/drive/MyDrive/BUSI-XAI/data/raw/benign/benign (295).png,/content/drive/MyDrive/BUSI-XAI/data/processed/images/benign/benign (295).png,/content/drive/MyDrive/BUSI-XAI/data/processed/masks/benign/benign (295)_mask.png,1,/content/drive/MyDrive/BUSI-XAI/data/raw/benign/benign (295)_mask.png,472,387,472,387,False,10033,0.054925984320938995,21e1db7a9ce55d1f1943f49e3a221a8b60bf4ce5125907ac58800c31481eadd8,True,
benign (296),benign,/content/drive/MyDrive/BUSI-XAI/data/raw/benign/benign (296).png,/content/drive/MyDrive/BUSI-XAI/data/processed/images/benign/benign (296).png,/content/drive/MyDrive/BUSI-XAI/data/processed/masks/benign/benign (296)_mask.png,1,/content/drive/MyDrive/BUSI-XAI/data/raw/benign/benign (296)_mask.png,503,328,503,328,False,21775,0.13198249527226882,c8446be415bb0a5a23f4b35a6549c95bc139b5f883a92da165a6f73464a668f9,True,
benign (297),benign,/content/drive/MyDrive/BUSI-XAI/data/raw/benign/benign (297).png,/content/drive/MyDrive/BUSI-XAI/data/processed/images/benign/benign (297).png,/content/drive/MyDrive/BUSI-XAI/data/processed/masks/benign/benign (297)_mask.png,1,/content/drive/MyDrive/BUSI-XAI/data/raw/benign/benign (297)_mask.png,467,390,467,390,False,5433,0.029830340965244607,9892c8ed06332329ad1057e9614bad7ff7c1ddfdac8e8be64515332df30acf32,True,
benign (298),benign,/content/drive/MyDrive/BUSI-XAI/data/raw/benign/benign (298).png,/content/drive/MyDrive/BUSI-XAI/data/processed/images/benign/benign (298).png,/content/drive/MyDrive/BUSI-XAI/data/processed/masks/benign/benign (298)_mask.png,1,/content/drive/MyDrive/BUSI-XAI/data/raw/benign/benign (298)_mask.png,466,391,466,391,False,9144,0.05018495548993996,cce62138bf6396eaa28072662da3c08cf7f4d596b1b5eb8d43fcb94a618a9b90,True,
benign (299),benign,/content/drive/MyDrive/BUSI-XAI/data/raw/benign/benign (299).png,/content/drive/MyDrive/BUSI-XAI/data/processed/images/benign/benign (299).png,/content/drive/MyDrive/BUSI-XAI/data/processed/masks/benign/benign (299)_mask.png,1,/content/drive/MyDrive/BUSI-XAI/data/raw/benign/benign (299)_mask.png,463,392,463,392,False,10530,0.058017807554987436,93d5be8642ef522265bb8d4a3449840b8b512ba4f72e5c69e239fe90467d2a47,True,
benign (3),benign,/content/drive/MyDrive/BUSI-XAI/data/raw/benign/benign (3).png,/content/drive/MyDrive/BUSI-XAI/data/processed/images/benign/benign (3).png,/content/drive/MyDrive/BUSI-XAI/data/processed/masks/benign/benign (3)_mask.png,1,/content/drive/MyDrive/BUSI-XAI/data/raw/benign/benign (3)_mask.png,558,471,558,471,False,7022,0.02671810910972612,35bc400991087c0582b34caa751794b14941a879f931db35844c8308f35d6ddc,True,
benign (30),benign,/content/drive/MyDrive/BUSI-XAI/data/raw/benign/benign (30).png,/content/drive/MyDrive/BUSI-XAI/data/processed/images/benign/benign (30).png,/content/drive/MyDrive/BUSI-XAI/data/processed/masks/benign/benign (30)_mask.png,1,/content/drive/MyDrive/BUSI-XAI/data/raw/benign/benign (30)_mask.png,557,462,557,462,False,3621,0.014071207069411737,9695d016d83cb56dbf474a49897cc39d7af394bb95f7b887f4b13caa0d6dbdec,True,
benign (300),benign,/content/drive/MyDrive/BUSI-XAI/data/raw/benign/benign (300).png,/content/drive/MyDrive/BUSI-XAI/data/processed/images/benign/benign (300).png,/content/drive/MyDrive/BUSI-XAI/data/processed/masks/benign/benign (300)_mask.png,1,/content/drive/MyDrive/BUSI-XAI/data/raw/benign/benign (300)_mask.png,463,387,463,387,False,17160,0.09576908265943376,3eb7301cb9cf04b1981eebf7e5237e08ff95a669a6693e5af8a1eed055b97aba,True,
benign (301),benign,/content/drive/MyDrive/BUSI-XAI/data/raw/benign/benign (301).png,/content/drive/MyDrive/BUSI-XAI/data/processed/images/benign/benign (301).png,/content/drive/MyDrive/BUSI-XAI/data/processed/masks/benign/benign (301)_mask.png,1,/content/drive/MyDrive/BUSI-XAI/data/raw/benign/benign (301)_mask.png,463,383,463,383,False,893,0.0050358373418899335,b1dc0e084f46d3dbe12b291af117999c6d911d8104897632072e5cef12376fc2,True,
benign (302),benign,/content/drive/MyDrive/BUSI-XAI/data/raw/benign/benign (302).png,/content/drive/MyDrive/BUSI-XAI/data/processed/images/benign/benign (302).png,/content/drive/MyDrive/BUSI-XAI/data/processed/masks/benign/benign (302)_mask.png,1,/content/drive/MyDrive/BUSI-XAI/data/raw/benign/benign (302)_mask.png,466,390,466,390,False,2786,0.01532959172444151,bb949df33137158415a5f3aeccf72c096aae65fc03f73357f5d862d4e58f9d6b,True,
benign (303),benign,/content/drive/MyDrive/BUSI-XAI/data/raw/benign/benign (303).png,/content/drive/MyDrive/BUSI-XAI/data/processed/images/benign/benign (303).png,/content/drive/MyDrive/BUSI-XAI/data/processed/masks/benign/benign (303)_mask.png,1,/content/drive/MyDrive/BUSI-XAI/data/raw/benign/benign (303)_mask.png,463,398,463,398,False,9377,0.05088618036185246,90e25199d2f30b6105648666acce1ea011b7d502292b6af0fd4727d0e28c9356,True,
benign (304),benign,/content/drive/MyDrive/BUSI-XAI/data/raw/benign/benign (304).png,/content/drive/MyDrive/BUSI-XAI/data/processed/images/benign/benign (304).png,/content/drive/MyDrive/BUSI-XAI/data/processed/masks/benign/benign (304)_mask.png,1,/content/drive/MyDrive/BUSI-XAI/data/raw/benign/benign (304)_mask.png,467,387,467,387,False,19804,0.10957842958241344,e8751f97ae13b7b6f886851ff79d9ffcb1b114b82995c85a4ba8c50a15b5723a,True,
benign (305),benign,/content/drive/MyDrive/BUSI-XAI/data/raw/benign/benign (305).png,/content/drive/MyDrive/BUSI-XAI/data/processed/images/benign/benign (305).png,/content/drive/MyDrive/BUSI-XAI/data/processed/masks/benign/benign (305)_mask.png,1,/content/drive/MyDrive/BUSI-XAI/data/raw/benign/benign (305)_mask.png,466,389,466,389,False,4186,0.02309211469929499,3b7ff96ed859b9b16d14a64618f6d1b68fe1fe862ea802e7db3e7eacfb3e116f,True,
benign (306),benign,/content/drive/MyDrive/BUSI-XAI/data/raw/benign/benign (306).png,/content/drive/MyDrive/BUSI-XAI/data/processed/images/benign/benign (306).png,/content/drive/MyDrive/BUSI-XAI/data/processed/masks/benign/benign (306)_mask.png,1,/content/drive/MyDrive/BUSI-XAI/data/raw/benign/benign (306)_mask.png,471,386,471,386,False,10146,0.05580673905151645,61a110ef067c4ec1c83b5a7f327cc360eee254bc50879e5b128a14163de7bbde,True,
benign (307),benign,/content/drive/MyDrive/BUSI-XAI/data/raw/benign/benign (307).png,/content/drive/MyDrive/BUSI-XAI/data/processed/images/benign/benign (307).png,/content/drive/MyDrive/BUSI-XAI/data/processed/masks/benign/benign (307)_mask.png,1,/content/drive/MyDrive/BUSI-XAI/data/raw/benign/benign (307)_mask.png,775,587,775,587,False,12040,0.026465900972687806,a6da28bb854b8af1b5c6a183507ad34ec623ee354dc93a02378fba3d0ca8765d,True,
benign (308),benign,/content/drive/MyDrive/BUSI-XAI/data/raw/benign/benign (308).png,/content/drive/MyDrive/BUSI-XAI/data/processed/images/benign/benign (308).png,/content/drive/MyDrive/BUSI-XAI/data/processed/masks/benign/benign (308)_mask.png,1,/content/drive/MyDrive/BUSI-XAI/data/raw/benign/benign (308)_mask.png,552,468,552,468,False,4201,0.01626176762046327,c63cf4815fe98f248e7b697e7e2a1f6d0a844fcd256e5b11a64dc67932c8cda0,True,
benign (309),benign,/content/drive/MyDrive/BUSI-XAI/data/raw/benign/benign (309).png,/content/drive/MyDrive/BUSI-XAI/data/processed/images/benign/benign (309).png,/content/drive/MyDrive/BUSI-XAI/data/processed/masks/benign/benign (309)_mask.png,1,/content/drive/MyDrive/BUSI-XAI/data/raw/benign/benign (309)_mask.png,769,487,769,487,False,63198,0.1687516521897021,65bee9cb0fdf4024b1f871d66a5c5339c6aa82a4041e0d9980a9198a5a590c47,True,
benign (31),benign,/content/drive/MyDrive/BUSI-XAI/data/raw/benign/benign (31).png,/content/drive/MyDrive/BUSI-XAI/data/processed/images/benign/benign (31).png,/content/drive/MyDrive/BUSI-XAI/data/processed/masks/benign/benign (31)_mask.png,1,/content/drive/MyDrive/BUSI-XAI/data/raw/benign/benign (31)_mask.png,557,467,557,467,False,1610,0.006189474817295161,77739ecbf66f3d0d89c630ef437e6a7c0013d5e85a3cb85496b1121754962a84,True,
benign (310),benign,/content/drive/MyDrive/BUSI-XAI/data/raw/benign/benign (310).png,/content/drive/MyDrive/BUSI-XAI/data/processed/images/benign/benign (310).png,/content/drive/MyDrive/BUSI-XAI/data/processed/masks/benign/benign (310)_mask.png,1,/content/drive/MyDrive/BUSI-XAI/data/raw/benign/benign (310)_mask.png,544,468,544,468,False,18371,0.07215859100050276,f9e4e2a1e41fb3c9bab30cc010a07c520ef8d2f194b346bc269c542c7f3c3af5,True,
benign (311),benign,/content/drive/MyDrive/BUSI-XAI/data/raw/benign/benign (311).png,/content/drive/MyDrive/BUSI-XAI/data/processed/images/benign/benign (311).png,/content/drive/MyDrive/BUSI-XAI/data/processed/masks/benign/benign (311)_mask.png,1,/content/drive/MyDrive/BUSI-XAI/data/raw/benign/benign (311)_mask.png,549,496,549,496,False,38994,0.14320024678300722,4bb48dfd4aaf6e75053c9a807b79bdde8a78b81956103dcd4b161738540a0e84,True,
benign (312),benign,/content/drive/MyDrive/BUSI-XAI/data/raw/benign/benign (312).png,/content/drive/MyDrive/BUSI-XAI/data/processed/images/benign/benign (312).png,/content/drive/MyDrive/BUSI-XAI/data/processed/masks/benign/benign (312)_mask.png,1,/content/drive/MyDrive/BUSI-XAI/data/raw/benign/benign (312)_mask.png,552,490,552,490,False,39724,0.1468648328896776,fe2aa1e28f0b911697f0ecf8db42269c3854c6a2b1488fcd6e79ed5a6d3eb4d6,True,
benign (313),benign,/content/drive/MyDrive/BUSI-XAI/data/raw/benign/benign (313).png,/content/drive/MyDrive/BUSI-XAI/data/processed/images/benign/benign (313).png,/content/drive/MyDrive/BUSI-XAI/data/processed/masks/benign/benign (313)_mask.png,1,/content/drive/MyDrive/BUSI-XAI/data/raw/benign/benign (313)_mask.png,555,468,555,468,False,5349,0.020593670593670593,6b6c181bfbbee96634daef658fc84321a93cbe5e36fb790417155ea2bd2c2c7f,True,
benign (314),benign,/content/drive/MyDrive/BUSI-XAI/data/raw/benign/benign (314).png,/content/drive/MyDrive/BUSI-XAI/data/processed/images/benign/benign (314).png,/content/drive/MyDrive/BUSI-XAI/data/processed/masks/benign/benign (314)_mask.png,1,/content/drive/MyDrive/BUSI-XAI/data/raw/benign/benign (314)_mask.png,554,493,554,493,False,17929,0.06564465696648385,657448914cda934c1cefcacfcb7aa6d5548b5f96e87c3b2deecdfc74e66cb24b,True,
benign (315),benign,/content/drive/MyDrive/BUSI-XAI/data/raw/benign/benign (315).png,/content/drive/MyDrive/BUSI-XAI/data/processed/images/benign/benign (315).png,/content/drive/MyDrive/BUSI-XAI/data/processed/masks/benign/benign (315)_mask.png,2,/content/drive/MyDrive/BUSI-XAI/data/raw/benign/benign (315)_mask.png;/content/drive/MyDrive/BUSI-XAI/data/raw/benign/benign (315)_mask_1.png,551,470,551,470,False,8256,0.03188014055682125,852e1f5d09cf253a2d51774361063468a3d54bfb0e1624c7fdc1cbc92e0886e5,True,
benign (316),benign,/content/drive/MyDrive/BUSI-XAI/data/raw/benign/benign (316).png,/content/drive/MyDrive/BUSI-XAI/data/processed/images/benign/benign (316).png,/content/drive/MyDrive/BUSI-XAI/data/processed/masks/benign/benign (316)_mask.png,1,/content/drive/MyDrive/BUSI-XAI/data/raw/benign/benign (316)_mask.png,550,469,550,469,False,91164,0.353417328939717,5e53d6bf9af82484907c50ed82ec7ecdb95482f5019e496aa903d3d63208c8f5,True,
benign (317),benign,/content/drive/MyDrive/BUSI-XAI/data/raw/benign/benign (317).png,/content/drive/MyDrive/BUSI-XAI/data/processed/images/benign/benign (317).png,/content/drive/MyDrive/BUSI-XAI/data/processed/masks/benign/benign (317)_mask.png,1,/content/drive/MyDrive/BUSI-XAI/data/raw/benign/benign (317)_mask.png,551,491,551,491,False,22289,0.0823867731693163,8d49427d94085d9eea0c5141eb9d2578359fd61a26931545bbcfaf0925d4ac4c,True,
benign (318),benign,/content/drive/MyDrive/BUSI-XAI/data/raw/benign/benign (318).png,/content/drive/MyDrive/BUSI-XAI/data/processed/images/benign/benign (318).png,/content/drive/MyDrive/BUSI-XAI/data/processed/masks/benign/benign (318)_mask.png,1,/content/drive/MyDrive/BUSI-XAI/data/raw/benign/benign (318)_mask.png,554,465,554,465,False,1041,0.004040992197507861,cca98a33ad5823ea4607eacc26b02db6567734ee247bfd1fd3a2e54b78970782,True,
benign (319),benign,/content/drive/MyDrive/BUSI-XAI/data/raw/benign/benign (319).png,/content/drive/MyDrive/BUSI-XAI/data/processed/images/benign/benign (319).png,/content/drive/MyDrive/BUSI-XAI/data/processed/masks/benign/benign (319)_mask.png,1,/content/drive/MyDrive/BUSI-XAI/data/raw/benign/benign (319)_mask.png,560,467,560,467,False,9889,0.03781355154481493,044a3bce182a3b85bbe3e5300f4289286387edd54708d2929a7abf8cc05872d4,True,
benign (32),benign,/content/drive/MyDrive/BUSI-XAI/data/raw/benign/benign (32).png,/content/drive/MyDrive/BUSI-XAI/data/processed/images/benign/benign (32).png,/content/drive/MyDrive/BUSI-XAI/data/processed/masks/benign/benign (32)_mask.png,1,/content/drive/MyDrive/BUSI-XAI/data/raw/benign/benign (32)_mask.png,656,611,656,611,False,48240,0.12035447686719093,16c53d580a2ecb9f9473e73508b5bdac0172f6075bf41fef620a55d4bfba7052,True,
benign (320),benign,/content/drive/MyDrive/BUSI-XAI/data/raw/benign/benign (320).png,/content/drive/MyDrive/BUSI-XAI/data/processed/images/benign/benign (320).png,/content/drive/MyDrive/BUSI-XAI/data/processed/masks/benign/benign (320)_mask.png,1,/content/drive/MyDrive/BUSI-XAI/data/raw/benign/benign (320)_mask.png,558,475,558,475,False,6896,0.026017732503301264,4c619e6e7f4424dd8220dcd80cb8794bb0afc0dc2259d52f4487c447233ce4e2,True,
benign (321),benign,/content/drive/MyDrive/BUSI-XAI/data/raw/benign/benign (321).png,/content/drive/MyDrive/BUSI-XAI/data/processed/images/benign/benign (321).png,/content/drive/MyDrive/BUSI-XAI/data/processed/masks/benign/benign (321)_mask.png,1,/content/drive/MyDrive/BUSI-XAI/data/raw/benign/benign (321)_mask.png,546,467,546,467,False,804,0.0031531637527354873,de6b8356dbcc0c2ed85ce698bb9160a782c6d7bf0826dd157f823b63e1662322,True,
benign (322),benign,/content/drive/MyDrive/BUSI-XAI/data/raw/benign/benign (322).png,/content/drive/MyDrive/BUSI-XAI/data/processed/images/benign/benign (322).png,/content/drive/MyDrive/BUSI-XAI/data/processed/masks/benign/benign (322)_mask.png,1,/content/drive/MyDrive/BUSI-XAI/data/raw/benign/benign (322)_mask.png,555,491,555,491,False,3168,0.011625474761930973,1fe5239477442d083e292e57e426e0ac973934157e43cb2e07d132681fab1015,True,
benign (323),benign,/content/drive/MyDrive/BUSI-XAI/data/raw/benign/benign (323).png,/content/drive/MyDrive/BUSI-XAI/data/processed/images/benign/benign (323).png,/content/drive/MyDrive/BUSI-XAI/data/processed/masks/benign/benign (323)_mask.png,1,/content/drive/MyDrive/BUSI-XAI/data/raw/benign/benign (323)_mask.png,560,468,560,468,False,7445,0.028407356532356532,db357797b98ceeba5f5c19516d9efc58a2ac3306b413d0d0a9a886f7e45688f1,True,
benign (324),benign,/content/drive/MyDrive/BUSI-XAI/data/raw/benign/benign (324).png,/content/drive/MyDrive/BUSI-XAI/data/processed/images/benign/benign (324).png,/content/drive/MyDrive/BUSI-XAI/data/processed/masks/benign/benign (324)_mask.png,1,/content/drive/MyDrive/BUSI-XAI/data/raw/benign/benign (324)_mask.png,626,583,626,583,False,2708,0.007420031894080963,6c5b0751d8d1ae2f001b3faa63d8e39e0ab2d515d418cdc6ef20c61cc26f6c20,True,
benign (325),benign,/content/drive/MyDrive/BUSI-XAI/data/raw/benign/benign (325).png,/content/drive/MyDrive/BUSI-XAI/data/processed/images/benign/benign (325).png,/content/drive/MyDrive/BUSI-XAI/data/processed/masks/benign/benign (325)_mask.png,1,/content/drive/MyDrive/BUSI-XAI/data/raw/benign/benign (325)_mask.png,613,583,613,583,False,3619,0.010126504355320263,36852569c6642fad5c603c9fc640ab0d7524036e62ccbbe66bd9f9634776e67e,True,
benign (326),benign,/content/drive/MyDrive/BUSI-XAI/data/raw/benign/benign (326).png,/content/drive/MyDrive/BUSI-XAI/data/processed/images/benign/benign (326).png,/content/drive/MyDrive/BUSI-XAI/data/processed/masks/benign/benign (326)_mask.png,1,/content/drive/MyDrive/BUSI-XAI/data/raw/benign/benign (326)_mask.png,754,619,754,619,False,47077,0.1008664612642107,dff47fcb718896af2cec3549af3eaf66ee24993c2f686ed67584308ea8aa34eb,True,
benign (327),benign,/content/drive/MyDrive/BUSI-XAI/data/raw/benign/benign (327).png,/content/drive/MyDrive/BUSI-XAI/data/processed/images/benign/benign (327).png,/content/drive/MyDrive/BUSI-XAI/data/processed/masks/benign/benign (327)_mask.png,1,/content/drive/MyDrive/BUSI-XAI/data/raw/benign/benign (327)_mask.png,689,578,689,578,False,34279,0.08607580315486564,40b7b39167757f98415da69907e986a82d2f35734fe6ceeffc9d7f5a5e19831a,True,
benign (328),benign,/content/drive/MyDrive/BUSI-XAI/data/raw/benign/benign (328).png,/content/drive/MyDrive/BUSI-XAI/data/processed/images/benign/benign (328).png,/content/drive/MyDrive/BUSI-XAI/data/processed/masks/benign/benign (328)_mask.png,1,/content/drive/MyDrive/BUSI-XAI/data/raw/benign/benign (328)_mask.png,685,567,685,567,False,2370,0.006102035299115591,1ce28267226743c3c30729a2f7099797dccaaadd8f4e47c7b6947aa3dfc87637,True,
benign (329),benign,/content/drive/MyDrive/BUSI-XAI/data/raw/benign/benign (329).png,/content/drive/MyDrive/BUSI-XAI/data/processed/images/benign/benign (329).png,/content/drive/MyDrive/BUSI-XAI/data/processed/masks/benign/benign (329)_mask.png,1,/content/drive/MyDrive/BUSI-XAI/data/raw/benign/benign (329)_mask.png,665,576,665,576,False,2726,0.007116750208855472,bbb39e63e8609eae675cb9d760d363c2719cc5ef1ceb3d627b029edd8818102d,True,
benign (33),benign,/content/drive/MyDrive/BUSI-XAI/data/raw/benign/benign (33).png,/content/drive/MyDrive/BUSI-XAI/data/processed/images/benign/benign (33).png,/content/drive/MyDrive/BUSI-XAI/data/processed/masks/benign/benign (33)_mask.png,1,/content/drive/MyDrive/BUSI-XAI/data/raw/benign/benign (33)_mask.png,556,468,556,468,False,15489,0.05952545655783066,2d8606f1e0938aad6d9da182583e56cd1a023a8b51fc608256d979aa85e9ceee,True,
benign (330),benign,/content/drive/MyDrive/BUSI-XAI/data/raw/benign/benign (330).png,/content/drive/MyDrive/BUSI-XAI/data/processed/images/benign/benign (330).png,/content/drive/MyDrive/BUSI-XAI/data/processed/masks/benign/benign (330)_mask.png,1,/content/drive/MyDrive/BUSI-XAI/data/raw/benign/benign (330)_mask.png,669,567,669,567,False,51960,0.13698088436503983,9a8399c6583a38948f5e109216462ae6942d3b0e084f527b7a4b0e1b798f8e89,True,
benign (331),benign,/content/drive/MyDrive/BUSI-XAI/data/raw/benign/benign (331).png,/content/drive/MyDrive/BUSI-XAI/data/processed/images/benign/benign (331).png,/content/drive/MyDrive/BUSI-XAI/data/processed/masks/benign/benign (331)_mask.png,1,/content/drive/MyDrive/BUSI-XAI/data/raw/benign/benign (331)_mask.png,695,527,695,527,False,6488,0.017713950281899718,bb37f39ff656104fd0e7171da6cb1b1ced50e9e2b08fbf2596859f4d035a38c0,True,
benign (332),benign,/content/drive/MyDrive/BUSI-XAI/data/raw/benign/benign (332).png,/content/drive/MyDrive/BUSI-XAI/data/processed/images/benign/benign (332).png,/content/drive/MyDrive/BUSI-XAI/data/processed/masks/benign/benign (332)_mask.png,1,/content/drive/MyDrive/BUSI-XAI/data/raw/benign/benign (332)_mask.png,703,531,703,531,False,3636,0.009740338018660945,4e943c4e9c18c29b979598eac6d9521aeed39fc55a8f2d88880347059d45da53,True,
benign (333),benign,/content/drive/MyDrive/BUSI-XAI/data/raw/benign/benign (333).png,/content/drive/MyDrive/BUSI-XAI/data/processed/images/benign/benign (333).png,/content/drive/MyDrive/BUSI-XAI/data/processed/masks/benign/benign (333)_mask.png,1,/content/drive/MyDrive/BUSI-XAI/data/raw/benign/benign (333)_mask.png,777,569,777,569,False,48986,0.11079972767143241,772d73e44d8def1d060c1795d92e23e850805b746954a5a7905e6d11f944964e,True,
benign (334),benign,/content/drive/MyDrive/BUSI-XAI/data/raw/benign/benign (334).png,/content/drive/MyDrive/BUSI-XAI/data/processed/images/benign/benign (334).png,/content/drive/MyDrive/BUSI-XAI/data/processed/masks/benign/benign (334)_mask.png,1,/content/drive/MyDrive/BUSI-XAI/data/raw/benign/benign (334)_mask.png,589,426,589,426,False,6043,0.02408394908215564,adc45d077109d50c916010d62387e53f5ff0736d83eea8c6cd6b389853dd579e,True,
benign (335),benign,/content/drive/MyDrive/BUSI-XAI/data/raw/benign/benign (335).png,/content/drive/MyDrive/BUSI-XAI/data/processed/images/benign/benign (335).png,/content/drive/MyDrive/BUSI-XAI/data/processed/masks/benign/benign (335)_mask.png,1,/content/drive/MyDrive/BUSI-XAI/data/raw/benign/benign (335)_mask.png,681,559,681,559,False,25863,0.06793912981803567,93e285d7014200637f1d35e8fb180f631bdd12e091b4b9fb6ce851c57722fcc0,True,
benign (336),benign,/content/drive/MyDrive/BUSI-XAI/data/raw/benign/benign (336).png,/content/drive/MyDrive/BUSI-XAI/data/processed/images/benign/benign (336).png,/content/drive/MyDrive/BUSI-XAI/data/processed/masks/benign/benign (336)_mask.png,1,/content/drive/MyDrive/BUSI-XAI/data/raw/benign/benign (336)_mask.png,783,585,783,585,False,18176,0.039680824355153854,d97a2d672836d3b37ffff4195b28d9a10da3979b376bf3629cc0241b03c51569,True,
benign (337),benign,/content/drive/MyDrive/BUSI-XAI/data/raw/benign/benign (337).png,/content/drive/MyDrive/BUSI-XAI/data/processed/images/benign/benign (337).png,/content/drive/MyDrive/BUSI-XAI/data/processed/masks/benign/benign (337)_mask.png,1,/content/drive/MyDrive/BUSI-XAI/data/raw/benign/benign (337)_mask.png,555,487,555,487,False,7091,0.02623527017777531,9552e05a4a6d7db09bc7b59efecc1ddadbbd71ec0696fca28dcfa409d8ff7845,True,
benign (338),benign,/content/drive/MyDrive/BUSI-XAI/data/raw/benign/benign (338).png,/content/drive/MyDrive/BUSI-XAI/data/processed/images/benign/benign (338).png,/content/drive/MyDrive/BUSI-XAI/data/processed/masks/benign/benign (338)_mask.png,1,/content/drive/MyDrive/BUSI-XAI/data/raw/benign/benign (338)_mask.png,611,382,611,382,False,2462,0.010548324350262636,fb4ae2bd50133b82f6852b37e3888306c8e511479bbb90f5fc70bc940a46d326,True,
benign (339),benign,/content/drive/MyDrive/BUSI-XAI/data/raw/benign/benign (339).png,/content/drive/MyDrive/BUSI-XAI/data/processed/images/benign/benign (339).png,/content/drive/MyDrive/BUSI-XAI/data/processed/masks/benign/benign (339)_mask.png,1,/content/drive/MyDrive/BUSI-XAI/data/raw/benign/benign (339)_mask.png,557,465,557,465,False,25868,0.09987451979691511,76c70bde05788e123472be116d072d99646d0723758b2d68c2483ec5a819f905,True,
benign (34),benign,/content/drive/MyDrive/BUSI-XAI/data/raw/benign/benign (34).png,/content/drive/MyDrive/BUSI-XAI/data/processed/images/benign/benign (34).png,/content/drive/MyDrive/BUSI-XAI/data/processed/masks/benign/benign (34)_mask.png,1,/content/drive/MyDrive/BUSI-XAI/data/raw/benign/benign (34)_mask.png,558,471,558,471,False,13836,0.05264479601853754,d9cfb184044b6b6701270de2676cb6454c70567667d819be207f2811b2953467,True,
benign (340),benign,/content/drive/MyDrive/BUSI-XAI/data/raw/benign/benign (340).png,/content/drive/MyDrive/BUSI-XAI/data/processed/images/benign/benign (340).png,/content/drive/MyDrive/BUSI-XAI/data/processed/masks/benign/benign (340)_mask.png,1,/content/drive/MyDrive/BUSI-XAI/data/raw/benign/benign (340)_mask.png,770,425,770,425,False,84566,0.2584140565317036,2c105565cc30b72defbf0c166ca3065d3f52ae3181e10b7277090927857402b8,True,
benign (341),benign,/content/drive/MyDrive/BUSI-XAI/data/raw/benign/benign (341).png,/content/drive/MyDrive/BUSI-XAI/data/processed/images/benign/benign (341).png,/content/drive/MyDrive/BUSI-XAI/data/processed/masks/benign/benign (341)_mask.png,1,/content/drive/MyDrive/BUSI-XAI/data/raw/benign/benign (341)_mask.png,683,562,683,562,False,55940,0.1457355293529176,169b07026407c161192d6eb29b8562fbeb73257c1fdb0f1a9c3410bc8a3814bb,True,
benign (342),benign,/content/drive/MyDrive/BUSI-XAI/data/raw/benign/benign (342).png,/content/drive/MyDrive/BUSI-XAI/data/processed/images/benign/benign (342).png,/content/drive/MyDrive/BUSI-XAI/data/processed/masks/benign/benign (342)_mask.png,1,/content/drive/MyDrive/BUSI-XAI/data/raw/benign/benign (342)_mask.png,581,431,581,431,False,60194,0.24038081394187955,cfcbd4b4999b55d23e783fa986a143d6e00dda9c6474480e2a17a9eb87d8ea04,True,
benign (343),benign,/content/drive/MyDrive/BUSI-XAI/data/raw/benign/benign (343).png,/content/drive/MyDrive/BUSI-XAI/data/processed/images/benign/benign (343).png,/content/drive/MyDrive/BUSI-XAI/data/processed/masks/benign/benign (343)_mask.png,1,/content/drive/MyDrive/BUSI-XAI/data/raw/benign/benign (343)_mask.png,564,467,564,467,False,20580,0.07813567816301425,6985f119baabac832b3e3ceb8111716c4590d93dfc692cd70416121e5b0010dc,True,
benign (344),benign,/content/drive/MyDrive/BUSI-XAI/data/raw/benign/benign (344).png,/content/drive/MyDrive/BUSI-XAI/data/processed/images/benign/benign (344).png,/content/drive/MyDrive/BUSI-XAI/data/processed/masks/benign/benign (344)_mask.png,1,/content/drive/MyDrive/BUSI-XAI/data/raw/benign/benign (344)_mask.png,576,434,576,434,False,12223,0.04889512928827445,9f1fbf6e95bc6a4f3aebd3e220f6dd18048db63675335f9c95bf4a988ba419d9,True,
benign (345),benign,/content/drive/MyDrive/BUSI-XAI/data/raw/benign/benign (345).png,/content/drive/MyDrive/BUSI-XAI/data/processed/images/benign/benign (345).png,/content/drive/MyDrive/BUSI-XAI/data/processed/masks/benign/benign (345)_mask.png,1,/content/drive/MyDrive/BUSI-XAI/data/raw/benign/benign (345)_mask.png,566,466,566,466,False,2492,0.00944812629854866,60c76cbcf75bd01422758a4368275cf63ede8e22b19bb1953e2e427ec28554f0,True,
benign (346),benign,/content/drive/MyDrive/BUSI-XAI/data/raw/benign/benign (346).png,/content/drive/MyDrive/BUSI-XAI/data/processed/images/benign/benign (346).png,/content/drive/MyDrive/BUSI-XAI/data/processed/masks/benign/benign (346)_mask.png,2,/content/drive/MyDrive/BUSI-XAI/data/raw/benign/benign (346)_mask.png;/content/drive/MyDrive/BUSI-XAI/data/raw/benign/benign (346)_mask_1.png,610,373,610,373,False,38191,0.16785039335472246,44f9447a8c71fe6e5b1b6fb451ea59fef8765b8982b118ce58ab37f05389fa7e,True,
benign (347),benign,/content/drive/MyDrive/BUSI-XAI/data/raw/benign/benign (347).png,/content/drive/MyDrive/BUSI-XAI/data/processed/images/benign/benign (347).png,/content/drive/MyDrive/BUSI-XAI/data/processed/masks/benign/benign (347)_mask.png,1,/content/drive/MyDrive/BUSI-XAI/data/raw/benign/benign (347)_mask.png,605,683,605,683,False,6176,0.014946214440424476,2d6ce7091b1e222d94f88a146c41b8c4b006c22386ecf27cb6e5e058c822614b,True,
benign (348),benign,/content/drive/MyDrive/BUSI-XAI/data/raw/benign/benign (348).png,/content/drive/MyDrive/BUSI-XAI/data/processed/images/benign/benign (348).png,/content/drive/MyDrive/BUSI-XAI/data/processed/masks/benign/benign (348)_mask.png,1,/content/drive/MyDrive/BUSI-XAI/data/raw/benign/benign (348)_mask.png,1028,565,1028,565,False,8081,0.013913088392272994,29f2b759dee3aa1fa9d157383183d75c733ea9afcdb94b4a22795277fbc34f46,True,
benign (349),benign,/content/drive/MyDrive/BUSI-XAI/data/raw/benign/benign (349).png,/content/drive/MyDrive/BUSI-XAI/data/processed/images/benign/benign (349).png,/content/drive/MyDrive/BUSI-XAI/data/processed/masks/benign/benign (349)_mask.png,1,/content/drive/MyDrive/BUSI-XAI/data/raw/benign/benign (349)_mask.png,555,471,555,471,False,4667,0.017853522312121037,68d3889cf233e7e5b27af254c8afce338403b7641fd8bfd2e5925ba6ba3d1574,True,
benign (35),benign,/content/drive/MyDrive/BUSI-XAI/data/raw/benign/benign (35).png,/content/drive/MyDrive/BUSI-XAI/data/processed/images/benign/benign (35).png,/content/drive/MyDrive/BUSI-XAI/data/processed/masks/benign/benign (35)_mask.png,1,/content/drive/MyDrive/BUSI-XAI/data/raw/benign/benign (35)_mask.png,556,476,556,476,False,3049,0.011520615440420772,5a4e96a6049bebcd933ae3e2040b2f31c863e49e8699bdc7e5392e94b62c72d4,True,
benign (350),benign,/content/drive/MyDrive/BUSI-XAI/data/raw/benign/benign (350).png,/content/drive/MyDrive/BUSI-XAI/data/processed/images/benign/benign (350).png,/content/drive/MyDrive/BUSI-XAI/data/processed/masks/benign/benign (350)_mask.png,1,/content/drive/MyDrive/BUSI-XAI/data/raw/benign/benign (350)_mask.png,786,580,786,580,False,61134,0.13410107923137668,0285f59ddbe7288f70a030fd9c39840acdc67c0226913cbaacb195614c22aa19,True,
benign (351),benign,/content/drive/MyDrive/BUSI-XAI/data/raw/benign/benign (351).png,/content/drive/MyDrive/BUSI-XAI/data/processed/images/benign/benign (351).png,/content/drive/MyDrive/BUSI-XAI/data/processed/masks/benign/benign (351)_mask.png,1,/content/drive/MyDrive/BUSI-XAI/data/raw/benign/benign (351)_mask.png,585,429,585,429,False,6786,0.02703962703962704,78b49e629341aa2380a9c2efdec91b57254200644648983a0ce4d906ab8aef05,True,
benign (352),benign,/content/drive/MyDrive/BUSI-XAI/data/raw/benign/benign (352).png,/content/drive/MyDrive/BUSI-XAI/data/processed/images/benign/benign (352).png,/content/drive/MyDrive/BUSI-XAI/data/processed/masks/benign/benign (352)_mask.png,1,/content/drive/MyDrive/BUSI-XAI/data/raw/benign/benign (352)_mask.png,573,428,573,428,False,2607,0.010630229485736654,55ee49a3648b15c58930e26aecd830b5e9e72a277397231d29941c140ec61e07,True,
benign (353),benign,/content/drive/MyDrive/BUSI-XAI/data/raw/benign/benign (353).png,/content/drive/MyDrive/BUSI-XAI/data/processed/images/benign/benign (353).png,/content/drive/MyDrive/BUSI-XAI/data/processed/masks/benign/benign (353)_mask.png,1,/content/drive/MyDrive/BUSI-XAI/data/raw/benign/benign (353)_mask.png,680,583,680,583,False,4479,0.011298052668751892,76e3943f4b2a67392b2dace34cad3a638cc14cb7d3d7d2aca8f60068c0c17adb,True,
benign (354),benign,/content/drive/MyDrive/BUSI-XAI/data/raw/benign/benign (354).png,/content/drive/MyDrive/BUSI-XAI/data/processed/images/benign/benign (354).png,/content/drive/MyDrive/BUSI-XAI/data/processed/masks/benign/benign (354)_mask.png,1,/content/drive/MyDrive/BUSI-XAI/data/raw/benign/benign (354)_mask.png,606,605,606,605,False,32629,0.08899708152633445,c8e41c5181888bef2ccb69bd0142feb6e287d61bba9a3af33522479068b09640,True,
benign (355),benign,/content/drive/MyDrive/BUSI-XAI/data/raw/benign/benign (355).png,/content/drive/MyDrive/BUSI-XAI/data/processed/images/benign/benign (355).png,/content/drive/MyDrive/BUSI-XAI/data/processed/masks/benign/benign (355)_mask.png,1,/content/drive/MyDrive/BUSI-XAI/data/raw/benign/benign (355)_mask.png,675,562,675,562,False,53908,0.14210623434822722,476ba9b0f22b5d71738722edb34e01e36916a9c8f66224bc39fd85e4ba134ab1,True,
benign (356),benign,/content/drive/MyDrive/BUSI-XAI/data/raw/benign/benign (356).png,/content/drive/MyDrive/BUSI-XAI/data/processed/images/benign/benign (356).png,/content/drive/MyDrive/BUSI-XAI/data/processed/masks/benign/benign (356)_mask.png,1,/content/drive/MyDrive/BUSI-XAI/data/raw/benign/benign (356)_mask.png,556,468,556,468,False,38618,0.14841203959908997,ad4b7511454fe202b9a0dac269e0aab1f1bd9db60d5c92777d674c7c999bccdb,True,
benign (357),benign,/content/drive/MyDrive/BUSI-XAI/data/raw/benign/benign (357).png,/content/drive/MyDrive/BUSI-XAI/data/processed/images/benign/benign (357).png,/content/drive/MyDrive/BUSI-XAI/data/processed/masks/benign/benign (357)_mask.png,1,/content/drive/MyDrive/BUSI-XAI/data/raw/benign/benign (357)_mask.png,581,429,581,429,False,9506,0.03813856825905019,50e55a6354401525e89b12691d12afe7a4800f4fb9364db6e58b241a5970dc01,True,
benign (358),benign,/content/drive/MyDrive/BUSI-XAI/data/raw/benign/benign (358).png,/content/drive/MyDrive/BUSI-XAI/data/processed/images/benign/benign (358).png,/content/drive/MyDrive/BUSI-XAI/data/processed/masks/benign/benign (358)_mask.png,1,/content/drive/MyDrive/BUSI-XAI/data/raw/benign/benign (358)_mask.png,555,467,555,467,False,11560,0.04460134652854139,215cb15c17c72580383ef644d551cca7c983a818514b656cf494c633a9f73c66,True,
benign (359),benign,/content/drive/MyDrive/BUSI-XAI/data/raw/benign/benign (359).png,/content/drive/MyDrive/BUSI-XAI/data/processed/images/benign/benign (359).png,/content/drive/MyDrive/BUSI-XAI/data/processed/masks/benign/benign (359)_mask.png,1,/content/drive/MyDrive/BUSI-XAI/data/raw/benign/benign (359)_mask.png,567,462,567,462,False,4408,0.016827381906746985,1c6a9d5aa19ff1b34c871799038fe47cd33823c59a5f7edc54e3ee0777ff2e1b,True,
benign (36),benign,/content/drive/MyDrive/BUSI-XAI/data/raw/benign/benign (36).png,/content/drive/MyDrive/BUSI-XAI/data/processed/images/benign/benign (36).png,/content/drive/MyDrive/BUSI-XAI/data/processed/masks/benign/benign (36)_mask.png,1,/content/drive/MyDrive/BUSI-XAI/data/raw/benign/benign (36)_mask.png,526,474,526,474,False,25483,0.10220837143636392,228b28b10464d6ccf02f35fad67b2b8b33e4f93d62f18b3424e466e3c64c3160,True,
benign (360),benign,/content/drive/MyDrive/BUSI-XAI/data/raw/benign/benign (360).png,/content/drive/MyDrive/BUSI-XAI/data/processed/images/benign/benign (360).png,/content/drive/MyDrive/BUSI-XAI/data/processed/masks/benign/benign (360)_mask.png,1,/content/drive/MyDrive/BUSI-XAI/data/raw/benign/benign (360)_mask.png,683,574,683,574,False,15841,0.04040638503017534,566ad141bccc190faa3c6f340f36d0b2fdd02b40e98ca85c83b2b94c222c923f,True,
benign (361),benign,/content/drive/MyDrive/BUSI-XAI/data/raw/benign/benign (361).png,/content/drive/MyDrive/BUSI-XAI/data/processed/images/benign/benign (361).png,/content/drive/MyDrive/BUSI-XAI/data/processed/masks/benign/benign (361)_mask.png,1,/content/drive/MyDrive/BUSI-XAI/data/raw/benign/benign (361)_mask.png,558,470,558,470,False,20689,0.07888736368489285,7e34f2e47ed0d91ea830a2fa771a765de6aaca216d355cd26b959704b125f47d,True,
benign (362),benign,/content/drive/MyDrive/BUSI-XAI/data/raw/benign/benign (362).png,/content/drive/MyDrive/BUSI-XAI/data/processed/images/benign/benign (362).png,/content/drive/MyDrive/BUSI-XAI/data/processed/masks/benign/benign (362)_mask.png,1,/content/drive/MyDrive/BUSI-XAI/data/raw/benign/benign (362)_mask.png,557,464,557,464,False,3296,0.012753048969231722,6920dcd00c8d0837b73ebe7143deb7a74ba935d7f5461178d4451ebc547c4474,True,
benign (363),benign,/content/drive/MyDrive/BUSI-XAI/data/raw/benign/benign (363).png,/content/drive/MyDrive/BUSI-XAI/data/processed/images/benign/benign (363).png,/content/drive/MyDrive/BUSI-XAI/data/processed/masks/benign/benign (363)_mask.png,1,/content/drive/MyDrive/BUSI-XAI/data/raw/benign/benign (363)_mask.png,586,433,586,433,False,5341,0.021049271295588364,302ff391e1b62c092a8cf30c8c2fe28d61875fd1b1741881ac58e9eb38c6d881,True,
benign (364),benign,/content/drive/MyDrive/BUSI-XAI/data/raw/benign/benign (364).png,/content/drive/MyDrive/BUSI-XAI/data/processed/images/benign/benign (364).png,/content/drive/MyDrive/BUSI-XAI/data/processed/masks/benign/benign (364)_mask.png,1,/content/drive/MyDrive/BUSI-XAI/data/raw/benign/benign (364)_mask.png,557,465,557,465,False,13366,0.05160518136715508,e2ceb96e5999528b6bf728a6b11c71c80477ee1f3954ad380ea469e7dc8fada6,True,
benign (365),benign,/content/drive/MyDrive/BUSI-XAI/data/raw/benign/benign (365).png,/content/drive/MyDrive/BUSI-XAI/data/processed/images/benign/benign (365).png,/content/drive/MyDrive/BUSI-XAI/data/processed/masks/benign/benign (365)_mask.png,1,/content/drive/MyDrive/BUSI-XAI/data/raw/benign/benign (365)_mask.png,582,431,582,431,False,7856,0.031318519227242644,7f1331ff2a413fd61939300bfc8927a0b9f11e45f01ffa0887ec4db53955051e,True,
benign (366),benign,/content/drive/MyDrive/BUSI-XAI/data/raw/benign/benign (366).png,/content/drive/MyDrive/BUSI-XAI/data/processed/images/benign/benign (366).png,/content/drive/MyDrive/BUSI-XAI/data/processed/masks/benign/benign (366)_mask.png,1,/content/drive/MyDrive/BUSI-XAI/data/raw/benign/benign (366)_mask.png,562,463,562,463,False,18429,0.07082465431235252,a6d594fb57c1c7b6b0d4758ab36f4daf4d309334ac7fa810539007b80743f8df,True,
benign (367),benign,/content/drive/MyDrive/BUSI-XAI/data/raw/benign/benign (367).png,/content/drive/MyDrive/BUSI-XAI/data/processed/images/benign/benign (367).png,/content/drive/MyDrive/BUSI-XAI/data/processed/masks/benign/benign (367)_mask.png,1,/content/drive/MyDrive/BUSI-XAI/data/raw/benign/benign (367)_mask.png,560,462,560,462,False,33369,0.12897727272727272,3eb94971b6a7cd69a31ea0a05762c124fc637014cd28c91b6e41050e6266f944,True,
benign (368),benign,/content/drive/MyDrive/BUSI-XAI/data/raw/benign/benign (368).png,/content/drive/MyDrive/BUSI-XAI/data/processed/images/benign/benign (368).png,/content/drive/MyDrive/BUSI-XAI/data/processed/masks/benign/benign (368)_mask.png,1,/content/drive/MyDrive/BUSI-XAI/data/raw/benign/benign (368)_mask.png,689,575,689,575,False,7759,0.019584779453524326,e07cba673c803996921e9804ba5671364d81c3568645db03867e72b7b7a43f27,True,
benign (369),benign,/content/drive/MyDrive/BUSI-XAI/data/raw/benign/benign (369).png,/content/drive/MyDrive/BUSI-XAI/data/processed/images/benign/benign (369).png,/content/drive/MyDrive/BUSI-XAI/data/processed/masks/benign/benign (369)_mask.png,1,/content/drive/MyDrive/BUSI-XAI/data/raw/benign/benign (369)_mask.png,772,581,772,581,False,5344,0.011914423051198131,d6a849e925f36103e4ddc4704fe1b57a4e4afb0faef325f0b5a23915d0a85bf4,True,
benign (37),benign,/content/drive/MyDrive/BUSI-XAI/data/raw/benign/benign (37).png,/content/drive/MyDrive/BUSI-XAI/data/processed/images/benign/benign (37).png,/content/drive/MyDrive/BUSI-XAI/data/processed/masks/benign/benign (37)_mask.png,1,/content/drive/MyDrive/BUSI-XAI/data/raw/benign/benign (37)_mask.png,557,468,557,468,False,4498,0.01725513664472372,8190a752cd9390c13f2b7fe39b547c72a6e46936844dfd641b71b4c56e692641,True,
benign (370),benign,/content/drive/MyDrive/BUSI-XAI/data/raw/benign/benign (370).png,/content/drive/MyDrive/BUSI-XAI/data/processed/images/benign/benign (370).png,/content/drive/MyDrive/BUSI-XAI/data/processed/masks/benign/benign (370)_mask.png,1,/content/drive/MyDrive/BUSI-XAI/data/raw/benign/benign (370)_mask.png,549,458,549,458,False,39306,0.156322332784499,6d8a301fb1032deed4f6b0baa1fdb0100b6986358063fc3cf199303cc50ba341,True,
benign (371),benign,/content/drive/MyDrive/BUSI-XAI/data/raw/benign/benign (371).png,/content/drive/MyDrive/BUSI-XAI/data/processed/images/benign/benign (371).png,/content/drive/MyDrive/BUSI-XAI/data/processed/masks/benign/benign (371)_mask.png,1,/content/drive/MyDrive/BUSI-XAI/data/raw/benign/benign (371)_mask.png,756,589,756,589,False,82703,0.18573090432173625,20d6d5e00e42385d518e4280a8ee2070f4abe97de83a7b81f2ad3f64a1744af7,True,
benign (372),benign,/content/drive/MyDrive/BUSI-XAI/data/raw/benign/benign (372).png,/content/drive/MyDrive/BUSI-XAI/data/processed/images/benign/benign (372).png,/content/drive/MyDrive/BUSI-XAI/data/processed/masks/benign/benign (372)_mask.png,1,/content/drive/MyDrive/BUSI-XAI/data/raw/benign/benign (372)_mask.png,544,469,544,469,False,19410,0.07607707262009282,5b4013948c5bbaf5c6fe7cdd28614bf34c0ecb2d58ef17ae4cf871d66aaaf164,True,
benign (373),benign,/content/drive/MyDrive/BUSI-XAI/data/raw/benign/benign (373).png,/content/drive/MyDrive/BUSI-XAI/data/processed/images/benign/benign (373).png,/content/drive/MyDrive/BUSI-XAI/data/processed/masks/benign/benign (373)_mask.png,1,/content/drive/MyDrive/BUSI-XAI/data/raw/benign/benign (373)_mask.png,555,457,555,457,False,10234,0.040349320874484985,de9af36bbc1f506fe9e05800623937e8aa6a87e1706dbf714324b6650bec8d5f,True,
benign (374),benign,/content/drive/MyDrive/BUSI-XAI/data/raw/benign/benign (374).png,/content/drive/MyDrive/BUSI-XAI/data/processed/images/benign/benign (374).png,/content/drive/MyDrive/BUSI-XAI/data/processed/masks/benign/benign (374)_mask.png,1,/content/drive/MyDrive/BUSI-XAI/data/raw/benign/benign (374)_mask.png,544,468,544,468,False,1415,0.005557912267471091,a109ab4e16b19b3209b4d7fe15f31b510b4df1e1e84e8bf160eafc62bc7c2e4d,True,
benign (375),benign,/content/drive/MyDrive/BUSI-XAI/data/raw/benign/benign (375).png,/content/drive/MyDrive/BUSI-XAI/data/processed/images/benign/benign (375).png,/content/drive/MyDrive/BUSI-XAI/data/processed/masks/benign/benign (375)_mask.png,1,/content/drive/MyDrive/BUSI-XAI/data/raw/benign/benign (375)_mask.png,775,571,775,571,False,31590,0.07138579741257556,51a548c3bc883f0a4b32aa936ec34132672776f7503d81772127caf96129274b,True,
benign (376),benign,/content/drive/MyDrive/BUSI-XAI/data/raw/benign/benign (376).png,/content/drive/MyDrive/BUSI-XAI/data/processed/images/benign/benign (376).png,/content/drive/MyDrive/BUSI-XAI/data/processed/masks/benign/benign (376)_mask.png,1,/content/drive/MyDrive/BUSI-XAI/data/raw/benign/benign (376)_mask.png,546,467,546,467,False,58864,0.23085551136943,f002e5faf15e4bbef624610351f04f031293a5e79233706a6969ddf90b94a8d3,True,
benign (377),benign,/content/drive/MyDrive/BUSI-XAI/data/raw/benign/benign (377).png,/content/drive/MyDrive/BUSI-XAI/data/processed/images/benign/benign (377).png,/content/drive/MyDrive/BUSI-XAI/data/processed/masks/benign/benign (377)_mask.png,1,/content/drive/MyDrive/BUSI-XAI/data/raw/benign/benign (377)_mask.png,752,578,752,578,False,9459,0.021762037105205037,a0477d10f33f5063197affcc83054f3a7af309c2c7d5bc5050037f28a97070af,True,
benign (378),benign,/content/drive/MyDrive/BUSI-XAI/data/raw/benign/benign (378).png,/content/drive/MyDrive/BUSI-XAI/data/processed/images/benign/benign (378).png,/content/drive/MyDrive/BUSI-XAI/data/processed/masks/benign/benign (378)_mask.png,1,/content/drive/MyDrive/BUSI-XAI/data/raw/benign/benign (378)_mask.png,548,464,548,464,False,7836,0.030817392398691166,2ff1c404f59fe3d9acc8ba13ecb47b5e302dd6b3ab2487df90858c161577a291,True,
benign (379),benign,/content/drive/MyDrive/BUSI-XAI/data/raw/benign/benign (379).png,/content/drive/MyDrive/BUSI-XAI/data/processed/images/benign/benign (379).png,/content/drive/MyDrive/BUSI-XAI/data/processed/masks/benign/benign (379)_mask.png,1,/content/drive/MyDrive/BUSI-XAI/data/raw/benign/benign (379)_mask.png,1010,583,1010,583,False,17814,0.03025321400064535,397dbf745f26f1ecd023ca322d81890ff8e32f6b236ecc576f4c5564e204557d,True,
benign (38),benign,/content/drive/MyDrive/BUSI-XAI/data/raw/benign/benign (38).png,/content/drive/MyDrive/BUSI-XAI/data/processed/images/benign/benign (38).png,/content/drive/MyDrive/BUSI-XAI/data/processed/masks/benign/benign (38)_mask.png,1,/content/drive/MyDrive/BUSI-XAI/data/raw/benign/benign (38)_mask.png,550,484,550,484,False,6008,0.022569496619083397,7703a0d4ed5904b8cd10872b0812d5f3404393943659ad15f696cb93b21bd609,True,
benign (380),benign,/content/drive/MyDrive/BUSI-XAI/data/raw/benign/benign (380).png,/content/drive/MyDrive/BUSI-XAI/data/processed/images/benign/benign (380).png,/content/drive/MyDrive/BUSI-XAI/data/processed/masks/benign/benign (380)_mask.png,1,/content/drive/MyDrive/BUSI-XAI/data/raw/benign/benign (380)_mask.png,750,572,750,572,False,7296,0.01700699300699301,689c689c4f69b0444f58590ea00e9801d56946773b1a5c597a1801c99aa49a8a,True,
benign (381),benign,/content/drive/MyDrive/BUSI-XAI/data/raw/benign/benign (381).png,/content/drive/MyDrive/BUSI-XAI/data/processed/images/benign/benign (381).png,/content/drive/MyDrive/BUSI-XAI/data/processed/masks/benign/benign (381)_mask.png,1,/content/drive/MyDrive/BUSI-XAI/data/raw/benign/benign (381)_mask.png,747,576,747,576,False,31694,0.07366038226982002,31e5bea53005334e9e947d63013e2da72f8cd61d3906348fefe8b3e26c3b8cf6,True,
benign (382),benign,/content/drive/MyDrive/BUSI-XAI/data/raw/benign/benign (382).png,/content/drive/MyDrive/BUSI-XAI/data/processed/images/benign/benign (382).png,/content/drive/MyDrive/BUSI-XAI/data/processed/masks/benign/benign (382)_mask.png,1,/content/drive/MyDrive/BUSI-XAI/data/raw/benign/benign (382)_mask.png,730,475,730,475,False,46809,0.13499351117519828,bf8c0d97caed6fcdf29faafe961fcfea6915dfcfd4737f7f543b26e97156b4ff,True,
benign (383),benign,/content/drive/MyDrive/BUSI-XAI/data/raw/benign/benign (383).png,/content/drive/MyDrive/BUSI-XAI/data/processed/images/benign/benign (383).png,/content/drive/MyDrive/BUSI-XAI/data/processed/masks/benign/benign (383)_mask.png,1,/content/drive/MyDrive/BUSI-XAI/data/raw/benign/benign (383)_mask.png,552,493,552,493,False,16124,0.05924978687127025,e9cf17cc635e9113459533984d8a0802cdd62b3b8d74c99c50488ce04b8a29d5,True,
benign (384),benign,/content/drive/MyDrive/BUSI-XAI/data/raw/benign/benign (384).png,/content/drive/MyDrive/BUSI-XAI/data/processed/images/benign/benign (384).png,/content/drive/MyDrive/BUSI-XAI/data/processed/masks/benign/benign (384)_mask.png,1,/content/drive/MyDrive/BUSI-XAI/data/raw/benign/benign (384)_mask.png,760,425,760,425,False,30669,0.09495046439628484,f54ffca17037a387762d6c4953faecd2f926fd3de92c67327b17770e685e2fb4,True,
benign (385),benign,/content/drive/MyDrive/BUSI-XAI/data/raw/benign/benign (385).png,/content/drive/MyDrive/BUSI-XAI/data/processed/images/benign/benign (385).png,/content/drive/MyDrive/BUSI-XAI/data/processed/masks/benign/benign (385)_mask.png,1,/content/drive/MyDrive/BUSI-XAI/data/raw/benign/benign (385)_mask.png,551,458,551,458,False,9719,0.03851274776309845,a6daa7c2f994d3a03c2ae219f5e16fd91d786ec5ec05054db91f40847caef904,True,
benign (386),benign,/content/drive/MyDrive/BUSI-XAI/data/raw/benign/benign (386).png,/content/drive/MyDrive/BUSI-XAI/data/processed/images/benign/benign (386).png,/content/drive/MyDrive/BUSI-XAI/data/processed/masks/benign/benign (386)_mask.png,1,/content/drive/MyDrive/BUSI-XAI/data/raw/benign/benign (386)_mask.png,768,578,768,578,False,25588,0.057643094002306806,d7e024f45c0c8760eb89ad3aab724e7f2e69221b9ef562095920a49523e471e1,True,
benign (387),benign,/content/drive/MyDrive/BUSI-XAI/data/raw/benign/benign (387).png,/content/drive/MyDrive/BUSI-XAI/data/processed/images/benign/benign (387).png,/content/drive/MyDrive/BUSI-XAI/data/processed/masks/benign/benign (387)_mask.png,1,/content/drive/MyDrive/BUSI-XAI/data/raw/benign/benign (387)_mask.png,549,486,549,486,False,19230,0.07207267984438598,d507742303fcb7a7be638bc9b3131843a26f53605427b48476d401ce4a330e68,True,
benign (388),benign,/content/drive/MyDrive/BUSI-XAI/data/raw/benign/benign (388).png,/content/drive/MyDrive/BUSI-XAI/data/processed/images/benign/benign (388).png,/content/drive/MyDrive/BUSI-XAI/data/processed/masks/benign/benign (388)_mask.png,1,/content/drive/MyDrive/BUSI-XAI/data/raw/benign/benign (388)_mask.png,763,572,763,572,False,8031,0.018401323447195007,992baabcbf513408e58225298c0a74c12f6b47fe3a54dd1719e8e4668d4e4b63,True,
benign (389),benign,/content/drive/MyDrive/BUSI-XAI/data/raw/benign/benign (389).png,/content/drive/MyDrive/BUSI-XAI/data/processed/images/benign/benign (389).png,/content/drive/MyDrive/BUSI-XAI/data/processed/masks/benign/benign (389)_mask.png,1,/content/drive/MyDrive/BUSI-XAI/data/raw/benign/benign (389)_mask.png,927,567,927,567,False,14289,0.027185607552382095,0f70975a14320f146d8b5d34d50a68de82bca6b31111045a8e218b31b9be2d1c,True,
benign (39),benign,/content/drive/MyDrive/BUSI-XAI/data/raw/benign/benign (39).png,/content/drive/MyDrive/BUSI-XAI/data/processed/images/benign/benign (39).png,/content/drive/MyDrive/BUSI-XAI/data/processed/masks/benign/benign (39)_mask.png,1,/content/drive/MyDrive/BUSI-XAI/data/raw/benign/benign (39)_mask.png,578,433,578,433,False,5658,0.022607222484157363,d5bff6b8a43fbd526758dbbde2518e839e6a9d6df55e67248d2bcf2ffca19488,True,
benign (390),benign,/content/drive/MyDrive/BUSI-XAI/data/raw/benign/benign (390).png,/content/drive/MyDrive/BUSI-XAI/data/processed/images/benign/benign (390).png,/content/drive/MyDrive/BUSI-XAI/data/processed/masks/benign/benign (390)_mask.png,1,/content/drive/MyDrive/BUSI-XAI/data/raw/benign/benign (390)_mask.png,779,583,779,583,False,9108,0.020054738779761185,d1595484766847b01547b50ffd7e9422a1abde7ea655170c36a917a137544f0a,True,
benign (391),benign,/content/drive/MyDrive/BUSI-XAI/data/raw/benign/benign (391).png,/content/drive/MyDrive/BUSI-XAI/data/processed/images/benign/benign (391).png,/content/drive/MyDrive/BUSI-XAI/data/processed/masks/benign/benign (391)_mask.png,1,/content/drive/MyDrive/BUSI-XAI/data/raw/benign/benign (391)_mask.png,687,578,687,578,False,53976,0.1359302518849821,a58ac095910ca19d6eb89951ed3166a2eb69c6e253da3b3270dfbd0d80ea2bbe,True,
benign (392),benign,/content/drive/MyDrive/BUSI-XAI/data/raw/benign/benign (392).png,/content/drive/MyDrive/BUSI-XAI/data/processed/images/benign/benign (392).png,/content/drive/MyDrive/BUSI-XAI/data/processed/masks/benign/benign (392)_mask.png,1,/content/drive/MyDrive/BUSI-XAI/data/raw/benign/benign (392)_mask.png,729,477,729,477,False,88348,0.25406849508099605,90057245e4fd7469bec79ffb45f0a7a0f4ed65d5e6e44f5c6ff7c56cdabf18a6,True,
benign (393),benign,/content/drive/MyDrive/BUSI-XAI/data/raw/benign/benign (393).png,/content/drive/MyDrive/BUSI-XAI/data/processed/images/benign/benign (393).png,/content/drive/MyDrive/BUSI-XAI/data/processed/masks/benign/benign (393)_mask.png,1,/content/drive/MyDrive/BUSI-XAI/data/raw/benign/benign (393)_mask.png,685,583,685,583,False,102917,0.2577080542374579,338c2f49a1efb2c0c636ab596d806b24f12956aaab11e57a5e6a7ca0ca397fe7,True,
benign (394),benign,/content/drive/MyDrive/BUSI-XAI/data/raw/benign/benign (394).png,/content/drive/MyDrive/BUSI-XAI/data/processed/images/benign/benign (394).png,/content/drive/MyDrive/BUSI-XAI/data/processed/masks/benign/benign (394)_mask.png,1,/content/drive/MyDrive/BUSI-XAI/data/raw/benign/benign (394)_mask.png,558,468,558,468,False,9743,0.03730891768526177,43f209f6c6ffcd8b483699add386e79c5cb754c5577da921fbd58be46bafd9c9,True,
benign (395),benign,/content/drive/MyDrive/BUSI-XAI/data/raw/benign/benign (395).png,/content/drive/MyDrive/BUSI-XAI/data/processed/images/benign/benign (395).png,/content/drive/MyDrive/BUSI-XAI/data/processed/masks/benign/benign (395)_mask.png,1,/content/drive/MyDrive/BUSI-XAI/data/raw/benign/benign (395)_mask.png,615,576,615,576,False,41982,0.11851287262872628,2881914d05d2fd1625ac0a692b2ae42b36e91a66b9626571df9d699c824875ed,True,
benign (396),benign,/content/drive/MyDrive/BUSI-XAI/data/raw/benign/benign (396).png,/content/drive/MyDrive/BUSI-XAI/data/processed/images/benign/benign (396).png,/content/drive/MyDrive/BUSI-XAI/data/processed/masks/benign/benign (396)_mask.png,1,/content/drive/MyDrive/BUSI-XAI/data/raw/benign/benign (396)_mask.png,420,474,420,474,False,2738,0.013753265019087803,f5fe0cd2149c837d7e7f435e39172f2b51e99b5517724892cbdba6f36ec8a07f,True,
benign (397),benign,/content/drive/MyDrive/BUSI-XAI/data/raw/benign/benign (397).png,/content/drive/MyDrive/BUSI-XAI/data/processed/images/benign/benign (397).png,/content/drive/MyDrive/BUSI-XAI/data/processed/masks/benign/benign (397)_mask.png,1,/content/drive/MyDrive/BUSI-XAI/data/raw/benign/benign (397)_mask.png,554,470,554,470,False,30776,0.1181964820646747,98fa84d06ce73e9e25201b41b546468c244c447aab86d414bcb35ce07b2631f7,True,
benign (398),benign,/content/drive/MyDrive/BUSI-XAI/data/raw/benign/benign (398).png,/content/drive/MyDrive/BUSI-XAI/data/processed/images/benign/benign (398).png,/content/drive/MyDrive/BUSI-XAI/data/processed/masks/benign/benign (398)_mask.png,1,/content/drive/MyDrive/BUSI-XAI/data/raw/benign/benign (398)_mask.png,563,469,563,469,False,57005,0.21588959541293784,c5bba54b1d5341bbdcfc6ce923948ad58eb824d380f2e8e5f4d926f62cdfc293,True,
benign (399),benign,/content/drive/MyDrive/BUSI-XAI/data/raw/benign/benign (399).png,/content/drive/MyDrive/BUSI-XAI/data/processed/images/benign/benign (399).png,/content/drive/MyDrive/BUSI-XAI/data/processed/masks/benign/benign (399)_mask.png,1,/content/drive/MyDrive/BUSI-XAI/data/raw/benign/benign (399)_mask.png,555,468,555,468,False,36171,0.13925848925848927,f9ca9bb1e481f3f17fd509efa0ef02fadb3521060a87c279b1bf76b481774dc6,True,
benign (4),benign,/content/drive/MyDrive/BUSI-XAI/data/raw/benign/benign (4).png,/content/drive/MyDrive/BUSI-XAI/data/processed/images/benign/benign (4).png,/content/drive/MyDrive/BUSI-XAI/data/processed/masks/benign/benign (4)_mask.png,2,/content/drive/MyDrive/BUSI-XAI/data/raw/benign/benign (4)_mask.png;/content/drive/MyDrive/BUSI-XAI/data/raw/benign/benign (4)_mask_1.png,555,465,555,465,False,2608,0.01010558946042817,6549a0053b9b3ae7efb75d0518494e86c49344469eac7ded25818214121046c9,True,
benign (40),benign,/content/drive/MyDrive/BUSI-XAI/data/raw/benign/benign (40).png,/content/drive/MyDrive/BUSI-XAI/data/processed/images/benign/benign (40).png,/content/drive/MyDrive/BUSI-XAI/data/processed/masks/benign/benign (40)_mask.png,1,/content/drive/MyDrive/BUSI-XAI/data/raw/benign/benign (40)_mask.png,706,526,706,526,False,8589,0.023128749771109125,8b1789cd82b486d69771b0247e18a96469a238a7ccc4c07df3d2df6ae6914c72,True,
benign (400),benign,/content/drive/MyDrive/BUSI-XAI/data/raw/benign/benign (400).png,/content/drive/MyDrive/BUSI-XAI/data/processed/images/benign/benign (400).png,/content/drive/MyDrive/BUSI-XAI/data/processed/masks/benign/benign (400)_mask.png,1,/content/drive/MyDrive/BUSI-XAI/data/raw/benign/benign (400)_mask.png,779,580,779,580,False,167313,0.37030897259970785,f823478e594b3c67cbab51421daa19ac6f4ed48cd03c49594f187a51608c11c5,True,
benign (401),benign,/content/drive/MyDrive/BUSI-XAI/data/raw/benign/benign (401).png,/content/drive/MyDrive/BUSI-XAI/data/processed/images/benign/benign (401).png,/content/drive/MyDrive/BUSI-XAI/data/processed/masks/benign/benign (401)_mask.png,1,/content/drive/MyDrive/BUSI-XAI/data/raw/benign/benign (401)_mask.png,557,469,557,469,False,28568,0.10935831231123173,99762fc182f8f866cd78ef435dc5f33b2a2a786abfc8e3522469895cd0c786ce,True,
benign (402),benign,/content/drive/MyDrive/BUSI-XAI/data/raw/benign/benign (402).png,/content/drive/MyDrive/BUSI-XAI/data/processed/images/benign/benign (402).png,/content/drive/MyDrive/BUSI-XAI/data/processed/masks/benign/benign (402)_mask.png,1,/content/drive/MyDrive/BUSI-XAI/data/raw/benign/benign (402)_mask.png,561,469,561,469,False,12053,0.04580991148155327,096aef8c0abf39590f109a1877d330eaf90667a480fe4b09537db11d0348789f,True,
benign (403),benign,/content/drive/MyDrive/BUSI-XAI/data/raw/benign/benign (403).png,/content/drive/MyDrive/BUSI-XAI/data/processed/images/benign/benign (403).png,/content/drive/MyDrive/BUSI-XAI/data/processed/masks/benign/benign (403)_mask.png,1,/content/drive/MyDrive/BUSI-XAI/data/raw/benign/benign (403)_mask.png,549,467,549,467,False,35763,0.13949052784310972,68283251e474e7a1f1091607c1340b4f5416f829413585025398105751a2a271,True,
benign (404),benign,/content/drive/MyDrive/BUSI-XAI/data/raw/benign/benign (404).png,/content/drive/MyDrive/BUSI-XAI/data/processed/images/benign/benign (404).png,/content/drive/MyDrive/BUSI-XAI/data/processed/masks/benign/benign (404)_mask.png,1,/content/drive/MyDrive/BUSI-XAI/data/raw/benign/benign (404)_mask.png,772,578,772,578,False,191793,0.4298209835595317,76f03088a978d67f8eeb784b05c26ed789696b972b6c5d0a51d9e0a8d7e382d5,True,
benign (405),benign,/content/drive/MyDrive/BUSI-XAI/data/raw/benign/benign (405).png,/content/drive/MyDrive/BUSI-XAI/data/processed/images/benign/benign (405).png,/content/drive/MyDrive/BUSI-XAI/data/processed/masks/benign/benign (405)_mask.png,1,/content/drive/MyDrive/BUSI-XAI/data/raw/benign/benign (405)_mask.png,566,465,566,465,False,80623,0.3063300277366161,c38606211b3159edf808c241df2bf331990344ff099a1b8c8f7628d68ffa76bf,True,
benign (406),benign,/content/drive/MyDrive/BUSI-XAI/data/raw/benign/benign (406).png,/content/drive/MyDrive/BUSI-XAI/data/processed/images/benign/benign (406).png,/content/drive/MyDrive/BUSI-XAI/data/processed/masks/benign/benign (406)_mask.png,1,/content/drive/MyDrive/BUSI-XAI/data/raw/benign/benign (406)_mask.png,563,463,563,463,False,38429,0.14742451154529307,9d2cffa224a9293f9b51a60d20ccbbee11fef195a7999d9b0186891fe106dc33,True,
benign (407),benign,/content/drive/MyDrive/BUSI-XAI/data/raw/benign/benign (407).png,/content/drive/MyDrive/BUSI-XAI/data/processed/images/benign/benign (407).png,/content/drive/MyDrive/BUSI-XAI/data/processed/masks/benign/benign (407)_mask.png,1,/content/drive/MyDrive/BUSI-XAI/data/raw/benign/benign (407)_mask.png,560,467,560,467,False,93557,0.3577431936371979,e991467dd8fd9e523b9f9f699ed85c8d07719cf30a5519719d0fe7942e626ee5,True,
benign (408),benign,/content/drive/MyDrive/BUSI-XAI/data/raw/benign/benign (408).png,/content/drive/MyDrive/BUSI-XAI/data/processed/images/benign/benign (408).png,/content/drive/MyDrive/BUSI-XAI/data/processed/masks/benign/benign (408)_mask.png,1,/content/drive/MyDrive/BUSI-XAI/data/raw/benign/benign (408)_mask.png,554,465,554,465,False,19359,0.07514848026085943,a9338a2822d3c4b8e5532a4ff9500ba0eb7113d8e0fec587a81fc0baa86242be,True,
benign (409),benign,/content/drive/MyDrive/BUSI-XAI/data/raw/benign/benign (409).png,/content/drive/MyDrive/BUSI-XAI/data/processed/images/benign/benign (409).png,/content/drive/MyDrive/BUSI-XAI/data/processed/masks/benign/benign (409)_mask.png,1,/content/drive/MyDrive/BUSI-XAI/data/raw/benign/benign (409)_mask.png,558,466,558,466,False,95213,0.36616441306320857,02aa6671d01e9512367ef940d6eeb88f365f42814bfdc23e3bd19e9c894e9817,True,
benign (41),benign,/content/drive/MyDrive/BUSI-XAI/data/raw/benign/benign (41).png,/content/drive/MyDrive/BUSI-XAI/data/processed/images/benign/benign (41).png,/content/drive/MyDrive/BUSI-XAI/data/processed/masks/benign/benign (41)_mask.png,1,/content/drive/MyDrive/BUSI-XAI/data/raw/benign/benign (41)_mask.png,550,484,550,484,False,23703,0.08904207362885048,4ecdb8d9249a203451bd0c2f568a50e0614767a6ac574fa456b6c98fb43cbad1,True,
benign (410),benign,/content/drive/MyDrive/BUSI-XAI/data/raw/benign/benign (410).png,/content/drive/MyDrive/BUSI-XAI/data/processed/images/benign/benign (410).png,/content/drive/MyDrive/BUSI-XAI/data/processed/masks/benign/benign (410)_mask.png,1,/content/drive/MyDrive/BUSI-XAI/data/raw/benign/benign (410)_mask.png,558,468,558,468,False,31697,0.12137747756027326,f5abaf4025a752b0e8fa3896ffa12d71e9101fe6319908db157ea70c4abe1e69,True,
benign (411),benign,/content/drive/MyDrive/BUSI-XAI/data/raw/benign/benign (411).png,/content/drive/MyDrive/BUSI-XAI/data/processed/images/benign/benign (411).png,/content/drive/MyDrive/BUSI-XAI/data/processed/masks/benign/benign (411)_mask.png,1,/content/drive/MyDrive/BUSI-XAI/data/raw/benign/benign (411)_mask.png,602,587,602,587,False,40403,0.11433495390153209,325329fb7bf84e096e239e1c737888184f6320d62a0608c74a74a568c6ff075b,True,
benign (412),benign,/content/drive/MyDrive/BUSI-XAI/data/raw/benign/benign (412).png,/content/drive/MyDrive/BUSI-XAI/data/processed/images/benign/benign (412).png,/content/drive/MyDrive/BUSI-XAI/data/processed/masks/benign/benign (412)_mask.png,1,/content/drive/MyDrive/BUSI-XAI/data/raw/benign/benign (412)_mask.png,779,576,779,576,False,179884,0.4008968050206818,ee74ba57f1904d2c0f524b478c21138ecd91997eb42b84899cc7930990dca8a8,True,
benign (413),benign,/content/drive/MyDrive/BUSI-XAI/data/raw/benign/benign (413).png,/content/drive/MyDrive/BUSI-XAI/data/processed/images/benign/benign (413).png,/content/drive/MyDrive/BUSI-XAI/data/processed/masks/benign/benign (413)_mask.png,1,/content/drive/MyDrive/BUSI-XAI/data/raw/benign/benign (413)_mask.png,433,478,433,478,False,2227,0.010759805579444762,5fb9c386ea73d58735978109fd483d9e6a44b4e402d36b3f6bd841c87fea5241,True,
benign (414),benign,/content/drive/MyDrive/BUSI-XAI/data/raw/benign/benign (414).png,/content/drive/MyDrive/BUSI-XAI/data/processed/images/benign/benign (414).png,/content/drive/MyDrive/BUSI-XAI/data/processed/masks/benign/benign (414)_mask.png,1,/content/drive/MyDrive/BUSI-XAI/data/raw/benign/benign (414)_mask.png,812,703,812,703,False,175486,0.3074192938076786,1c24cef47d050b313594ecd581b10416eabf27bb4cb7b0a658d4403d07aa5dfd,True,
benign (415),benign,/content/drive/MyDrive/BUSI-XAI/data/raw/benign/benign (415).png,/content/drive/MyDrive/BUSI-XAI/data/processed/images/benign/benign (415).png,/content/drive/MyDrive/BUSI-XAI/data/processed/masks/benign/benign (415)_mask.png,1,/content/drive/MyDrive/BUSI-XAI/data/raw/benign/benign (415)_mask.png,781,578,781,578,False,209121,0.46325356986207905,1dd953cd0eee558176d6380142344be061d0fee1cc4cdec408dbfecb7387dd9a,True,
benign (416),benign,/content/drive/MyDrive/BUSI-XAI/data/raw/benign/benign (416).png,/content/drive/MyDrive/BUSI-XAI/data/processed/images/benign/benign (416).png,/content/drive/MyDrive/BUSI-XAI/data/processed/masks/benign/benign (416)_mask.png,1,/content/drive/MyDrive/BUSI-XAI/data/raw/benign/benign (416)_mask.png,878,574,878,574,False,15080,0.029922297270483282,83326fd0e4396336963d5d82dc8c3ebe7fb94d889bcdcc1111e8ca26b23f39ec,True,
benign (417),benign,/content/drive/MyDrive/BUSI-XAI/data/raw/benign/benign (417).png,/content/drive/MyDrive/BUSI-XAI/data/processed/images/benign/benign (417).png,/content/drive/MyDrive/BUSI-XAI/data/processed/masks/benign/benign (417)_mask.png,1,/content/drive/MyDrive/BUSI-XAI/data/raw/benign/benign (417)_mask.png,599,416,599,416,False,7036,0.028236162835495057,e536c6f9f3994d4a998391a988db27323630f46eac06198a7241116ccd017a00,True,
benign (418),benign,/content/drive/MyDrive/BUSI-XAI/data/raw/benign/benign (418).png,/content/drive/MyDrive/BUSI-XAI/data/processed/images/benign/benign (418).png,/content/drive/MyDrive/BUSI-XAI/data/processed/masks/benign/benign (418)_mask.png,1,/content/drive/MyDrive/BUSI-XAI/data/raw/benign/benign (418)_mask.png,607,414,607,414,False,7406,0.02947098663737873,7e91633815d220f0849a9e9481f702eb6df84e9c46352cb7d824716cfd8a2c64,True,
benign (419),benign,/content/drive/MyDrive/BUSI-XAI/data/raw/benign/benign (419).png,/content/drive/MyDrive/BUSI-XAI/data/processed/images/benign/benign (419).png,/content/drive/MyDrive/BUSI-XAI/data/processed/masks/benign/benign (419)_mask.png,1,/content/drive/MyDrive/BUSI-XAI/data/raw/benign/benign (419)_mask.png,772,574,772,574,False,10624,0.023975013991442654,e4ef06ad47dc089d82cad507251fa80f254b9c9da57e8545c77b39389021446e,True,
benign (42),benign,/content/drive/MyDrive/BUSI-XAI/data/raw/benign/benign (42).png,/content/drive/MyDrive/BUSI-XAI/data/processed/images/benign/benign (42).png,/content/drive/MyDrive/BUSI-XAI/data/processed/masks/benign/benign (42)_mask.png,1,/content/drive/MyDrive/BUSI-XAI/data/raw/benign/benign (42)_mask.png,581,437,581,437,False,16545,0.06516422013651205,2a3b66dcfb666d1c795b3866abe493e573daacd5bf9f7a4908721285f1fe7cf8,True,
benign (420),benign,/content/drive/MyDrive/BUSI-XAI/data/raw/benign/benign (420).png,/content/drive/MyDrive/BUSI-XAI/data/processed/images/benign/benign (420).png,/content/drive/MyDrive/BUSI-XAI/data/processed/masks/benign/benign (420)_mask.png,1,/content/drive/MyDrive/BUSI-XAI/data/raw/benign/benign (420)_mask.png,768,574,768,574,False,55571,0.12605936048199767,9e81fbb001c2c571b873753132ac25f4cf08d878d5acbe8aec43acdcce54f262,True,
benign (421),benign,/content/drive/MyDrive/BUSI-XAI/data/raw/benign/benign (421).png,/content/drive/MyDrive/BUSI-XAI/data/processed/images/benign/benign (421).png,/content/drive/MyDrive/BUSI-XAI/data/processed/masks/benign/benign (421)_mask.png,1,/content/drive/MyDrive/BUSI-XAI/data/raw/benign/benign (421)_mask.png,551,487,551,487,False,39998,0.14905883273644707,2a3a0d0908563dc9f20384752d308e418d263c9eb4ab65cc7695ed2d93bfc17b,True,
benign (422),benign,/content/drive/MyDrive/BUSI-XAI/data/raw/benign/benign (422).png,/content/drive/MyDrive/BUSI-XAI/data/processed/images/benign/benign (422).png,/content/drive/MyDrive/BUSI-XAI/data/processed/masks/benign/benign (422)_mask.png,1,/content/drive/MyDrive/BUSI-XAI/data/raw/benign/benign (422)_mask.png,768,487,768,487,False,68711,0.18371139202600958,b1ab7fec394497c4b4738fd53fffcdfe892082c5832f65aa4b7e83e98c34f991,True,
benign (423),benign,/content/drive/MyDrive/BUSI-XAI/data/raw/benign/benign (423).png,/content/drive/MyDrive/BUSI-XAI/data/processed/images/benign/benign (423).png,/content/drive/MyDrive/BUSI-XAI/data/processed/masks/benign/benign (423)_mask.png,1,/content/drive/MyDrive/BUSI-XAI/data/raw/benign/benign (423)_mask.png,561,470,561,470,False,17387,0.06594227633026131,505d5916abeff5c4ac2274b3d9947f84e38e3db612125933a13372329f16c155,True,
benign (424),benign,/content/drive/MyDrive/BUSI-XAI/data/raw/benign/benign (424).png,/content/drive/MyDrive/BUSI-XAI/data/processed/images/benign/benign (424).png,/content/drive/MyDrive/BUSI-XAI/data/processed/masks/benign/benign (424)_mask.png,2,/content/drive/MyDrive/BUSI-XAI/data/raw/benign/benign (424)_mask.png;/content/drive/MyDrive/BUSI-XAI/data/raw/benign/benign (424)_mask_1.png,544,469,544,469,False,5376,0.021071115013169446,14bc40b1ef9312507333e899ee96427baeb804413e57302e7398727485cc518b,True,
benign (425),benign,/content/drive/MyDrive/BUSI-XAI/data/raw/benign/benign (425).png,/content/drive/MyDrive/BUSI-XAI/data/processed/images/benign/benign (425).png,/content/drive/MyDrive/BUSI-XAI/data/processed/masks/benign/benign (425)_mask.png,1,/content/drive/MyDrive/BUSI-XAI/data/raw/benign/benign (425)_mask.png,544,469,544,469,False,5124,0.02008340649692713,2e779e53a6e3c9c4cb361186f6ae6d023b0a497f1b80b689c5c7542ee05839f6,True,
benign (426),benign,/content/drive/MyDrive/BUSI-XAI/data/raw/benign/benign (426).png,/content/drive/MyDrive/BUSI-XAI/data/processed/images/benign/benign (426).png,/content/drive/MyDrive/BUSI-XAI/data/processed/masks/benign/benign (426)_mask.png,1,/content/drive/MyDrive/BUSI-XAI/data/raw/benign/benign (426)_mask.png,549,465,549,465,False,79105,0.3098693616937932,c763b05343c3e75cdd884895434dd5b244f11766888b1c281a0e88861e04ab60,True,
benign (427),benign,/content/drive/MyDrive/BUSI-XAI/data/raw/benign/benign (427).png,/content/drive/MyDrive/BUSI-XAI/data/processed/images/benign/benign (427).png,/content/drive/MyDrive/BUSI-XAI/data/processed/masks/benign/benign (427)_mask.png,1,/content/drive/MyDrive/BUSI-XAI/data/raw/benign/benign (427)_mask.png,780,380,780,380,False,8443,0.02848515519568151,0e92cf80f3c60f7aa0cde367b99f1b63d94efac5726a62d432a4bf8cca7c39b2,True,
benign (428),benign,/content/drive/MyDrive/BUSI-XAI/data/raw/benign/benign (428).png,/content/drive/MyDrive/BUSI-XAI/data/processed/images/benign/benign (428).png,/content/drive/MyDrive/BUSI-XAI/data/processed/masks/benign/benign (428)_mask.png,1,/content/drive/MyDrive/BUSI-XAI/data/raw/benign/benign (428)_mask.png,769,382,769,382,False,17602,0.05992007026191627,e0aa3329b8b034e32f51b19329c6a1958795f5ac28407766707348c07123861d,True,
benign (429),benign,/content/drive/MyDrive/BUSI-XAI/data/raw/benign/benign (429).png,/content/drive/MyDrive/BUSI-XAI/data/processed/images/benign/benign (429).png,/content/drive/MyDrive/BUSI-XAI/data/processed/masks/benign/benign (429)_mask.png,1,/content/drive/MyDrive/BUSI-XAI/data/raw/benign/benign (429)_mask.png,582,437,582,437,False,3225,0.012680176460874283,df3a852b16a21cf8e0267989426efa70ff936b5227803fe0a2ce33e7d77eaa06,True,
benign (43),benign,/content/drive/MyDrive/BUSI-XAI/data/raw/benign/benign (43).png,/content/drive/MyDrive/BUSI-XAI/data/processed/images/benign/benign (43).png,/content/drive/MyDrive/BUSI-XAI/data/processed/masks/benign/benign (43)_mask.png,1,/content/drive/MyDrive/BUSI-XAI/data/raw/benign/benign (43)_mask.png,554,495,554,495,False,2331,0.008500164095831967,39f6dfa89a464e9846424e460f9e40d55a527d4a2c7e80ad6ff06b01ccc0537b,True,
benign (430),benign,/content/drive/MyDrive/BUSI-XAI/data/raw/benign/benign (430).png,/content/drive/MyDrive/BUSI-XAI/data/processed/images/benign/benign (430).png,/content/drive/MyDrive/BUSI-XAI/data/processed/masks/benign/benign (430)_mask.png,1,/content/drive/MyDrive/BUSI-XAI/data/raw/benign/benign (430)_mask.png,768,581,768,581,False,17936,0.04019650028686173,c7773d68acb77e3ca3aae987b7c3a068385e853fff340660c62682412dfba767,True,
benign (431),benign,/content/drive/MyDrive/BUSI-XAI/data/raw/benign/benign (431).png,/content/drive/MyDrive/BUSI-XAI/data/processed/images/benign/benign (431).png,/content/drive/MyDrive/BUSI-XAI/data/processed/masks/benign/benign (431)_mask.png,1,/content/drive/MyDrive/BUSI-XAI/data/raw/benign/benign (431)_mask.png,582,431,582,431,False,4066,0.016209406718173194,ba86cd0725900e603208cd0e6cb3e66035b3994eea2eab1f87dd4fa1cfa5fb1b,True,
benign (432),benign,/content/drive/MyDrive/BUSI-XAI/data/raw/benign/benign (432).png,/content/drive/MyDrive/BUSI-XAI/data/processed/images/benign/benign (432).png,/content/drive/MyDrive/BUSI-XAI/data/processed/masks/benign/benign (432)_mask.png,1,/content/drive/MyDrive/BUSI-XAI/data/raw/benign/benign (432)_mask.png,469,394,469,394,False,14408,0.07797127488013161,816783faef24fb5da566164d3de60d975e2a8984d4844a944921aefb7733044c,True,
benign (433),benign,/content/drive/MyDrive/BUSI-XAI/data/raw/benign/benign (433).png,/content/drive/MyDrive/BUSI-XAI/data/processed/images/benign/benign (433).png,/content/drive/MyDrive/BUSI-XAI/data/processed/masks/benign/benign (433)_mask.png,1,/content/drive/MyDrive/BUSI-XAI/data/raw/benign/benign (433)_mask.png,550,462,550,462,False,3186,0.012538370720188902,058e7538fa53b2bd8b87500ff47721c84ec442dc964d9de21bb271a8651138a8,False,duplicate_image_conflicting_labels
benign (434),benign,/content/drive/MyDrive/BUSI-XAI/data/raw/benign/benign (434).png,/content/drive/MyDrive/BUSI-XAI/data/processed/images/benign/benign (434).png,/content/drive/MyDrive/BUSI-XAI/data/processed/masks/benign/benign (434)_mask.png,1,/content/drive/MyDrive/BUSI-XAI/data/raw/benign/benign (434)_mask.png,501,609,501,609,False,50047,0.1640299040670711,71fbb5291f68d9f2170de1ca2ae80d9e9fc1e547c370d6458c80d0927ce6260f,True,
benign (435),benign,/content/drive/MyDrive/BUSI-XAI/data/raw/benign/benign (435).png,/content/drive/MyDrive/BUSI-XAI/data/processed/images/benign/benign (435).png,/content/drive/MyDrive/BUSI-XAI/data/processed/masks/benign/benign (435)_mask.png,1,/content/drive/MyDrive/BUSI-XAI/data/raw/benign/benign (435)_mask.png,552,469,552,469,False,3850,0.014871295695435865,aabf45bdeb2838c9c51f94d646dbf68b53a65be0f200e190939c328ee99c0ba0,True,
benign (436),benign,/content/drive/MyDrive/BUSI-XAI/data/raw/benign/benign (436).png,/content/drive/MyDrive/BUSI-XAI/data/processed/images/benign/benign (436).png,/content/drive/MyDrive/BUSI-XAI/data/processed/masks/benign/benign (436)_mask.png,1,/content/drive/MyDrive/BUSI-XAI/data/raw/benign/benign (436)_mask.png,502,474,502,474,False,22863,0.09608401835695193,1ce9668804fb1bc75d3bbe2eddfb87709b4981781ac7ddea276e2607f196a307,True,
benign (437),benign,/content/drive/MyDrive/BUSI-XAI/data/raw/benign/benign (437).png,/content/drive/MyDrive/BUSI-XAI/data/processed/images/benign/benign (437).png,/content/drive/MyDrive/BUSI-XAI/data/processed/masks/benign/benign (437)_mask.png,1,/content/drive/MyDrive/BUSI-XAI/data/raw/benign/benign (437)_mask.png,768,585,768,585,False,1757,0.003910701566951567,4c2fe6a4dec22e55775d155b9c41653ba6885fffacd225f387f0600ac9102c8a,True,
benign (44),benign,/content/drive/MyDrive/BUSI-XAI/data/raw/benign/benign (44).png,/content/drive/MyDrive/BUSI-XAI/data/processed/images/benign/benign (44).png,/content/drive/MyDrive/BUSI-XAI/data/processed/masks/benign/benign (44)_mask.png,1,/content/drive/MyDrive/BUSI-XAI/data/raw/benign/benign (44)_mask.png,777,580,777,580,False,6065,0.013458039320108285,e64a89ab7e24bef62a1bfa6065eb809e5685609b7d8ac74331e8b518610a18b4,True,
benign (45),benign,/content/drive/MyDrive/BUSI-XAI/data/raw/benign/benign (45).png,/content/drive/MyDrive/BUSI-XAI/data/processed/images/benign/benign (45).png,/content/drive/MyDrive/BUSI-XAI/data/processed/masks/benign/benign (45)_mask.png,1,/content/drive/MyDrive/BUSI-XAI/data/raw/benign/benign (45)_mask.png,775,580,775,580,False,31072,0.06912569521690767,a04b6f87741aa31ff29e672917b7f2411a268c8988a1f79444d0bfef6cc03810,True,
benign (46),benign,/content/drive/MyDrive/BUSI-XAI/data/raw/benign/benign (46).png,/content/drive/MyDrive/BUSI-XAI/data/processed/images/benign/benign (46).png,/content/drive/MyDrive/BUSI-XAI/data/processed/masks/benign/benign (46)_mask.png,1,/content/drive/MyDrive/BUSI-XAI/data/raw/benign/benign (46)_mask.png,561,468,561,468,False,2423,0.009228788640553346,dfd389eb67dc3a518900465e30dc4190ef7b5b78563f33ad7c14a23c83e692c4,True,
benign (47),benign,/content/drive/MyDrive/BUSI-XAI/data/raw/benign/benign (47).png,/content/drive/MyDrive/BUSI-XAI/data/processed/images/benign/benign (47).png,/content/drive/MyDrive/BUSI-XAI/data/processed/masks/benign/benign (47)_mask.png,1,/content/drive/MyDrive/BUSI-XAI/data/raw/benign/benign (47)_mask.png,763,585,763,585,False,2284,0.005117003282140897,4a90a381de8564ea596371adcb82259b7a0823d7113901f23765deca4651128f,True,
benign (48),benign,/content/drive/MyDrive/BUSI-XAI/data/raw/benign/benign (48).png,/content/drive/MyDrive/BUSI-XAI/data/processed/images/benign/benign (48).png,/content/drive/MyDrive/BUSI-XAI/data/processed/masks/benign/benign (48)_mask.png,1,/content/drive/MyDrive/BUSI-XAI/data/raw/benign/benign (48)_mask.png,775,583,775,583,False,33097,0.07325181209539092,00f93c1326878398648988bfc7fb51a21089454a7f1ba681ef81d2e7e960d4ad,True,
benign (49),benign,/content/drive/MyDrive/BUSI-XAI/data/raw/benign/benign (49).png,/content/drive/MyDrive/BUSI-XAI/data/processed/images/benign/benign (49).png,/content/drive/MyDrive/BUSI-XAI/data/processed/masks/benign/benign (49)_mask.png,1,/content/drive/MyDrive/BUSI-XAI/data/raw/benign/benign (49)_mask.png,777,576,777,576,False,143015,0.3195494601744602,aac9a872a687dd74760f647407193d571c1d218e0d0626cb198d56576ec7130f,True,
benign (5),benign,/content/drive/MyDrive/BUSI-XAI/data/raw/benign/benign (5).png,/content/drive/MyDrive/BUSI-XAI/data/processed/images/benign/benign (5).png,/content/drive/MyDrive/BUSI-XAI/data/processed/masks/benign/benign (5)_mask.png,1,/content/drive/MyDrive/BUSI-XAI/data/raw/benign/benign (5)_mask.png,549,496,549,496,False,3409,0.012519096304130678,d39ae37d754d447a08a4a24fa7a4cd9b47004f4883ddeda47565e8604adbb4d4,True,
benign (50),benign,/content/drive/MyDrive/BUSI-XAI/data/raw/benign/benign (50).png,/content/drive/MyDrive/BUSI-XAI/data/processed/images/benign/benign (50).png,/content/drive/MyDrive/BUSI-XAI/data/processed/masks/benign/benign (50)_mask.png,1,/content/drive/MyDrive/BUSI-XAI/data/raw/benign/benign (50)_mask.png,884,581,884,581,False,14608,0.028442146089204912,53b253c49c18492a2efc9d3c2a0def1ef29426d2f6424122d49187742e198515,True,
benign (51),benign,/content/drive/MyDrive/BUSI-XAI/data/raw/benign/benign (51).png,/content/drive/MyDrive/BUSI-XAI/data/processed/images/benign/benign (51).png,/content/drive/MyDrive/BUSI-XAI/data/processed/masks/benign/benign (51)_mask.png,1,/content/drive/MyDrive/BUSI-XAI/data/raw/benign/benign (51)_mask.png,357,338,357,338,False,1093,0.009058061094260189,4f3bd86760a41d589f8a2261b71bc3f7e80156f50087a7bb0a6f65b242fbb43f,True,
benign (52),benign,/content/drive/MyDrive/BUSI-XAI/data/raw/benign/benign (52).png,/content/drive/MyDrive/BUSI-XAI/data/processed/images/benign/benign (52).png,/content/drive/MyDrive/BUSI-XAI/data/processed/masks/benign/benign (52)_mask.png,1,/content/drive/MyDrive/BUSI-XAI/data/raw/benign/benign (52)_mask.png,370,338,370,338,False,1284,0.010267071805533344,78a10afbdd20ddaa58226a9e610a587ef1c6068a8ab056aa12a39c8f327b3b92,True,
benign (53),benign,/content/drive/MyDrive/BUSI-XAI/data/raw/benign/benign (53).png,/content/drive/MyDrive/BUSI-XAI/data/processed/images/benign/benign (53).png,/content/drive/MyDrive/BUSI-XAI/data/processed/masks/benign/benign (53)_mask.png,1,/content/drive/MyDrive/BUSI-XAI/data/raw/benign/benign (53)_mask.png,552,492,552,492,False,4931,0.018156445151408036,21fa0246406b1175022b949b49da77afe10ee9ec3a6acf12217a33bfbc6258bd,True,
benign (54),benign,/content/drive/MyDrive/BUSI-XAI/data/raw/benign/benign (54).png,/content/drive/MyDrive/BUSI-XAI/data/processed/images/benign/benign (54).png,/content/drive/MyDrive/BUSI-XAI/data/processed/masks/benign/benign (54)_mask.png,2,/content/drive/MyDrive/BUSI-XAI/data/raw/benign/benign (54)_mask.png;/content/drive/MyDrive/BUSI-XAI/data/raw/benign/benign (54)_mask_1.png,616,468,616,468,False,20750,0.07197663447663448,a289d6b30f81101da264199849279df1a11f52d62c112746cbf4f85839617330,True,
benign (55),benign,/content/drive/MyDrive/BUSI-XAI/data/raw/benign/benign (55).png,/content/drive/MyDrive/BUSI-XAI/data/processed/images/benign/benign (55).png,/content/drive/MyDrive/BUSI-XAI/data/processed/masks/benign/benign (55)_mask.png,1,/content/drive/MyDrive/BUSI-XAI/data/raw/benign/benign (55)_mask.png,763,614,763,614,False,8946,0.019095717658309176,e492564e299afca80a830ee4c05f3fac31119da7110e80baca7b220fca551125,True,
benign (56),benign,/content/drive/MyDrive/BUSI-XAI/data/raw/benign/benign (56).png,/content/drive/MyDrive/BUSI-XAI/data/processed/images/benign/benign (56).png,/content/drive/MyDrive/BUSI-XAI/data/processed/masks/benign/benign (56)_mask.png,1,/content/drive/MyDrive/BUSI-XAI/data/raw/benign/benign (56)_mask.png,806,711,806,711,False,34453,0.06012047477951929,b29ad34b95f06845940f121321747d795cc3263ef4cd215e0299724b1acc3c5a,True,
benign (57),benign,/content/drive/MyDrive/BUSI-XAI/data/raw/benign/benign (57).png,/content/drive/MyDrive/BUSI-XAI/data/processed/images/benign/benign (57).png,/content/drive/MyDrive/BUSI-XAI/data/processed/masks/benign/benign (57)_mask.png,1,/content/drive/MyDrive/BUSI-XAI/data/raw/benign/benign (57)_mask.png,555,470,555,470,False,3536,0.013555683342917386,603c6954470c92e37bc0541dc62133fa9e1958e95c9716819152721814020119,True,
benign (58),benign,/content/drive/MyDrive/BUSI-XAI/data/raw/benign/benign (58).png,/content/drive/MyDrive/BUSI-XAI/data/processed/images/benign/benign (58).png,/content/drive/MyDrive/BUSI-XAI/data/processed/masks/benign/benign (58)_mask.png,2,/content/drive/MyDrive/BUSI-XAI/data/raw/benign/benign (58)_mask.png;/content/drive/MyDrive/BUSI-XAI/data/raw/benign/benign (58)_mask_1.png,781,572,781,572,False,14751,0.033019797104304145,21b5269656facc342dced365401be7e0b8bb197567f23b19a2d8f73ea8750c7c,True,
benign (59),benign,/content/drive/MyDrive/BUSI-XAI/data/raw/benign/benign (59).png,/content/drive/MyDrive/BUSI-XAI/data/processed/images/benign/benign (59).png,/content/drive/MyDrive/BUSI-XAI/data/processed/masks/benign/benign (59)_mask.png,1,/content/drive/MyDrive/BUSI-XAI/data/raw/benign/benign (59)_mask.png,563,468,563,468,False,13832,0.05249654627985001,6802f1058a8a31c5ad6de90ef68f21dd6d0e9c393c21de43c1ff2be17accfcfd,True,
benign (6),benign,/content/drive/MyDrive/BUSI-XAI/data/raw/benign/benign (6).png,/content/drive/MyDrive/BUSI-XAI/data/processed/images/benign/benign (6).png,/content/drive/MyDrive/BUSI-XAI/data/processed/masks/benign/benign (6)_mask.png,1,/content/drive/MyDrive/BUSI-XAI/data/raw/benign/benign (6)_mask.png,558,467,558,467,False,7412,0.028443584843391434,fb6406d1098bce434ae75470fc7c8a421ea161351f9a673c1dde2d1795ce55f8,True,
benign (60),benign,/content/drive/MyDrive/BUSI-XAI/data/raw/benign/benign (60).png,/content/drive/MyDrive/BUSI-XAI/data/processed/images/benign/benign (60).png,/content/drive/MyDrive/BUSI-XAI/data/processed/masks/benign/benign (60)_mask.png,1,/content/drive/MyDrive/BUSI-XAI/data/raw/benign/benign (60)_mask.png,759,598,759,598,False,2427,0.00534720478009703,b8b5e288211394b3cd582d3285691c9adc84846076dfa23bc887b87a56e24a22,True,
benign (61),benign,/content/drive/MyDrive/BUSI-XAI/data/raw/benign/benign (61).png,/content/drive/MyDrive/BUSI-XAI/data/processed/images/benign/benign (61).png,/content/drive/MyDrive/BUSI-XAI/data/processed/masks/benign/benign (61)_mask.png,1,/content/drive/MyDrive/BUSI-XAI/data/raw/benign/benign (61)_mask.png,773,578,773,578,False,19209,0.04299296767637882,8b88e01f70d1c5afde47cd51f8409f867dd5923bff31aa61df233814dce7ebd9,True,
benign (62),benign,/content/drive/MyDrive/BUSI-XAI/data/raw/benign/benign (62).png,/content/drive/MyDrive/BUSI-XAI/data/processed/images/benign/benign (62).png,/content/drive/MyDrive/BUSI-XAI/data/processed/masks/benign/benign (62)_mask.png,1,/content/drive/MyDrive/BUSI-XAI/data/raw/benign/benign (62)_mask.png,389,594,389,594,False,49722,0.21518527174054167,53b23d3784962affa594bcc99b18ad71657a6eb4a4b8d7416639ad72bb5d65fe,True,
benign (63),benign,/content/drive/MyDrive/BUSI-XAI/data/raw/benign/benign (63).png,/content/drive/MyDrive/BUSI-XAI/data/processed/images/benign/benign (63).png,/content/drive/MyDrive/BUSI-XAI/data/processed/masks/benign/benign (63)_mask.png,1,/content/drive/MyDrive/BUSI-XAI/data/raw/benign/benign (63)_mask.png,608,660,608,660,False,3949,0.009841008771929824,3801442a6285a557ddd76c30106f13e0f2e1ba642c4b5be56d320b9517ce389c,True,
benign (64),benign,/content/drive/MyDrive/BUSI-XAI/data/raw/benign/benign (64).png,/content/drive/MyDrive/BUSI-XAI/data/processed/images/benign/benign (64).png,/content/drive/MyDrive/BUSI-XAI/data/processed/masks/benign/benign (64)_mask.png,1,/content/drive/MyDrive/BUSI-XAI/data/raw/benign/benign (64)_mask.png,610,471,610,471,False,128953,0.4488287912011416,217681d4c986f154afdc8b81a20dcf9d06ea2d2a8909fb1ff28ad1f9b44a0076,True,
benign (65),benign,/content/drive/MyDrive/BUSI-XAI/data/raw/benign/benign (65).png,/content/drive/MyDrive/BUSI-XAI/data/processed/images/benign/benign (65).png,/content/drive/MyDrive/BUSI-XAI/data/processed/masks/benign/benign (65)_mask.png,1,/content/drive/MyDrive/BUSI-XAI/data/raw/benign/benign (65)_mask.png,564,474,564,474,False,11242,0.04205194960648771,31eda5a52a3f86b2e41b7734e9c7d998e6df54c7735f9e5d105ca1d3dce417ff,True,
benign (66),benign,/content/drive/MyDrive/BUSI-XAI/data/raw/benign/benign (66).png,/content/drive/MyDrive/BUSI-XAI/data/processed/images/benign/benign (66).png,/content/drive/MyDrive/BUSI-XAI/data/processed/masks/benign/benign (66)_mask.png,1,/content/drive/MyDrive/BUSI-XAI/data/raw/benign/benign (66)_mask.png,562,473,562,473,False,8318,0.0312911453356707,84dd1e4615b10420ad88fd823668bb772c51f9fbda3f62f7b19b9936063775c0,True,
benign (67),benign,/content/drive/MyDrive/BUSI-XAI/data/raw/benign/benign (67).png,/content/drive/MyDrive/BUSI-XAI/data/processed/images/benign/benign (67).png,/content/drive/MyDrive/BUSI-XAI/data/processed/masks/benign/benign (67)_mask.png,1,/content/drive/MyDrive/BUSI-XAI/data/raw/benign/benign (67)_mask.png,516,467,516,467,False,44240,0.18358979466494033,fdb425bfa73e5eba74787aa672899c8d673c66db21d7e4d49fad8cfa665ea73a,True,
benign (68),benign,/content/drive/MyDrive/BUSI-XAI/data/raw/benign/benign (68).png,/content/drive/MyDrive/BUSI-XAI/data/processed/images/benign/benign (68).png,/content/drive/MyDrive/BUSI-XAI/data/processed/masks/benign/benign (68)_mask.png,1,/content/drive/MyDrive/BUSI-XAI/data/raw/benign/benign (68)_mask.png,682,587,682,587,False,79154,0.19771990388025998,0a208d83809e691ce549b21b338f45ec003af47746c7630ed4278cc3b5e2ccde,True,
benign (69),benign,/content/drive/MyDrive/BUSI-XAI/data/raw/benign/benign (69).png,/content/drive/MyDrive/BUSI-XAI/data/processed/images/benign/benign (69).png,/content/drive/MyDrive/BUSI-XAI/data/processed/masks/benign/benign (69)_mask.png,1,/content/drive/MyDrive/BUSI-XAI/data/raw/benign/benign (69)_mask.png,811,719,811,719,False,5174,0.008873126636700857,6264acc7da488a405dceb13bc54e59aa1500c07d8668b546cec4b0af220de24a,True,
benign (7),benign,/content/drive/MyDrive/BUSI-XAI/data/raw/benign/benign (7).png,/content/drive/MyDrive/BUSI-XAI/data/processed/images/benign/benign (7).png,/content/drive/MyDrive/BUSI-XAI/data/processed/masks/benign/benign (7)_mask.png,1,/content/drive/MyDrive/BUSI-XAI/data/raw/benign/benign (7)_mask.png,624,578,624,578,False,2204,0.00611081536687073,6e4d03e45af912d2db9a7f334fc845da6eb1008c943a9555d4880a5271c43a37,True,
benign (70),benign,/content/drive/MyDrive/BUSI-XAI/data/raw/benign/benign (70).png,/content/drive/MyDrive/BUSI-XAI/data/processed/images/benign/benign (70).png,/content/drive/MyDrive/BUSI-XAI/data/processed/masks/benign/benign (70)_mask.png,1,/content/drive/MyDrive/BUSI-XAI/data/raw/benign/benign (70)_mask.png,713,475,713,475,False,3495,0.010319627961910386,f1f501feee59dd2b987efaa8b0b3f0b64627b88aaacae613a3aea9d7c1e54094,True,
benign (71),benign,/content/drive/MyDrive/BUSI-XAI/data/raw/benign/benign (71).png,/content/drive/MyDrive/BUSI-XAI/data/processed/images/benign/benign (71).png,/content/drive/MyDrive/BUSI-XAI/data/processed/masks/benign/benign (71)_mask.png,1,/content/drive/MyDrive/BUSI-XAI/data/raw/benign/benign (71)_mask.png,554,469,554,469,False,2315,0.008909808872091323,5c4f09413447cea78ff2e3e96f353d245f2e09cf9ce614a1a57f3c094182386a,True,
benign (72),benign,/content/drive/MyDrive/BUSI-XAI/data/raw/benign/benign (72).png,/content/drive/MyDrive/BUSI-XAI/data/processed/images/benign/benign (72).png,/content/drive/MyDrive/BUSI-XAI/data/processed/masks/benign/benign (72)_mask.png,1,/content/drive/MyDrive/BUSI-XAI/data/raw/benign/benign (72)_mask.png,557,465,557,465,False,20685,0.07986332310187062,1249c1b2e86c26e434dc7f3356118e13d30cdd667c95de0ffcdef373f8376808,True,
benign (73),benign,/content/drive/MyDrive/BUSI-XAI/data/raw/benign/benign (73).png,/content/drive/MyDrive/BUSI-XAI/data/processed/images/benign/benign (73).png,/content/drive/MyDrive/BUSI-XAI/data/processed/masks/benign/benign (73)_mask.png,1,/content/drive/MyDrive/BUSI-XAI/data/raw/benign/benign (73)_mask.png,557,471,557,471,False,61594,0.23478065310447613,bfe5a0813ecc1184d6d589e2d5543b8dc06fecb2a9c20c85db681df80bc83ddf,True,
benign (74),benign,/content/drive/MyDrive/BUSI-XAI/data/raw/benign/benign (74).png,/content/drive/MyDrive/BUSI-XAI/data/processed/images/benign/benign (74).png,/content/drive/MyDrive/BUSI-XAI/data/processed/masks/benign/benign (74)_mask.png,1,/content/drive/MyDrive/BUSI-XAI/data/raw/benign/benign (74)_mask.png,561,467,561,467,False,2108,0.008046200765686847,816d9f756217dd345d9b2062cb1e2a6b9f0bea30af72914b8751f0fea23fc1fb,True,
benign (75),benign,/content/drive/MyDrive/BUSI-XAI/data/raw/benign/benign (75).png,/content/drive/MyDrive/BUSI-XAI/data/processed/images/benign/benign (75).png,/content/drive/MyDrive/BUSI-XAI/data/processed/masks/benign/benign (75)_mask.png,1,/content/drive/MyDrive/BUSI-XAI/data/raw/benign/benign (75)_mask.png,685,578,685,578,False,14123,0.035670446796150834,503515d92302a59f51810ed1f074f8913ccf85b19fae5da13d75eb95323f4484,True,
benign (76),benign,/content/drive/MyDrive/BUSI-XAI/data/raw/benign/benign (76).png,/content/drive/MyDrive/BUSI-XAI/data/processed/images/benign/benign (76).png,/content/drive/MyDrive/BUSI-XAI/data/processed/masks/benign/benign (76)_mask.png,1,/content/drive/MyDrive/BUSI-XAI/data/raw/benign/benign (76)_mask.png,848,685,848,685,False,10263,0.01766802093375568,a94599ff07748cc9c4925fca9ab40b2015b9044510b7b20c5d84173837dd96bb,True,
benign (77),benign,/content/drive/MyDrive/BUSI-XAI/data/raw/benign/benign (77).png,/content/drive/MyDrive/BUSI-XAI/data/processed/images/benign/benign (77).png,/content/drive/MyDrive/BUSI-XAI/data/processed/masks/benign/benign (77)_mask.png,1,/content/drive/MyDrive/BUSI-XAI/data/raw/benign/benign (77)_mask.png,551,488,551,488,False,7983,0.029688941120466515,420f89c9e50c0aba5f4a3a44050ffcc99e05f748cdaa1586b5f7ebee29cef5aa,True,
benign (78),benign,/content/drive/MyDrive/BUSI-XAI/data/raw/benign/benign (78).png,/content/drive/MyDrive/BUSI-XAI/data/processed/images/benign/benign (78).png,/content/drive/MyDrive/BUSI-XAI/data/processed/masks/benign/benign (78)_mask.png,1,/content/drive/MyDrive/BUSI-XAI/data/raw/benign/benign (78)_mask.png,777,576,777,576,False,5828,0.013021950521950522,fb15e2304353c44448a53e881630fb67c8a58fe7339ca717874478af9fc05246,True,
benign (79),benign,/content/drive/MyDrive/BUSI-XAI/data/raw/benign/benign (79).png,/content/drive/MyDrive/BUSI-XAI/data/processed/images/benign/benign (79).png,/content/drive/MyDrive/BUSI-XAI/data/processed/masks/benign/benign (79)_mask.png,1,/content/drive/MyDrive/BUSI-XAI/data/raw/benign/benign (79)_mask.png,648,604,648,604,False,18767,0.04794937045212983,218786a4093c7b35c4d5d6a63b5036a40298529e9320bfa4657678d33a64bb86,True,
benign (8),benign,/content/drive/MyDrive/BUSI-XAI/data/raw/benign/benign (8).png,/content/drive/MyDrive/BUSI-XAI/data/processed/images/benign/benign (8).png,/content/drive/MyDrive/BUSI-XAI/data/processed/masks/benign/benign (8)_mask.png,1,/content/drive/MyDrive/BUSI-XAI/data/raw/benign/benign (8)_mask.png,617,585,617,585,False,3997,0.011073709290889194,084bbbb6e16ca8cc9e0f920d08f4ab7b858034753abaf1e8766db7456c3adabb,True,
benign (80),benign,/content/drive/MyDrive/BUSI-XAI/data/raw/benign/benign (80).png,/content/drive/MyDrive/BUSI-XAI/data/processed/images/benign/benign (80).png,/content/drive/MyDrive/BUSI-XAI/data/processed/masks/benign/benign (80)_mask.png,1,/content/drive/MyDrive/BUSI-XAI/data/raw/benign/benign (80)_mask.png,561,473,561,473,False,60746,0.22892524297822148,49aec6747d23345c755e3eccc1c5b4e5599f6191a2a3b2fb018f0b6a3aa8f0a9,True,
benign (81),benign,/content/drive/MyDrive/BUSI-XAI/data/raw/benign/benign (81).png,/content/drive/MyDrive/BUSI-XAI/data/processed/images/benign/benign (81).png,/content/drive/MyDrive/BUSI-XAI/data/processed/masks/benign/benign (81)_mask.png,1,/content/drive/MyDrive/BUSI-XAI/data/raw/benign/benign (81)_mask.png,563,464,563,464,False,4011,0.015354167942671648,6b25b8140320aa6e699a8f77a6766890735f84fa777bd8b88d8f23542927a862,True,
benign (82),benign,/content/drive/MyDrive/BUSI-XAI/data/raw/benign/benign (82).png,/content/drive/MyDrive/BUSI-XAI/data/processed/images/benign/benign (82).png,/content/drive/MyDrive/BUSI-XAI/data/processed/masks/benign/benign (82)_mask.png,1,/content/drive/MyDrive/BUSI-XAI/data/raw/benign/benign (82)_mask.png,656,458,656,458,False,14515,0.048311188624986685,87e2084c616f11a38d943c6658b30b05470ef6053f88524ebf8a3ba31f9e2cd7,True,
benign (83),benign,/content/drive/MyDrive/BUSI-XAI/data/raw/benign/benign (83).png,/content/drive/MyDrive/BUSI-XAI/data/processed/images/benign/benign (83).png,/content/drive/MyDrive/BUSI-XAI/data/processed/masks/benign/benign (83)_mask.png,2,/content/drive/MyDrive/BUSI-XAI/data/raw/benign/benign (83)_mask.png;/content/drive/MyDrive/BUSI-XAI/data/raw/benign/benign (83)_mask_1.png,581,432,581,432,False,4241,0.016896952890928796,9960b54d47dfbe805175854facad08bd1f022597299539317d829cc1b04f5f86,True,
benign (84),benign,/content/drive/MyDrive/BUSI-XAI/data/raw/benign/benign (84).png,/content/drive/MyDrive/BUSI-XAI/data/processed/images/benign/benign (84).png,/content/drive/MyDrive/BUSI-XAI/data/processed/masks/benign/benign (84)_mask.png,1,/content/drive/MyDrive/BUSI-XAI/data/raw/benign/benign (84)_mask.png,839,510,839,510,False,45021,0.10521629390731263,708f4d96d159a6003c3d22bb7143508c476c86dbda605165ee904d390b4344b1,True,
benign (85),benign,/content/drive/MyDrive/BUSI-XAI/data/raw/benign/benign (85).png,/content/drive/MyDrive/BUSI-XAI/data/processed/images/benign/benign (85).png,/content/drive/MyDrive/BUSI-XAI/data/processed/masks/benign/benign (85)_mask.png,1,/content/drive/MyDrive/BUSI-XAI/data/raw/benign/benign (85)_mask.png,561,465,561,465,False,28115,0.10777605274758975,c73e911aa903c971d2b241f4d6ab4a8054107f458c09720610889ba9bc6c6be5,True,
benign (86),benign,/content/drive/MyDrive/BUSI-XAI/data/raw/benign/benign (86).png,/content/drive/MyDrive/BUSI-XAI/data/processed/images/benign/benign (86).png,/content/drive/MyDrive/BUSI-XAI/data/processed/masks/benign/benign (86)_mask.png,1,/content/drive/MyDrive/BUSI-XAI/data/raw/benign/benign (86)_mask.png,777,578,777,578,False,3074,0.006844709266854596,05c28d5bd84691c3de036ddc10a70ffb5ad27f7421c763dd18ed96083ae3dd05,True,
benign (87),benign,/content/drive/MyDrive/BUSI-XAI/data/raw/benign/benign (87).png,/content/drive/MyDrive/BUSI-XAI/data/processed/images/benign/benign (87).png,/content/drive/MyDrive/BUSI-XAI/data/processed/masks/benign/benign (87)_mask.png,1,/content/drive/MyDrive/BUSI-XAI/data/raw/benign/benign (87)_mask.png,768,571,768,571,False,8875,0.020238160391126678,d9a35a37ab3c028da62fb67ada774934ef98f8e1efffe6e873bb40b9a5792070,True,
benign (88),benign,/content/drive/MyDrive/BUSI-XAI/data/raw/benign/benign (88).png,/content/drive/MyDrive/BUSI-XAI/data/processed/images/benign/benign (88).png,/content/drive/MyDrive/BUSI-XAI/data/processed/masks/benign/benign (88)_mask.png,1,/content/drive/MyDrive/BUSI-XAI/data/raw/benign/benign (88)_mask.png,873,560,873,560,False,38760,0.07928325969563083,06197566937fdca1be49d99dfe5507fbb2c349d34a5dbd0597194e97a100d329,True,
benign (89),benign,/content/drive/MyDrive/BUSI-XAI/data/raw/benign/benign (89).png,/content/drive/MyDrive/BUSI-XAI/data/processed/images/benign/benign (89).png,/content/drive/MyDrive/BUSI-XAI/data/processed/masks/benign/benign (89)_mask.png,1,/content/drive/MyDrive/BUSI-XAI/data/raw/benign/benign (89)_mask.png,893,576,893,576,False,8041,0.015632776533532414,70bd99d522139b6ddb0080491c75530afa2f96be6db113b6700b9510def26018,True,
benign (9),benign,/content/drive/MyDrive/BUSI-XAI/data/raw/benign/benign (9).png,/content/drive/MyDrive/BUSI-XAI/data/processed/images/benign/benign (9).png,/content/drive/MyDrive/BUSI-XAI/data/processed/masks/benign/benign (9)_mask.png,1,/content/drive/MyDrive/BUSI-XAI/data/raw/benign/benign (9)_mask.png,752,585,752,585,False,48785,0.11089516275686488,78296c46e4c5a7bbb161114b958fd31ba26eb5cad3ea6261917bd7b421e564d2,True,
benign (90),benign,/content/drive/MyDrive/BUSI-XAI/data/raw/benign/benign (90).png,/content/drive/MyDrive/BUSI-XAI/data/processed/images/benign/benign (90).png,/content/drive/MyDrive/BUSI-XAI/data/processed/masks/benign/benign (90)_mask.png,1,/content/drive/MyDrive/BUSI-XAI/data/raw/benign/benign (90)_mask.png,772,574,772,574,False,3287,0.00741772129046235,e91d54ba2d0fbe74b75e7295025647b40af2cf2686a48c8d25c3c836b78005e2,True,
benign (91),benign,/content/drive/MyDrive/BUSI-XAI/data/raw/benign/benign (91).png,/content/drive/MyDrive/BUSI-XAI/data/processed/images/benign/benign (91).png,/content/drive/MyDrive/BUSI-XAI/data/processed/masks/benign/benign (91)_mask.png,1,/content/drive/MyDrive/BUSI-XAI/data/raw/benign/benign (91)_mask.png,806,704,806,704,False,3430,0.006044862395668847,95a058133f8c10954543a1f4cd935bc536987a063dea086d5e71b84f92e01b88,True,
benign (92),benign,/content/drive/MyDrive/BUSI-XAI/data/raw/benign/benign (92).png,/content/drive/MyDrive/BUSI-XAI/data/processed/images/benign/benign (92).png,/content/drive/MyDrive/BUSI-XAI/data/processed/masks/benign/benign (92)_mask.png,2,/content/drive/MyDrive/BUSI-XAI/data/raw/benign/benign (92)_mask.png;/content/drive/MyDrive/BUSI-XAI/data/raw/benign/benign (92)_mask_1.png,763,612,763,612,False,29750,0.063710499490316,f0f031b1989e22a9053ef7a4f4d69a651297595c6679c6f10b62fd08d630f3bb,True,
benign (93),benign,/content/drive/MyDrive/BUSI-XAI/data/raw/benign/benign (93).png,/content/drive/MyDrive/BUSI-XAI/data/processed/images/benign/benign (93).png,/content/drive/MyDrive/BUSI-XAI/data/processed/masks/benign/benign (93)_mask.png,2,/content/drive/MyDrive/BUSI-XAI/data/raw/benign/benign (93)_mask.png;/content/drive/MyDrive/BUSI-XAI/data/raw/benign/benign (93)_mask_1.png,561,466,561,466,False,9830,0.03760146274662811,49f9694c01e11fd8466519502b9ba6672872536fade29a40790c018154b0c383,True,
benign (94),benign,/content/drive/MyDrive/BUSI-XAI/data/raw/benign/benign (94).png,/content/drive/MyDrive/BUSI-XAI/data/processed/images/benign/benign (94).png,/content/drive/MyDrive/BUSI-XAI/data/processed/masks/benign/benign (94)_mask.png,1,/content/drive/MyDrive/BUSI-XAI/data/raw/benign/benign (94)_mask.png,767,583,767,583,False,10379,0.02321087930298036,c26a1139e106f51268c47721970366c0fe018af533e1cc0d046454359ff28d24,True,
benign (95),benign,/content/drive/MyDrive/BUSI-XAI/data/raw/benign/benign (95).png,/content/drive/MyDrive/BUSI-XAI/data/processed/images/benign/benign (95).png,/content/drive/MyDrive/BUSI-XAI/data/processed/masks/benign/benign (95)_mask.png,1,/content/drive/MyDrive/BUSI-XAI/data/raw/benign/benign (95)_mask.png,558,470,558,470,False,3486,0.013292152825440403,e39fdcf94d275614a8817c26263ff8531089b8a7298c8b4fd27d27cfe5b54c32,True,
benign (96),benign,/content/drive/MyDrive/BUSI-XAI/data/raw/benign/benign (96).png,/content/drive/MyDrive/BUSI-XAI/data/processed/images/benign/benign (96).png,/content/drive/MyDrive/BUSI-XAI/data/processed/masks/benign/benign (96)_mask.png,1,/content/drive/MyDrive/BUSI-XAI/data/raw/benign/benign (96)_mask.png,767,574,767,574,False,60695,0.1378623443526296,ca0b3f57fc3b29f0717e27011c5d1f6e725fa1e3534d9145696f1f0bd8eb4336,True,
benign (97),benign,/content/drive/MyDrive/BUSI-XAI/data/raw/benign/benign (97).png,/content/drive/MyDrive/BUSI-XAI/data/processed/images/benign/benign (97).png,/content/drive/MyDrive/BUSI-XAI/data/processed/masks/benign/benign (97)_mask.png,1,/content/drive/MyDrive/BUSI-XAI/data/raw/benign/benign (97)_mask.png,592,470,592,470,False,48233,0.17335034502587693,b600df94e98e8eb5f6007379af68b65cd860ecb721934e3d7f8d4ea0243e1397,True,
benign (98),benign,/content/drive/MyDrive/BUSI-XAI/data/raw/benign/benign (98).png,/content/drive/MyDrive/BUSI-XAI/data/processed/images/benign/benign (98).png,/content/drive/MyDrive/BUSI-XAI/data/processed/masks/benign/benign (98)_mask.png,2,/content/drive/MyDrive/BUSI-XAI/data/raw/benign/benign (98)_mask.png;/content/drive/MyDrive/BUSI-XAI/data/raw/benign/benign (98)_mask_1.png,795,558,795,558,False,140672,0.31710736908545795,4374c02e3e00ac000f23028f3210b2c52ce7cdc77827e867d3c504a517befcc4,True,
benign (99),benign,/content/drive/MyDrive/BUSI-XAI/data/raw/benign/benign (99).png,/content/drive/MyDrive/BUSI-XAI/data/processed/images/benign/benign (99).png,/content/drive/MyDrive/BUSI-XAI/data/processed/masks/benign/benign (99)_mask.png,1,/content/drive/MyDrive/BUSI-XAI/data/raw/benign/benign (99)_mask.png,554,471,554,471,False,11116,0.042600810933032876,3d10582205607a772428743f4f8057eead6307a895852cdc1d461f9c23f050e1,True,
malignant (1),malignant,/content/drive/MyDrive/BUSI-XAI/data/raw/malignant/malignant (1).png,/content/drive/MyDrive/BUSI-XAI/data/processed/images/malignant/malignant (1).png,/content/drive/MyDrive/BUSI-XAI/data/processed/masks/malignant/malignant (1)_mask.png,1,/content/drive/MyDrive/BUSI-XAI/data/raw/malignant/malignant (1)_mask.png,449,598,449,598,False,90995,0.338898779152483,278fe7481bf190da2ffcfb27d52120b376f63cd660e33fe2b088900b1852e346,True,
malignant (10),malignant,/content/drive/MyDrive/BUSI-XAI/data/raw/malignant/malignant (10).png,/content/drive/MyDrive/BUSI-XAI/data/processed/images/malignant/malignant (10).png,/content/drive/MyDrive/BUSI-XAI/data/processed/masks/malignant/malignant (10)_mask.png,1,/content/drive/MyDrive/BUSI-XAI/data/raw/malignant/malignant (10)_mask.png,462,393,462,393,False,5469,0.030121278212881266,a04fe0f90a9c6405499864fc7cd3f9caa8619858d8772b6f0087c39456eef37f,True,
malignant (100),malignant,/content/drive/MyDrive/BUSI-XAI/data/raw/malignant/malignant (100).png,/content/drive/MyDrive/BUSI-XAI/data/processed/images/malignant/malignant (100).png,/content/drive/MyDrive/BUSI-XAI/data/processed/masks/malignant/malignant (100)_mask.png,1,/content/drive/MyDrive/BUSI-XAI/data/raw/malignant/malignant (100)_mask.png,557,476,557,476,False,15909,0.06000407344266252,64c3d90f45effae5d977734f865ab1aa6114936d986408180ecdd8591d3a5a93,True,
malignant (101),malignant,/content/drive/MyDrive/BUSI-XAI/data/raw/malignant/malignant (101).png,/content/drive/MyDrive/BUSI-XAI/data/processed/images/malignant/malignant (101).png,/content/drive/MyDrive/BUSI-XAI/data/processed/masks/malignant/malignant (101)_mask.png,1,/content/drive/MyDrive/BUSI-XAI/data/raw/malignant/malignant (101)_mask.png,883,559,883,559,False,68531,0.13883998484593707,6a681818f2d32bbaa6cd4b22800e5e9f0c0997107d6535f884dc9214a63bea00,True,
malignant (102),malignant,/content/drive/MyDrive/BUSI-XAI/data/raw/malignant/malignant (102).png,/content/drive/MyDrive/BUSI-XAI/data/processed/images/malignant/malignant (102).png,/content/drive/MyDrive/BUSI-XAI/data/processed/masks/malignant/malignant (102)_mask.png,1,/content/drive/MyDrive/BUSI-XAI/data/raw/malignant/malignant (102)_mask.png,916,551,916,551,False,63800,0.12640772236267525,c7ebee29585d21a58244b6aae42c2a9d3b0f6d0979aee3198cc418a455f70810,True,
malignant (103),malignant,/content/drive/MyDrive/BUSI-XAI/data/raw/malignant/malignant (103).png,/content/drive/MyDrive/BUSI-XAI/data/processed/images/malignant/malignant (103).png,/content/drive/MyDrive/BUSI-XAI/data/processed/masks/malignant/malignant (103)_mask.png,1,/content/drive/MyDrive/BUSI-XAI/data/raw/malignant/malignant (103)_mask.png,555,488,555,488,False,53424,0.19725299069561364,5de425d80c0183a267459ffda06ee20d011555d502172ec472136ee0fcd28cf8,True,
malignant (104),malignant,/content/drive/MyDrive/BUSI-XAI/data/raw/malignant/malignant (104).png,/content/drive/MyDrive/BUSI-XAI/data/processed/images/malignant/malignant (104).png,/content/drive/MyDrive/BUSI-XAI/data/processed/masks/malignant/malignant (104)_mask.png,1,/content/drive/MyDrive/BUSI-XAI/data/raw/malignant/malignant (104)_mask.png,554,494,554,494,False,47473,0.1734642423888101,e5926157fb81b4a678454d01547268a906a482a6ff727b68da1a36647e47e85d,True,
malignant (105),malignant,/content/drive/MyDrive/BUSI-XAI/data/raw/malignant/malignant (105).png,/content/drive/MyDrive/BUSI-XAI/data/processed/images/malignant/malignant (105).png,/content/drive/MyDrive/BUSI-XAI/data/processed/masks/malignant/malignant (105)_mask.png,1,/content/drive/MyDrive/BUSI-XAI/data/raw/malignant/malignant (105)_mask.png,577,450,577,450,False,7245,0.027902946273830154,6f0a3eeac25c41173a2fb59876550f459a83ef1d6be05fa9f7b3bae993ada2b6,True,
malignant (106),malignant,/content/drive/MyDrive/BUSI-XAI/data/raw/malignant/malignant (106).png,/content/drive/MyDrive/BUSI-XAI/data/processed/images/malignant/malignant (106).png,/content/drive/MyDrive/BUSI-XAI/data/processed/masks/malignant/malignant (106)_mask.png,1,/content/drive/MyDrive/BUSI-XAI/data/raw/malignant/malignant (106)_mask.png,667,458,667,458,False,21853,0.07153519310213889,987a8f1ebfa1b3189050e5dfcbb406f52e44cba05a6fde02465d81764aab2002,True,
malignant (107),malignant,/content/drive/MyDrive/BUSI-XAI/data/raw/malignant/malignant (107).png,/content/drive/MyDrive/BUSI-XAI/data/processed/images/malignant/malignant (107).png,/content/drive/MyDrive/BUSI-XAI/data/processed/masks/malignant/malignant (107)_mask.png,1,/content/drive/MyDrive/BUSI-XAI/data/raw/malignant/malignant (107)_mask.png,576,454,576,454,False,31747,0.12140158467939305,2d1d3a694e4f35ee9d3fe2d674c1d3cd14fde706e47185d7e99c1e868f3bed72,True,
malignant (108),malignant,/content/drive/MyDrive/BUSI-XAI/data/raw/malignant/malignant (108).png,/content/drive/MyDrive/BUSI-XAI/data/processed/images/malignant/malignant (108).png,/content/drive/MyDrive/BUSI-XAI/data/processed/masks/malignant/malignant (108)_mask.png,1,/content/drive/MyDrive/BUSI-XAI/data/raw/malignant/malignant (108)_mask.png,660,459,660,459,False,47983,0.1583911005479633,2b1d403f37f3720a0331dc7e823c45aeaac2fd7a7d831cb87d0aaf14288caec7,True,
malignant (109),malignant,/content/drive/MyDrive/BUSI-XAI/data/raw/malignant/malignant (109).png,/content/drive/MyDrive/BUSI-XAI/data/processed/images/malignant/malignant (109).png,/content/drive/MyDrive/BUSI-XAI/data/processed/masks/malignant/malignant (109)_mask.png,1,/content/drive/MyDrive/BUSI-XAI/data/raw/malignant/malignant (109)_mask.png,552,471,552,471,False,20068,0.07718699036893444,e121da3fdea6dd08983edb527eaf08897584dcf639c6130f44fca4b74237f001,True,
malignant (11),malignant,/content/drive/MyDrive/BUSI-XAI/data/raw/malignant/malignant (11).png,/content/drive/MyDrive/BUSI-XAI/data/processed/images/malignant/malignant (11).png,/content/drive/MyDrive/BUSI-XAI/data/processed/masks/malignant/malignant (11)_mask.png,1,/content/drive/MyDrive/BUSI-XAI/data/raw/malignant/malignant (11)_mask.png,471,393,471,393,False,11540,0.06234366811991162,6ced814172ddb5ec4f89abdff4fcd4756c8d40d945d174bf9ad4d58a5e9d2d1c,True,
malignant (110),malignant,/content/drive/MyDrive/BUSI-XAI/data/raw/malignant/malignant (110).png,/content/drive/MyDrive/BUSI-XAI/data/processed/images/malignant/malignant (110).png,/content/drive/MyDrive/BUSI-XAI/data/processed/masks/malignant/malignant (110)_mask.png,1,/content/drive/MyDrive/BUSI-XAI/data/raw/malignant/malignant (110)_mask.png,557,470,557,470,False,8899,0.03399289506856641,6175a507babfe30a794eb43d1ff7e1503e49a746ea9c6aa3850e8440b1132249,True,
malignant (111),malignant,/content/drive/MyDrive/BUSI-XAI/data/raw/malignant/malignant (111).png,/content/drive/MyDrive/BUSI-XAI/data/processed/images/malignant/malignant (111).png,/content/drive/MyDrive/BUSI-XAI/data/processed/masks/malignant/malignant (111)_mask.png,1,/content/drive/MyDrive/BUSI-XAI/data/raw/malignant/malignant (111)_mask.png,421,470,421,470,False,41870,0.21160357810683783,06971ff4096c206e480717a64f31776d86ca97b1660d9d637c05b6f865dd7a4c,True,
malignant (112),malignant,/content/drive/MyDrive/BUSI-XAI/data/raw/malignant/malignant (112).png,/content/drive/MyDrive/BUSI-XAI/data/processed/images/malignant/malignant (112).png,/content/drive/MyDrive/BUSI-XAI/data/processed/masks/malignant/malignant (112)_mask.png,1,/content/drive/MyDrive/BUSI-XAI/data/raw/malignant/malignant (112)_mask.png,549,471,549,471,False,5164,0.019970685941240393,b9576557a8dc4bdac4f77edaa9269027572cd4faf82753f1668bf4c1f814f91c,True,
malignant (113),malignant,/content/drive/MyDrive/BUSI-XAI/data/raw/malignant/malignant (113).png,/content/drive/MyDrive/BUSI-XAI/data/processed/images/malignant/malignant (113).png,/content/drive/MyDrive/BUSI-XAI/data/processed/masks/malignant/malignant (113)_mask.png,1,/content/drive/MyDrive/BUSI-XAI/data/raw/malignant/malignant (113)_mask.png,745,482,745,482,False,19181,0.053415578267286754,d834761844e1c96db8f646ce3a956d80855dc90ca52c1c27a480e5aeac7e8f58,True,
malignant (114),malignant,/content/drive/MyDrive/BUSI-XAI/data/raw/malignant/malignant (114).png,/content/drive/MyDrive/BUSI-XAI/data/processed/images/malignant/malignant (114).png,/content/drive/MyDrive/BUSI-XAI/data/processed/masks/malignant/malignant (114)_mask.png,1,/content/drive/MyDrive/BUSI-XAI/data/raw/malignant/malignant (114)_mask.png,340,439,340,439,False,27988,0.18751172450757067,c9bf36190c0d2470e4bed05e2a17dc4d6e9920c7102d93add7af4da60fcf1f0e,True,
malignant (115),malignant,/content/drive/MyDrive/BUSI-XAI/data/raw/malignant/malignant (115).png,/content/drive/MyDrive/BUSI-XAI/data/processed/images/malignant/malignant (115).png,/content/drive/MyDrive/BUSI-XAI/data/processed/masks/malignant/malignant (115)_mask.png,1,/content/drive/MyDrive/BUSI-XAI/data/raw/malignant/malignant (115)_mask.png,581,438,581,438,False,20719,0.08141764710505427,4fe36c7097c374349d572adcfc5582a8dd0fb249fb3e33860c1d1f3d7c8bdc5e,True,
malignant (116),malignant,/content/drive/MyDrive/BUSI-XAI/data/raw/malignant/malignant (116).png,/content/drive/MyDrive/BUSI-XAI/data/processed/images/malignant/malignant (116).png,/content/drive/MyDrive/BUSI-XAI/data/processed/masks/malignant/malignant (116)_mask.png,1,/content/drive/MyDrive/BUSI-XAI/data/raw/malignant/malignant (116)_mask.png,582,434,582,434,False,13582,0.05377135889274233,eef0c695122f4210a33e1f96c89c94911581f1ec4cb5d225dbdb952036e19e39,True,
malignant (117),malignant,/content/drive/MyDrive/BUSI-XAI/data/raw/malignant/malignant (117).png,/content/drive/MyDrive/BUSI-XAI/data/processed/images/malignant/malignant (117).png,/content/drive/MyDrive/BUSI-XAI/data/processed/masks/malignant/malignant (117)_mask.png,1,/content/drive/MyDrive/BUSI-XAI/data/raw/malignant/malignant (117)_mask.png,611,434,611,434,False,22461,0.08470287433911318,d27f610666ad9f1e0613b9eac770a63a492d490c9a459cd651a6e25088eeea7e,True,
malignant (118),malignant,/content/drive/MyDrive/BUSI-XAI/data/raw/malignant/malignant (118).png,/content/drive/MyDrive/BUSI-XAI/data/processed/images/malignant/malignant (118).png,/content/drive/MyDrive/BUSI-XAI/data/processed/masks/malignant/malignant (118)_mask.png,1,/content/drive/MyDrive/BUSI-XAI/data/raw/malignant/malignant (118)_mask.png,562,473,562,473,False,30867,0.11611730981920504,77440c7aca8ed37b0fd067178d48f81447a8d5efea2bfc995ea652a31529bdff,True,
malignant (119),malignant,/content/drive/MyDrive/BUSI-XAI/data/raw/malignant/malignant (119).png,/content/drive/MyDrive/BUSI-XAI/data/processed/images/malignant/malignant (119).png,/content/drive/MyDrive/BUSI-XAI/data/processed/masks/malignant/malignant (119)_mask.png,1,/content/drive/MyDrive/BUSI-XAI/data/raw/malignant/malignant (119)_mask.png,564,469,564,469,False,28930,0.10936956554612953,2c02e8807fe2fa5a7e6181dc027e97356548ea4fbfd053454d6143c9d5b04f8d,True,
malignant (12),malignant,/content/drive/MyDrive/BUSI-XAI/data/raw/malignant/malignant (12).png,/content/drive/MyDrive/BUSI-XAI/data/processed/images/malignant/malignant (12).png,/content/drive/MyDrive/BUSI-XAI/data/processed/masks/malignant/malignant (12)_mask.png,1,/content/drive/MyDrive/BUSI-XAI/data/raw/malignant/malignant (12)_mask.png,479,392,479,392,False,5299,0.028220996122875038,40c0cbc29b22b71803b79d414056333cac6278de05846146d5004fed21c8ffdd,True,
malignant (120),malignant,/content/drive/MyDrive/BUSI-XAI/data/raw/malignant/malignant (120).png,/content/drive/MyDrive/BUSI-XAI/data/processed/images/malignant/malignant (120).png,/content/drive/MyDrive/BUSI-XAI/data/processed/masks/malignant/malignant (120)_mask.png,1,/content/drive/MyDrive/BUSI-XAI/data/raw/malignant/malignant (120)_mask.png,564,470,564,470,False,45152,0.1703334842311755,a8f07359654ac200b3e55e4f4aa76a573f9b994dec156e084a24b20a87b7ae3b,True,
malignant (121),malignant,/content/drive/MyDrive/BUSI-XAI/data/raw/malignant/malignant (121).png,/content/drive/MyDrive/BUSI-XAI/data/processed/images/malignant/malignant (121).png,/content/drive/MyDrive/BUSI-XAI/data/processed/masks/malignant/malignant (121)_mask.png,1,/content/drive/MyDrive/BUSI-XAI/data/raw/malignant/malignant (121)_mask.png,562,476,562,476,False,3512,0.013128383025808188,fe85d9e46bc70431ea4336f6d38920367442cd4ffdba4ba2373278d3f7bccfea,True,
malignant (122),malignant,/content/drive/MyDrive/BUSI-XAI/data/raw/malignant/malignant (122).png,/content/drive/MyDrive/BUSI-XAI/data/processed/images/malignant/malignant (122).png,/content/drive/MyDrive/BUSI-XAI/data/processed/masks/malignant/malignant (122)_mask.png,1,/content/drive/MyDrive/BUSI-XAI/data/raw/malignant/malignant (122)_mask.png,554,467,554,467,False,50519,0.1952666609976886,877fd074ec0cebeb80e464faa1349123ebd6b88adfce38775d6a6aa6cd7a5964,True,
malignant (123),malignant,/content/drive/MyDrive/BUSI-XAI/data/raw/malignant/malignant (123).png,/content/drive/MyDrive/BUSI-XAI/data/processed/images/malignant/malignant (123).png,/content/drive/MyDrive/BUSI-XAI/data/processed/masks/malignant/malignant (123)_mask.png,1,/content/drive/MyDrive/BUSI-XAI/data/raw/malignant/malignant (123)_mask.png,321,483,321,483,False,30076,0.19398489451313505,20ba9058e2efb6d3d64bd6b6d05f3f2864f38ffef7fad85e0230d000ed1285bc,True,
malignant (124),malignant,/content/drive/MyDrive/BUSI-XAI/data/raw/malignant/malignant (124).png,/content/drive/MyDrive/BUSI-XAI/data/processed/images/malignant/malignant (124).png,/content/drive/MyDrive/BUSI-XAI/data/processed/masks/malignant/malignant (124)_mask.png,1,/content/drive/MyDrive/BUSI-XAI/data/raw/malignant/malignant (124)_mask.png,545,494,545,494,False,44941,0.16692419121197488,66786737319a0802f67fb6f25104830b5a33ccad61bc41fa6e833de0b619defe,True,
malignant (125),malignant,/content/drive/MyDrive/BUSI-XAI/data/raw/malignant/malignant (125).png,/content/drive/MyDrive/BUSI-XAI/data/processed/images/malignant/malignant (125).png,/content/drive/MyDrive/BUSI-XAI/data/processed/masks/malignant/malignant (125)_mask.png,1,/content/drive/MyDrive/BUSI-XAI/data/raw/malignant/malignant (125)_mask.png,557,465,557,465,False,13033,0.05031949190170074,5bd17d7423744c03f8b1052ef22264c2bcaa0b94529964a7aa83ad427aa70387,True,
malignant (126),malignant,/content/drive/MyDrive/BUSI-XAI/data/raw/malignant/malignant (126).png,/content/drive/MyDrive/BUSI-XAI/data/processed/images/malignant/malignant (126).png,/content/drive/MyDrive/BUSI-XAI/data/processed/masks/malignant/malignant (126)_mask.png,1,/content/drive/MyDrive/BUSI-XAI/data/raw/malignant/malignant (126)_mask.png,557,478,557,478,False,18584,0.06980010967300918,9fcdc04628658301fe4603f2c4756ed7cc29477f8318d5cbb1b116d0ee78a415,True,
malignant (127),malignant,/content/drive/MyDrive/BUSI-XAI/data/raw/malignant/malignant (127).png,/content/drive/MyDrive/BUSI-XAI/data/processed/images/malignant/malignant (127).png,/content/drive/MyDrive/BUSI-XAI/data/processed/masks/malignant/malignant (127)_mask.png,1,/content/drive/MyDrive/BUSI-XAI/data/raw/malignant/malignant (127)_mask.png,591,464,591,464,False,80644,0.29408075150242136,9f06091cfa51cdb7a8a75e30fd19536d7eb2ad1c51c5bcca0307d88155bc3427,True,
malignant (128),malignant,/content/drive/MyDrive/BUSI-XAI/data/raw/malignant/malignant (128).png,/content/drive/MyDrive/BUSI-XAI/data/processed/images/malignant/malignant (128).png,/content/drive/MyDrive/BUSI-XAI/data/processed/masks/malignant/malignant (128)_mask.png,1,/content/drive/MyDrive/BUSI-XAI/data/raw/malignant/malignant (128)_mask.png,625,468,625,468,False,105745,0.36152136752136754,b0eed393d49fde4b5981664c2956d6e6fd36f96c40c24d0e92bc7eb8ff77aeb7,True,
malignant (129),malignant,/content/drive/MyDrive/BUSI-XAI/data/raw/malignant/malignant (129).png,/content/drive/MyDrive/BUSI-XAI/data/processed/images/malignant/malignant (129).png,/content/drive/MyDrive/BUSI-XAI/data/processed/masks/malignant/malignant (129)_mask.png,1,/content/drive/MyDrive/BUSI-XAI/data/raw/malignant/malignant (129)_mask.png,569,458,569,458,False,103510,0.3971957237473235,eed48a7017a598036960e72033ad8326a2a6762b3cef168854e573bbd889d37d,True,
malignant (13),malignant,/content/drive/MyDrive/BUSI-XAI/data/raw/malignant/malignant (13).png,/content/drive/MyDrive/BUSI-XAI/data/processed/images/malignant/malignant (13).png,/content/drive/MyDrive/BUSI-XAI/data/processed/masks/malignant/malignant (13)_mask.png,1,/content/drive/MyDrive/BUSI-XAI/data/raw/malignant/malignant (13)_mask.png,468,393,468,393,False,15446,0.08398033970553055,991fdd0053f84a9e5e4651408aa830b0b5b77a0977454971a7f5c0506590f081,True,
malignant (130),malignant,/content/drive/MyDrive/BUSI-XAI/data/raw/malignant/malignant (130).png,/content/drive/MyDrive/BUSI-XAI/data/processed/images/malignant/malignant (130).png,/content/drive/MyDrive/BUSI-XAI/data/processed/masks/malignant/malignant (130)_mask.png,1,/content/drive/MyDrive/BUSI-XAI/data/raw/malignant/malignant (130)_mask.png,555,463,555,463,False,32239,0.12546066584943474,65deee4ebbb83bd6c80a7a6f8e45063940979e597a20eb3eff568c9eaa009f75,True,
malignant (131),malignant,/content/drive/MyDrive/BUSI-XAI/data/raw/malignant/malignant (131).png,/content/drive/MyDrive/BUSI-XAI/data/processed/images/malignant/malignant (131).png,/content/drive/MyDrive/BUSI-XAI/data/processed/masks/malignant/malignant (131)_mask.png,1,/content/drive/MyDrive/BUSI-XAI/data/raw/malignant/malignant (131)_mask.png,604,461,604,461,False,13678,0.04912298343652584,3b0434f680b628c47880d104da42a7adf930f809b2bc8c411c4730f00bed26f0,True,
malignant (132),malignant,/content/drive/MyDrive/BUSI-XAI/data/raw/malignant/malignant (132).png,/content/drive/MyDrive/BUSI-XAI/data/processed/images/malignant/malignant (132).png,/content/drive/MyDrive/BUSI-XAI/data/processed/masks/malignant/malignant (132)_mask.png,1,/content/drive/MyDrive/BUSI-XAI/data/raw/malignant/malignant (132)_mask.png,451,581,451,581,False,84795,0.3236067488197961,a293fbd054d49535aaa8af5e53926d2d23f7dccd0718451018a0e1d815731567,True,
malignant (133),malignant,/content/drive/MyDrive/BUSI-XAI/data/raw/malignant/malignant (133).png,/content/drive/MyDrive/BUSI-XAI/data/processed/images/malignant/malignant (133).png,/content/drive/MyDrive/BUSI-XAI/data/processed/masks/malignant/malignant (133)_mask.png,1,/content/drive/MyDrive/BUSI-XAI/data/raw/malignant/malignant (133)_mask.png,479,485,479,485,False,87550,0.376859006090868,8d5f099076dad704689aa4e3c5c18f8919c12a8720e5dca0c2bc7c08c4edb068,True,
malignant (134),malignant,/content/drive/MyDrive/BUSI-XAI/data/raw/malignant/malignant (134).png,/content/drive/MyDrive/BUSI-XAI/data/processed/images/malignant/malignant (134).png,/content/drive/MyDrive/BUSI-XAI/data/processed/masks/malignant/malignant (134)_mask.png,1,/content/drive/MyDrive/BUSI-XAI/data/raw/malignant/malignant (134)_mask.png,556,467,556,467,False,16162,0.06224485080030194,5f5b79e7f88ef0444c8ee2364f797ddd3ce7d95a6fc53ddff22502532d0b2775,True,
malignant (135),malignant,/content/drive/MyDrive/BUSI-XAI/data/raw/malignant/malignant (135).png,/content/drive/MyDrive/BUSI-XAI/data/processed/images/malignant/malignant (135).png,/content/drive/MyDrive/BUSI-XAI/data/processed/masks/malignant/malignant (135)_mask.png,1,/content/drive/MyDrive/BUSI-XAI/data/raw/malignant/malignant (135)_mask.png,933,571,933,571,False,38263,0.07182262366657094,0736a47eb124ee726a6424f58da56e630bea2b59a8f2617b9d9400c2961fdd86,True,
malignant (136),malignant,/content/drive/MyDrive/BUSI-XAI/data/raw/malignant/malignant (136).png,/content/drive/MyDrive/BUSI-XAI/data/processed/images/malignant/malignant (136).png,/content/drive/MyDrive/BUSI-XAI/data/processed/masks/malignant/malignant (136)_mask.png,1,/content/drive/MyDrive/BUSI-XAI/data/raw/malignant/malignant (136)_mask.png,190,335,190,335,False,4971,0.07809897879025923,5f74c98b0c3c53f86312a3ed2f1ca4d4786d9fab45cbdde60ab12b3f914c329a,True,
malignant (137),malignant,/content/drive/MyDrive/BUSI-XAI/data/raw/malignant/malignant (137).png,/content/drive/MyDrive/BUSI-XAI/data/processed/images/malignant/malignant (137).png,/content/drive/MyDrive/BUSI-XAI/data/processed/masks/malignant/malignant (137)_mask.png,1,/content/drive/MyDrive/BUSI-XAI/data/raw/malignant/malignant (137)_mask.png,233,339,233,339,False,34498,0.4367554154481117,cca3943f89ecd10221a2b7f8fa77495682cf10c9badb4c31358d8d4b9485a613,True,
malignant (138),malignant,/content/drive/MyDrive/BUSI-XAI/data/raw/malignant/malignant (138).png,/content/drive/MyDrive/BUSI-XAI/data/processed/images/malignant/malignant (138).png,/content/drive/MyDrive/BUSI-XAI/data/processed/masks/malignant/malignant (138)_mask.png,1,/content/drive/MyDrive/BUSI-XAI/data/raw/malignant/malignant (138)_mask.png,556,467,556,467,False,31109,0.11981036156085838,ac1259176048f00e92ea1ce32b18f04a9a160dec22759a7ab7beccdd522775b0,True,
malignant (139),malignant,/content/drive/MyDrive/BUSI-XAI/data/raw/malignant/malignant (139).png,/content/drive/MyDrive/BUSI-XAI/data/processed/images/malignant/malignant (139).png,/content/drive/MyDrive/BUSI-XAI/data/processed/masks/malignant/malignant (139)_mask.png,1,/content/drive/MyDrive/BUSI-XAI/data/raw/malignant/malignant (139)_mask.png,549,474,549,474,False,31649,0.12162120618231845,0b50beee4a0927e397ad4a1ea65095995dfd520dfe0dad30807dbb010b618003,True,
malignant (14),malignant,/content/drive/MyDrive/BUSI-XAI/data/raw/malignant/malignant (14).png,/content/drive/MyDrive/BUSI-XAI/data/processed/images/malignant/malignant (14).png,/content/drive/MyDrive/BUSI-XAI/data/processed/masks/malignant/malignant (14)_mask.png,1,/content/drive/MyDrive/BUSI-XAI/data/raw/malignant/malignant (14)_mask.png,273,398,273,398,False,17891,0.16466029782612698,7b8c250ca711dea86fd6b789c877e38c6eccdef57809f7853db5f9c798deed88,True,
malignant (140),malignant,/content/drive/MyDrive/BUSI-XAI/data/raw/malignant/malignant (140).png,/content/drive/MyDrive/BUSI-XAI/data/processed/images/malignant/malignant (140).png,/content/drive/MyDrive/BUSI-XAI/data/processed/masks/malignant/malignant (140)_mask.png,1,/content/drive/MyDrive/BUSI-XAI/data/raw/malignant/malignant (140)_mask.png,546,463,546,463,False,29390,0.11625883116163893,59c173eb84deb59d5c3f6cc4f9655fcd699cd02eaf4da48bb4201bc5c178a718,True,
malignant (141),malignant,/content/drive/MyDrive/BUSI-XAI/data/raw/malignant/malignant (141).png,/content/drive/MyDrive/BUSI-XAI/data/processed/images/malignant/malignant (141).png,/content/drive/MyDrive/BUSI-XAI/data/processed/masks/malignant/malignant (141)_mask.png,1,/content/drive/MyDrive/BUSI-XAI/data/raw/malignant/malignant (141)_mask.png,588,434,588,434,False,13438,0.052658390545158154,2a147db60bd4888362f4f78f40c5b6a999179cb08f57b6baf7ab7e07fae40b60,True,
malignant (142),malignant,/content/drive/MyDrive/BUSI-XAI/data/raw/malignant/malignant (142).png,/content/drive/MyDrive/BUSI-XAI/data/processed/images/malignant/malignant (142).png,/content/drive/MyDrive/BUSI-XAI/data/processed/masks/malignant/malignant (142)_mask.png,1,/content/drive/MyDrive/BUSI-XAI/data/raw/malignant/malignant (142)_mask.png,556,465,556,465,False,80699,0.31213351899125863,17cc941a9c00560cfed06413ecbd04ea56561e6994128ce188f1b63ec6dd58d1,True,
malignant (143),malignant,/content/drive/MyDrive/BUSI-XAI/data/raw/malignant/malignant (143).png,/content/drive/MyDrive/BUSI-XAI/data/processed/images/malignant/malignant (143).png,/content/drive/MyDrive/BUSI-XAI/data/processed/masks/malignant/malignant (143)_mask.png,1,/content/drive/MyDrive/BUSI-XAI/data/raw/malignant/malignant (143)_mask.png,562,467,562,467,False,12321,0.04694536947426978,01c552a05fcfc202b31da13aa8bf58aefc56eca1d94ec8ede245646e4ca01922,True,
malignant (144),malignant,/content/drive/MyDrive/BUSI-XAI/data/raw/malignant/malignant (144).png,/content/drive/MyDrive/BUSI-XAI/data/processed/images/malignant/malignant (144).png,/content/drive/MyDrive/BUSI-XAI/data/processed/masks/malignant/malignant (144)_mask.png,1,/content/drive/MyDrive/BUSI-XAI/data/raw/malignant/malignant (144)_mask.png,544,470,544,470,False,66146,0.2587061952440551,f1e5b846f163d6707d2b8fb3f837aeca0914cbb5410f8b43f56d210748efb6ed,True,
malignant (145),malignant,/content/drive/MyDrive/BUSI-XAI/data/raw/malignant/malignant (145).png,/content/drive/MyDrive/BUSI-XAI/data/processed/images/malignant/malignant (145).png,/content/drive/MyDrive/BUSI-XAI/data/processed/masks/malignant/malignant (145)_mask.png,1,/content/drive/MyDrive/BUSI-XAI/data/raw/malignant/malignant (145)_mask.png,550,462,550,462,False,4112,0.016182605273514363,058e7538fa53b2bd8b87500ff47721c84ec442dc964d9de21bb271a8651138a8,False,duplicate_image_conflicting_labels
malignant (146),malignant,/content/drive/MyDrive/BUSI-XAI/data/raw/malignant/malignant (146).png,/content/drive/MyDrive/BUSI-XAI/data/processed/images/malignant/malignant (146).png,/content/drive/MyDrive/BUSI-XAI/data/processed/masks/malignant/malignant (146)_mask.png,1,/content/drive/MyDrive/BUSI-XAI/data/raw/malignant/malignant (146)_mask.png,575,432,575,432,False,48281,0.19436795491143316,ee257ebb7727445332be548b38123c2219607e25d8ae84baf604892a0e4eb4c6,True,
malignant (147),malignant,/content/drive/MyDrive/BUSI-XAI/data/raw/malignant/malignant (147).png,/content/drive/MyDrive/BUSI-XAI/data/processed/images/malignant/malignant (147).png,/content/drive/MyDrive/BUSI-XAI/data/processed/masks/malignant/malignant (147)_mask.png,1,/content/drive/MyDrive/BUSI-XAI/data/raw/malignant/malignant (147)_mask.png,552,471,552,471,False,11899,0.045766792824394595,c73e4498f71f5b89994f7cda6a0c5a7a0a9cc35af4b5dfae41eea8836e2a194d,True,
malignant (148),malignant,/content/drive/MyDrive/BUSI-XAI/data/raw/malignant/malignant (148).png,/content/drive/MyDrive/BUSI-XAI/data/processed/images/malignant/malignant (148).png,/content/drive/MyDrive/BUSI-XAI/data/processed/masks/malignant/malignant (148)_mask.png,1,/content/drive/MyDrive/BUSI-XAI/data/raw/malignant/malignant (148)_mask.png,556,463,556,463,False,2856,0.011094364249421198,92e6b57d74173719646d1b0cec950db906725508a6026bbe6bf2694f0046c413,True,
malignant (149),malignant,/content/drive/MyDrive/BUSI-XAI/data/raw/malignant/malignant (149).png,/content/drive/MyDrive/BUSI-XAI/data/processed/images/malignant/malignant (149).png,/content/drive/MyDrive/BUSI-XAI/data/processed/masks/malignant/malignant (149)_mask.png,1,/content/drive/MyDrive/BUSI-XAI/data/raw/malignant/malignant (149)_mask.png,763,572,763,572,False,34306,0.07860488135717493,6e68cc80b87dc5105235f63b7024fa0d5f92081e794f91d34893b7d51c4fb46c,True,
malignant (15),malignant,/content/drive/MyDrive/BUSI-XAI/data/raw/malignant/malignant (15).png,/content/drive/MyDrive/BUSI-XAI/data/processed/images/malignant/malignant (15).png,/content/drive/MyDrive/BUSI-XAI/data/processed/masks/malignant/malignant (15)_mask.png,1,/content/drive/MyDrive/BUSI-XAI/data/raw/malignant/malignant (15)_mask.png,361,398,361,398,False,37600,0.26169629309984827,d396fd284162eb14590ec83abf1a32e68bc9b8f784e3d1052e41eff8644f43af,True,
malignant (150),malignant,/content/drive/MyDrive/BUSI-XAI/data/raw/malignant/malignant (150).png,/content/drive/MyDrive/BUSI-XAI/data/processed/images/malignant/malignant (150).png,/content/drive/MyDrive/BUSI-XAI/data/processed/masks/malignant/malignant (150)_mask.png,1,/content/drive/MyDrive/BUSI-XAI/data/raw/malignant/malignant (150)_mask.png,557,463,557,463,False,102194,0.39626819082480585,df61a30e0bafc538078473e99366d8fe625d500a850c59d8c9693be10fe0cb7b,True,
malignant (151),malignant,/content/drive/MyDrive/BUSI-XAI/data/raw/malignant/malignant (151).png,/content/drive/MyDrive/BUSI-XAI/data/processed/images/malignant/malignant (151).png,/content/drive/MyDrive/BUSI-XAI/data/processed/masks/malignant/malignant (151)_mask.png,1,/content/drive/MyDrive/BUSI-XAI/data/raw/malignant/malignant (151)_mask.png,513,467,513,467,False,43830,0.18295202674781172,d3b1a74683753e934ed5613968371008323bb40cdcddc7e3dadf13a4f33a5a13,True,
malignant (152),malignant,/content/drive/MyDrive/BUSI-XAI/data/raw/malignant/malignant (152).png,/content/drive/MyDrive/BUSI-XAI/data/processed/images/malignant/malignant (152).png,/content/drive/MyDrive/BUSI-XAI/data/processed/masks/malignant/malignant (152)_mask.png,1,/content/drive/MyDrive/BUSI-XAI/data/raw/malignant/malignant (152)_mask.png,776,574,776,574,False,96180,0.21592909228061352,bafc2e577c06c3e86cbc220e9a4d01832a79abedc6c0d13c1e2a836e60cd5395,True,
malignant (153),malignant,/content/drive/MyDrive/BUSI-XAI/data/raw/malignant/malignant (153).png,/content/drive/MyDrive/BUSI-XAI/data/processed/images/malignant/malignant (153).png,/content/drive/MyDrive/BUSI-XAI/data/processed/masks/malignant/malignant (153)_mask.png,1,/content/drive/MyDrive/BUSI-XAI/data/raw/malignant/malignant (153)_mask.png,650,603,650,603,False,138357,0.3529965556831228,64f3151ff313a19894d18b3feac5b49c06c25387fbcbef51187ba601a2355707,True,
malignant (154),malignant,/content/drive/MyDrive/BUSI-XAI/data/raw/malignant/malignant (154).png,/content/drive/MyDrive/BUSI-XAI/data/processed/images/malignant/malignant (154).png,/content/drive/MyDrive/BUSI-XAI/data/processed/masks/malignant/malignant (154)_mask.png,1,/content/drive/MyDrive/BUSI-XAI/data/raw/malignant/malignant (154)_mask.png,556,464,556,464,False,58054,0.22502945919126768,e6151c254d956133e18a52ee9000578a18b8080570893fb2008524e95a420585,True,
malignant (155),malignant,/content/drive/MyDrive/BUSI-XAI/data/raw/malignant/malignant (155).png,/content/drive/MyDrive/BUSI-XAI/data/processed/images/malignant/malignant (155).png,/content/drive/MyDrive/BUSI-XAI/data/processed/masks/malignant/malignant (155)_mask.png,1,/content/drive/MyDrive/BUSI-XAI/data/raw/malignant/malignant (155)_mask.png,551,487,551,487,False,38117,0.14204899063491058,75442df41aec7c7a2aecdab885117ba44370b729446dbfd425c1c96e19bcafd3,True,
malignant (156),malignant,/content/drive/MyDrive/BUSI-XAI/data/raw/malignant/malignant (156).png,/content/drive/MyDrive/BUSI-XAI/data/processed/images/malignant/malignant (156).png,/content/drive/MyDrive/BUSI-XAI/data/processed/masks/malignant/malignant (156)_mask.png,1,/content/drive/MyDrive/BUSI-XAI/data/raw/malignant/malignant (156)_mask.png,562,457,562,457,False,108947,0.4241922798383392,3e0884bb4e3ce6df0825018b756aff7f77631f0852bfc48076cf2c614fae6dac,True,
malignant (157),malignant,/content/drive/MyDrive/BUSI-XAI/data/raw/malignant/malignant (157).png,/content/drive/MyDrive/BUSI-XAI/data/processed/images/malignant/malignant (157).png,/content/drive/MyDrive/BUSI-XAI/data/processed/masks/malignant/malignant (157)_mask.png,1,/content/drive/MyDrive/BUSI-XAI/data/raw/malignant/malignant (157)_mask.png,564,471,564,471,False,5265,0.019819758774901747,57ceeeddfa2d07890e24f1cba9689886d2c2dcd46798a251f46342f7a856df6b,True,
malignant (158),malignant,/content/drive/MyDrive/BUSI-XAI/data/raw/malignant/malignant (158).png,/content/drive/MyDrive/BUSI-XAI/data/processed/images/malignant/malignant (158).png,/content/drive/MyDrive/BUSI-XAI/data/processed/masks/malignant/malignant (158)_mask.png,1,/content/drive/MyDrive/BUSI-XAI/data/raw/malignant/malignant (158)_mask.png,313,444,313,444,False,34631,0.24919408226117493,28e34bb7b4d0ea9fe0833e4ba62e212145158edc0c07c6f764dd8b024252477f,True,
malignant (159),malignant,/content/drive/MyDrive/BUSI-XAI/data/raw/malignant/malignant (159).png,/content/drive/MyDrive/BUSI-XAI/data/processed/images/malignant/malignant (159).png,/content/drive/MyDrive/BUSI-XAI/data/processed/masks/malignant/malignant (159)_mask.png,1,/content/drive/MyDrive/BUSI-XAI/data/raw/malignant/malignant (159)_mask.png,556,482,556,482,False,57045,0.2128608316666169,76eb2464b721d4aa50149a9aa26e2efe4fb991de6fa0c6cdb5e97b2fad2be32b,True,
malignant (16),malignant,/content/drive/MyDrive/BUSI-XAI/data/raw/malignant/malignant (16).png,/content/drive/MyDrive/BUSI-XAI/data/processed/images/malignant/malignant (16).png,/content/drive/MyDrive/BUSI-XAI/data/processed/masks/malignant/malignant (16)_mask.png,1,/content/drive/MyDrive/BUSI-XAI/data/raw/malignant/malignant (16)_mask.png,511,472,511,472,False,48943,0.20292132409035127,daadc9f5904895a217f1474daade2c4522d62d3de45683d460c07a0c5fb6015c,True,
malignant (160),malignant,/content/drive/MyDrive/BUSI-XAI/data/raw/malignant/malignant (160).png,/content/drive/MyDrive/BUSI-XAI/data/processed/images/malignant/malignant (160).png,/content/drive/MyDrive/BUSI-XAI/data/processed/masks/malignant/malignant (160)_mask.png,1,/content/drive/MyDrive/BUSI-XAI/data/raw/malignant/malignant (160)_mask.png,626,587,626,587,False,76548,0.20831541764862763,f383418c42eec495e1bcb0ebfbf20d210742bc3321ee7536b6a692b2c78fbe02,True,
malignant (161),malignant,/content/drive/MyDrive/BUSI-XAI/data/raw/malignant/malignant (161).png,/content/drive/MyDrive/BUSI-XAI/data/processed/images/malignant/malignant (161).png,/content/drive/MyDrive/BUSI-XAI/data/processed/masks/malignant/malignant (161)_mask.png,1,/content/drive/MyDrive/BUSI-XAI/data/raw/malignant/malignant (161)_mask.png,694,576,694,576,False,95915,0.23994106227985912,468cfabd042a7414628b836862a2eef23d7898927a960c4c2b11a08349fc2a00,True,
malignant (162),malignant,/content/drive/MyDrive/BUSI-XAI/data/raw/malignant/malignant (162).png,/content/drive/MyDrive/BUSI-XAI/data/processed/images/malignant/malignant (162).png,/content/drive/MyDrive/BUSI-XAI/data/processed/masks/malignant/malignant (162)_mask.png,1,/content/drive/MyDrive/BUSI-XAI/data/raw/malignant/malignant (162)_mask.png,620,587,620,587,False,137556,0.37796340056053196,a2bd01ebba4504c260666fb8d9e0ee6f4bc184849079cb7901ebf4f82757555f,True,
malignant (163),malignant,/content/drive/MyDrive/BUSI-XAI/data/raw/malignant/malignant (163).png,/content/drive/MyDrive/BUSI-XAI/data/processed/images/malignant/malignant (163).png,/content/drive/MyDrive/BUSI-XAI/data/processed/masks/malignant/malignant (163)_mask.png,1,/content/drive/MyDrive/BUSI-XAI/data/raw/malignant/malignant (163)_mask.png,643,570,643,570,False,167411,0.4567706201740744,7e9308afaaad1b6fa59e5ea45c7383e63a191a5ea3e30507691e4451c3f19f5a,True,
malignant (164),malignant,/content/drive/MyDrive/BUSI-XAI/data/raw/malignant/malignant (164).png,/content/drive/MyDrive/BUSI-XAI/data/processed/images/malignant/malignant (164).png,/content/drive/MyDrive/BUSI-XAI/data/processed/masks/malignant/malignant (164)_mask.png,1,/content/drive/MyDrive/BUSI-XAI/data/raw/malignant/malignant (164)_mask.png,551,473,551,473,False,146711,0.5629242238789363,07bd2c0b8d577b29ba347c960adade79c08d7e485f28485d96cae7766eaf818d,True,
malignant (165),malignant,/content/drive/MyDrive/BUSI-XAI/data/raw/malignant/malignant (165).png,/content/drive/MyDrive/BUSI-XAI/data/processed/images/malignant/malignant (165).png,/content/drive/MyDrive/BUSI-XAI/data/processed/masks/malignant/malignant (165)_mask.png,1,/content/drive/MyDrive/BUSI-XAI/data/raw/malignant/malignant (165)_mask.png,505,332,505,332,False,70769,0.4220982941667661,305860eef1c4a9b3388d71a06394ce037514644b4bd6d3996ecc05cc50676e8b,True,
malignant (166),malignant,/content/drive/MyDrive/BUSI-XAI/data/raw/malignant/malignant (166).png,/content/drive/MyDrive/BUSI-XAI/data/processed/images/malignant/malignant (166).png,/content/drive/MyDrive/BUSI-XAI/data/processed/masks/malignant/malignant (166)_mask.png,1,/content/drive/MyDrive/BUSI-XAI/data/raw/malignant/malignant (166)_mask.png,555,488,555,488,False,9614,0.035496972382218286,30b210eb474a7c87ceab9db0d0d9a8ac256321a97397e04d3eae9b936b63b9ce,True,
malignant (167),malignant,/content/drive/MyDrive/BUSI-XAI/data/raw/malignant/malignant (167).png,/content/drive/MyDrive/BUSI-XAI/data/processed/images/malignant/malignant (167).png,/content/drive/MyDrive/BUSI-XAI/data/processed/masks/malignant/malignant (167)_mask.png,1,/content/drive/MyDrive/BUSI-XAI/data/raw/malignant/malignant (167)_mask.png,563,459,563,459,False,57587,0.22284524624927926,f1422e9c69d54de8e07ac7aca853752ca8bcbdce2c99952edc485f0f57e48ac8,True,
malignant (168),malignant,/content/drive/MyDrive/BUSI-XAI/data/raw/malignant/malignant (168).png,/content/drive/MyDrive/BUSI-XAI/data/processed/images/malignant/malignant (168).png,/content/drive/MyDrive/BUSI-XAI/data/processed/masks/malignant/malignant (168)_mask.png,1,/content/drive/MyDrive/BUSI-XAI/data/raw/malignant/malignant (168)_mask.png,557,469,557,469,False,50109,0.19181726657811227,578fa7cf105ccf55e8e88b2acffa6a7643b1507d751b7747d9799e3483994eda,True,
malignant (169),malignant,/content/drive/MyDrive/BUSI-XAI/data/raw/malignant/malignant (169).png,/content/drive/MyDrive/BUSI-XAI/data/processed/images/malignant/malignant (169).png,/content/drive/MyDrive/BUSI-XAI/data/processed/masks/malignant/malignant (169)_mask.png,1,/content/drive/MyDrive/BUSI-XAI/data/raw/malignant/malignant (169)_mask.png,557,463,557,463,False,1305,0.005060277404019527,a99017f23def8a1c165fad14ee7ad8b3e7229cfa90bafbb920dbb632b8959e16,True,
malignant (17),malignant,/content/drive/MyDrive/BUSI-XAI/data/raw/malignant/malignant (17).png,/content/drive/MyDrive/BUSI-XAI/data/processed/images/malignant/malignant (17).png,/content/drive/MyDrive/BUSI-XAI/data/processed/masks/malignant/malignant (17)_mask.png,1,/content/drive/MyDrive/BUSI-XAI/data/raw/malignant/malignant (17)_mask.png,765,590,765,590,False,35657,0.0790007754514235,110d7fdab47a7db6cc42b3c30165c364dbc966c18856d8a8e382376fe6317344,True,
malignant (170),malignant,/content/drive/MyDrive/BUSI-XAI/data/raw/malignant/malignant (170).png,/content/drive/MyDrive/BUSI-XAI/data/processed/images/malignant/malignant (170).png,/content/drive/MyDrive/BUSI-XAI/data/processed/masks/malignant/malignant (170)_mask.png,1,/content/drive/MyDrive/BUSI-XAI/data/raw/malignant/malignant (170)_mask.png,556,463,556,463,False,82118,0.318994048821418,1f805a71792975ee5b6cda5b2430f10ff68ebd043b5eb7c5fb26e245a88bfe61,True,
malignant (171),malignant,/content/drive/MyDrive/BUSI-XAI/data/raw/malignant/malignant (171).png,/content/drive/MyDrive/BUSI-XAI/data/processed/images/malignant/malignant (171).png,/content/drive/MyDrive/BUSI-XAI/data/processed/masks/malignant/malignant (171)_mask.png,1,/content/drive/MyDrive/BUSI-XAI/data/raw/malignant/malignant (171)_mask.png,624,589,624,589,False,33432,0.09096251795742458,da024eded8e3c42291a0852093e8906b5e563462caa4b509cf19d7a5f018cd46,True,
malignant (172),malignant,/content/drive/MyDrive/BUSI-XAI/data/raw/malignant/malignant (172).png,/content/drive/MyDrive/BUSI-XAI/data/processed/images/malignant/malignant (172).png,/content/drive/MyDrive/BUSI-XAI/data/processed/masks/malignant/malignant (172)_mask.png,1,/content/drive/MyDrive/BUSI-XAI/data/raw/malignant/malignant (172)_mask.png,602,469,602,469,False,18664,0.06610516473163372,5763dc2b0fce113783379f428b8ef9246531b5d21c17bd2eed18b3d33bcb2e46,True,
malignant (173),malignant,/content/drive/MyDrive/BUSI-XAI/data/raw/malignant/malignant (173).png,/content/drive/MyDrive/BUSI-XAI/data/processed/images/malignant/malignant (173).png,/content/drive/MyDrive/BUSI-XAI/data/processed/masks/malignant/malignant (173)_mask.png,1,/content/drive/MyDrive/BUSI-XAI/data/raw/malignant/malignant (173)_mask.png,573,451,573,451,False,14986,0.057990194371244044,b200b93a5c2b0f8d8ddc92e7a6b04c951dc19f31466930c81bb9cd2ee31b8bc1,True,
malignant (174),malignant,/content/drive/MyDrive/BUSI-XAI/data/raw/malignant/malignant (174).png,/content/drive/MyDrive/BUSI-XAI/data/processed/images/malignant/malignant (174).png,/content/drive/MyDrive/BUSI-XAI/data/processed/masks/malignant/malignant (174)_mask.png,1,/content/drive/MyDrive/BUSI-XAI/data/raw/malignant/malignant (174)_mask.png,633,581,633,581,False,29579,0.08042732881424139,122b9acf074c5a63bd6e308603a928f6b70cee4fe4e3a6f233748a2a194ee430,True,
malignant (175),malignant,/content/drive/MyDrive/BUSI-XAI/data/raw/malignant/malignant (175).png,/content/drive/MyDrive/BUSI-XAI/data/processed/images/malignant/malignant (175).png,/content/drive/MyDrive/BUSI-XAI/data/processed/masks/malignant/malignant (175)_mask.png,1,/content/drive/MyDrive/BUSI-XAI/data/raw/malignant/malignant (175)_mask.png,564,470,564,470,False,56917,0.21471631205673758,6bcd72fca18bed21fad3dd9e5cd1ee43d2925ac6c27eeb87cb6767a44e2c6a92,True,
malignant (176),malignant,/content/drive/MyDrive/BUSI-XAI/data/raw/malignant/malignant (176).png,/content/drive/MyDrive/BUSI-XAI/data/processed/images/malignant/malignant (176).png,/content/drive/MyDrive/BUSI-XAI/data/processed/masks/malignant/malignant (176)_mask.png,1,/content/drive/MyDrive/BUSI-XAI/data/raw/malignant/malignant (176)_mask.png,640,594,640,594,False,40621,0.10685237794612795,b81a3afc5fc7aee582320ebad1ea54821ca931b09e8d69024e2c68ed4dae8c96,True,
malignant (177),malignant,/content/drive/MyDrive/BUSI-XAI/data/raw/malignant/malignant (177).png,/content/drive/MyDrive/BUSI-XAI/data/processed/images/malignant/malignant (177).png,/content/drive/MyDrive/BUSI-XAI/data/processed/masks/malignant/malignant (177)_mask.png,1,/content/drive/MyDrive/BUSI-XAI/data/raw/malignant/malignant (177)_mask.png,613,581,613,581,False,17348,0.04870940298130298,660adf9aa4aa111e17ca962181f7e564846b79e3e7754b69f5eab18f8b212492,True,
malignant (178),malignant,/content/drive/MyDrive/BUSI-XAI/data/raw/malignant/malignant (178).png,/content/drive/MyDrive/BUSI-XAI/data/processed/images/malignant/malignant (178).png,/content/drive/MyDrive/BUSI-XAI/data/processed/masks/malignant/malignant (178)_mask.png,1,/content/drive/MyDrive/BUSI-XAI/data/raw/malignant/malignant (178)_mask.png,562,467,562,467,False,23054,0.08784015484618257,44193b44ac03fd36b5404b9ca930ab03e27503057aed696ca989ba4e7010a12a,True,
malignant (179),malignant,/content/drive/MyDrive/BUSI-XAI/data/raw/malignant/malignant (179).png,/content/drive/MyDrive/BUSI-XAI/data/processed/images/malignant/malignant (179).png,/content/drive/MyDrive/BUSI-XAI/data/processed/masks/malignant/malignant (179)_mask.png,1,/content/drive/MyDrive/BUSI-XAI/data/raw/malignant/malignant (179)_mask.png,432,476,432,476,False,26254,0.1276746809835045,1710726133e5ecdd310e6cd9acf9c59bb4bbd1d0aa7cbd5e2f4275be9bcb7abd,True,
malignant (18),malignant,/content/drive/MyDrive/BUSI-XAI/data/raw/malignant/malignant (18).png,/content/drive/MyDrive/BUSI-XAI/data/processed/images/malignant/malignant (18).png,/content/drive/MyDrive/BUSI-XAI/data/processed/masks/malignant/malignant (18)_mask.png,1,/content/drive/MyDrive/BUSI-XAI/data/raw/malignant/malignant (18)_mask.png,579,437,579,437,False,19204,0.07589823850005731,69e1ad0397c2541530354184626d05faf8f816e81c572747a280ac4cf6d82fec,True,
malignant (180),malignant,/content/drive/MyDrive/BUSI-XAI/data/raw/malignant/malignant (180).png,/content/drive/MyDrive/BUSI-XAI/data/processed/images/malignant/malignant (180).png,/content/drive/MyDrive/BUSI-XAI/data/processed/masks/malignant/malignant (180)_mask.png,1,/content/drive/MyDrive/BUSI-XAI/data/raw/malignant/malignant (180)_mask.png,562,461,562,461,False,27730,0.10703175056545804,ef24faceea9b1fafb31ac96fd247c2c0ad477a64cb9db9959cb3d3fa656530c0,True,
malignant (181),malignant,/content/drive/MyDrive/BUSI-XAI/data/raw/malignant/malignant (181).png,/content/drive/MyDrive/BUSI-XAI/data/processed/images/malignant/malignant (181).png,/content/drive/MyDrive/BUSI-XAI/data/processed/masks/malignant/malignant (181)_mask.png,1,/content/drive/MyDrive/BUSI-XAI/data/raw/malignant/malignant (181)_mask.png,497,488,497,488,False,11063,0.045613847016525384,b1dcad00489d3a6f4ac5e15e4477fecd9522db008aa4300ce2e976c39abae5fb,True,
malignant (182),malignant,/content/drive/MyDrive/BUSI-XAI/data/raw/malignant/malignant (182).png,/content/drive/MyDrive/BUSI-XAI/data/processed/images/malignant/malignant (182).png,/content/drive/MyDrive/BUSI-XAI/data/processed/masks/malignant/malignant (182)_mask.png,1,/content/drive/MyDrive/BUSI-XAI/data/raw/malignant/malignant (182)_mask.png,689,583,689,583,False,84653,0.2107436884937775,ca3a29c0a0d8817e45e5f7115ba87eef8a10628483b3149a81c875a8da2b01d6,True,
malignant (183),malignant,/content/drive/MyDrive/BUSI-XAI/data/raw/malignant/malignant (183).png,/content/drive/MyDrive/BUSI-XAI/data/processed/images/malignant/malignant (183).png,/content/drive/MyDrive/BUSI-XAI/data/processed/masks/malignant/malignant (183)_mask.png,1,/content/drive/MyDrive/BUSI-XAI/data/raw/malignant/malignant (183)_mask.png,557,457,557,457,False,54718,0.2149605773348157,308f5235e1967aadd6f1a3d48ba8d8ed7170a1f00f2367a4a4c980674e0956b1,True,
malignant (184),malignant,/content/drive/MyDrive/BUSI-XAI/data/raw/malignant/malignant (184).png,/content/drive/MyDrive/BUSI-XAI/data/processed/images/malignant/malignant (184).png,/content/drive/MyDrive/BUSI-XAI/data/processed/masks/malignant/malignant (184)_mask.png,1,/content/drive/MyDrive/BUSI-XAI/data/raw/malignant/malignant (184)_mask.png,552,492,552,492,False,36927,0.13596898197242843,e29c9087c87795b71333e736bcc36005fe379cb6fc48acf62d7b2d920888896e,True,
malignant (185),malignant,/content/drive/MyDrive/BUSI-XAI/data/raw/malignant/malignant (185).png,/content/drive/MyDrive/BUSI-XAI/data/processed/images/malignant/malignant (185).png,/content/drive/MyDrive/BUSI-XAI/data/processed/masks/malignant/malignant (185)_mask.png,1,/content/drive/MyDrive/BUSI-XAI/data/raw/malignant/malignant (185)_mask.png,694,582,694,582,False,67775,0.16779811244144707,a2459abd152ea8d441b657869eb65565709802cc6477a452992061e29c5fefea,True,
malignant (186),malignant,/content/drive/MyDrive/BUSI-XAI/data/raw/malignant/malignant (186).png,/content/drive/MyDrive/BUSI-XAI/data/processed/images/malignant/malignant (186).png,/content/drive/MyDrive/BUSI-XAI/data/processed/masks/malignant/malignant (186)_mask.png,1,/content/drive/MyDrive/BUSI-XAI/data/raw/malignant/malignant (186)_mask.png,566,506,566,506,False,88940,0.31054903001438566,6501cf00b00d16adc8622cfb025c9cdbd8766326469687e29efc16ad875dae2a,True,
malignant (187),malignant,/content/drive/MyDrive/BUSI-XAI/data/raw/malignant/malignant (187).png,/content/drive/MyDrive/BUSI-XAI/data/processed/images/malignant/malignant (187).png,/content/drive/MyDrive/BUSI-XAI/data/processed/masks/malignant/malignant (187)_mask.png,1,/content/drive/MyDrive/BUSI-XAI/data/raw/malignant/malignant (187)_mask.png,765,585,765,585,False,54503,0.12178760963074689,24566b56ba64b4cd346438d4c5992bf26a4e706835ce1d60663f1e2aba8f1bad,True,
malignant (188),malignant,/content/drive/MyDrive/BUSI-XAI/data/raw/malignant/malignant (188).png,/content/drive/MyDrive/BUSI-XAI/data/processed/images/malignant/malignant (188).png,/content/drive/MyDrive/BUSI-XAI/data/processed/masks/malignant/malignant (188)_mask.png,1,/content/drive/MyDrive/BUSI-XAI/data/raw/malignant/malignant (188)_mask.png,724,473,724,473,False,45445,0.1327047294219336,40dddacb07c72c04e0b086d35bcbf5b526a18c9fc6e8bfe375d3760f986b9cf0,True,
malignant (189),malignant,/content/drive/MyDrive/BUSI-XAI/data/raw/malignant/malignant (189).png,/content/drive/MyDrive/BUSI-XAI/data/processed/images/malignant/malignant (189).png,/content/drive/MyDrive/BUSI-XAI/data/processed/masks/malignant/malignant (189)_mask.png,1,/content/drive/MyDrive/BUSI-XAI/data/raw/malignant/malignant (189)_mask.png,433,400,433,400,False,2832,0.016351039260969976,3e76182d9925357bd47bbd1c55d326ec411be1b924f9e21605a5c1b3b0116aee,True,
malignant (19),malignant,/content/drive/MyDrive/BUSI-XAI/data/raw/malignant/malignant (19).png,/content/drive/MyDrive/BUSI-XAI/data/processed/images/malignant/malignant (19).png,/content/drive/MyDrive/BUSI-XAI/data/processed/masks/malignant/malignant (19)_mask.png,1,/content/drive/MyDrive/BUSI-XAI/data/raw/malignant/malignant (19)_mask.png,554,459,554,459,False,46355,0.1822947389946753,1ad7d7636fe172c626ccf939dd3f8a82586c977e799e90402fdf5bfcabbe673d,True,
malignant (190),malignant,/content/drive/MyDrive/BUSI-XAI/data/raw/malignant/malignant (190).png,/content/drive/MyDrive/BUSI-XAI/data/processed/images/malignant/malignant (190).png,/content/drive/MyDrive/BUSI-XAI/data/processed/masks/malignant/malignant (190)_mask.png,1,/content/drive/MyDrive/BUSI-XAI/data/raw/malignant/malignant (190)_mask.png,576,427,576,427,False,22523,0.09157477881863128,5b1975d50560db2eb101dcf7fce8619c9fd4c2602f3d3652c8f460c086bfa0a4,True,
malignant (191),malignant,/content/drive/MyDrive/BUSI-XAI/data/raw/malignant/malignant (191).png,/content/drive/MyDrive/BUSI-XAI/data/processed/images/malignant/malignant (191).png,/content/drive/MyDrive/BUSI-XAI/data/processed/masks/malignant/malignant (191)_mask.png,1,/content/drive/MyDrive/BUSI-XAI/data/raw/malignant/malignant (191)_mask.png,673,471,673,471,False,12415,0.03916613824716152,04bbc8e4a4fe3f59ba75e40f369440144d2b60d328b5a2fa727efc3e66821934,True,
malignant (192),malignant,/content/drive/MyDrive/BUSI-XAI/data/raw/malignant/malignant (192).png,/content/drive/MyDrive/BUSI-XAI/data/processed/images/malignant/malignant (192).png,/content/drive/MyDrive/BUSI-XAI/data/processed/masks/malignant/malignant (192)_mask.png,1,/content/drive/MyDrive/BUSI-XAI/data/raw/malignant/malignant (192)_mask.png,556,488,556,488,False,5806,0.021398455006486614,c215971016646d9b521770d5dcb209fca2afa654fd9d41122b0a17d4d94a946c,True,
malignant (193),malignant,/content/drive/MyDrive/BUSI-XAI/data/raw/malignant/malignant (193).png,/content/drive/MyDrive/BUSI-XAI/data/processed/images/malignant/malignant (193).png,/content/drive/MyDrive/BUSI-XAI/data/processed/masks/malignant/malignant (193)_mask.png,1,/content/drive/MyDrive/BUSI-XAI/data/raw/malignant/malignant (193)_mask.png,781,574,781,574,False,16310,0.03638237406701852,efda233af7afaf0ad4264dc78b4de94cc074ac86fb661a5eb19898834b9d33a8,True,
malignant (194),malignant,/content/drive/MyDrive/BUSI-XAI/data/raw/malignant/malignant (194).png,/content/drive/MyDrive/BUSI-XAI/data/processed/images/malignant/malignant (194).png,/content/drive/MyDrive/BUSI-XAI/data/processed/masks/malignant/malignant (194)_mask.png,1,/content/drive/MyDrive/BUSI-XAI/data/raw/malignant/malignant (194)_mask.png,923,555,923,555,False,66499,0.12981367065874108,d4da4afeed5921f4164ff7037e586e06eda7869a92d2a8a190efea42363b5619,True,
malignant (195),malignant,/content/drive/MyDrive/BUSI-XAI/data/raw/malignant/malignant (195).png,/content/drive/MyDrive/BUSI-XAI/data/processed/images/malignant/malignant (195).png,/content/drive/MyDrive/BUSI-XAI/data/processed/masks/malignant/malignant (195)_mask.png,1,/content/drive/MyDrive/BUSI-XAI/data/raw/malignant/malignant (195)_mask.png,555,475,555,475,False,46680,0.1770697012802276,d91da657d129d5205cf152e7c7195c45af8d198a0c97d2f1bf8348df4df08160,True,
malignant (196),malignant,/content/drive/MyDrive/BUSI-XAI/data/raw/malignant/malignant (196).png,/content/drive/MyDrive/BUSI-XAI/data/processed/images/malignant/malignant (196).png,/content/drive/MyDrive/BUSI-XAI/data/processed/masks/malignant/malignant (196)_mask.png,1,/content/drive/MyDrive/BUSI-XAI/data/raw/malignant/malignant (196)_mask.png,557,465,557,465,False,26542,0.10247678616242929,7224a71cc3a0da98b7957a5ca6fc4707bf9a97414eb961b811be580cf4d418e3,True,
malignant (197),malignant,/content/drive/MyDrive/BUSI-XAI/data/raw/malignant/malignant (197).png,/content/drive/MyDrive/BUSI-XAI/data/processed/images/malignant/malignant (197).png,/content/drive/MyDrive/BUSI-XAI/data/processed/masks/malignant/malignant (197)_mask.png,1,/content/drive/MyDrive/BUSI-XAI/data/raw/malignant/malignant (197)_mask.png,552,484,552,484,False,29061,0.10877425440172475,93ad8b7c48f8d9c27ecdd840784ede932585872d94bafc550007bf5f27e12a07,True,
malignant (198),malignant,/content/drive/MyDrive/BUSI-XAI/data/raw/malignant/malignant (198).png,/content/drive/MyDrive/BUSI-XAI/data/processed/images/malignant/malignant (198).png,/content/drive/MyDrive/BUSI-XAI/data/processed/masks/malignant/malignant (198)_mask.png,1,/content/drive/MyDrive/BUSI-XAI/data/raw/malignant/malignant (198)_mask.png,616,677,616,677,False,33439,0.08018329528669263,31b6fe0c9909b8491c117a0f2f58160df0d6b2980e15b3a44a8e5f095935bfa2,True,
malignant (199),malignant,/content/drive/MyDrive/BUSI-XAI/data/raw/malignant/malignant (199).png,/content/drive/MyDrive/BUSI-XAI/data/processed/images/malignant/malignant (199).png,/content/drive/MyDrive/BUSI-XAI/data/processed/masks/malignant/malignant (199)_mask.png,1,/content/drive/MyDrive/BUSI-XAI/data/raw/malignant/malignant (199)_mask.png,504,473,504,473,False,15851,0.06649132521225544,3fb4612257fe0a35bc4fc13e23051b28f7cfa122a808ff87deca7f946fd4205d,True,
malignant (2),malignant,/content/drive/MyDrive/BUSI-XAI/data/raw/malignant/malignant (2).png,/content/drive/MyDrive/BUSI-XAI/data/processed/images/malignant/malignant (2).png,/content/drive/MyDrive/BUSI-XAI/data/processed/masks/malignant/malignant (2)_mask.png,1,/content/drive/MyDrive/BUSI-XAI/data/raw/malignant/malignant (2)_mask.png,548,495,548,495,False,92533,0.34112290791122907,4decf6277f7447dd6f8771e2edca9eed2b1cf5174b92ad521974fa98be35085d,True,
malignant (20),malignant,/content/drive/MyDrive/BUSI-XAI/data/raw/malignant/malignant (20).png,/content/drive/MyDrive/BUSI-XAI/data/processed/images/malignant/malignant (20).png,/content/drive/MyDrive/BUSI-XAI/data/processed/masks/malignant/malignant (20)_mask.png,1,/content/drive/MyDrive/BUSI-XAI/data/raw/malignant/malignant (20)_mask.png,558,475,558,475,False,51359,0.1937709866063007,fc6c0f08eaee7bb8167497c92742b055bf961b3b6b4cb78979158f9b7a9879b3,True,
malignant (200),malignant,/content/drive/MyDrive/BUSI-XAI/data/raw/malignant/malignant (200).png,/content/drive/MyDrive/BUSI-XAI/data/processed/images/malignant/malignant (200).png,/content/drive/MyDrive/BUSI-XAI/data/processed/masks/malignant/malignant (200)_mask.png,1,/content/drive/MyDrive/BUSI-XAI/data/raw/malignant/malignant (200)_mask.png,438,463,438,463,False,12666,0.06245746915589219,fde271d16a1477ad865b120bdf850c949a10996ccaa0bb0d472a269e88820d53,True,
malignant (201),malignant,/content/drive/MyDrive/BUSI-XAI/data/raw/malignant/malignant (201).png,/content/drive/MyDrive/BUSI-XAI/data/processed/images/malignant/malignant (201).png,/content/drive/MyDrive/BUSI-XAI/data/processed/masks/malignant/malignant (201)_mask.png,1,/content/drive/MyDrive/BUSI-XAI/data/raw/malignant/malignant (201)_mask.png,678,576,678,576,False,78455,0.20089468616846937,5bd120bcd65b51a37c6c416990a0a7f93a2110267482e1969b7b6b019638db52,True,
malignant (202),malignant,/content/drive/MyDrive/BUSI-XAI/data/raw/malignant/malignant (202).png,/content/drive/MyDrive/BUSI-XAI/data/processed/images/malignant/malignant (202).png,/content/drive/MyDrive/BUSI-XAI/data/processed/masks/malignant/malignant (202)_mask.png,1,/content/drive/MyDrive/BUSI-XAI/data/raw/malignant/malignant (202)_mask.png,550,491,550,491,False,36664,0.1357674504721348,5c9feb09e84e612352a08889067ca1605e5b8e52b1d7137fc67646211cc56c87,True,
malignant (203),malignant,/content/drive/MyDrive/BUSI-XAI/data/raw/malignant/malignant (203).png,/content/drive/MyDrive/BUSI-XAI/data/processed/images/malignant/malignant (203).png,/content/drive/MyDrive/BUSI-XAI/data/processed/masks/malignant/malignant (203)_mask.png,1,/content/drive/MyDrive/BUSI-XAI/data/raw/malignant/malignant (203)_mask.png,577,411,577,411,False,53353,0.22497859977144977,91c94dfd63d3f244200c10805b2c339eb66fded2c15bec8255d5bf539ed68485,True,
malignant (204),malignant,/content/drive/MyDrive/BUSI-XAI/data/raw/malignant/malignant (204).png,/content/drive/MyDrive/BUSI-XAI/data/processed/images/malignant/malignant (204).png,/content/drive/MyDrive/BUSI-XAI/data/processed/masks/malignant/malignant (204)_mask.png,1,/content/drive/MyDrive/BUSI-XAI/data/raw/malignant/malignant (204)_mask.png,875,585,875,585,False,47346,0.09249523809523809,3ef5fd522f754be8eaac43832d34b80b883124b83917b0d7b7d03664ec3a1122,True,
malignant (205),malignant,/content/drive/MyDrive/BUSI-XAI/data/raw/malignant/malignant (205).png,/content/drive/MyDrive/BUSI-XAI/data/processed/images/malignant/malignant (205).png,/content/drive/MyDrive/BUSI-XAI/data/processed/masks/malignant/malignant (205)_mask.png,1,/content/drive/MyDrive/BUSI-XAI/data/raw/malignant/malignant (205)_mask.png,510,470,510,470,False,87721,0.3659616186900292,241ccf5dbc5b80951dcce81450ff8f3d030c33ceb801155432ac4b4d3a5d12aa,True,
malignant (206),malignant,/content/drive/MyDrive/BUSI-XAI/data/raw/malignant/malignant (206).png,/content/drive/MyDrive/BUSI-XAI/data/processed/images/malignant/malignant (206).png,/content/drive/MyDrive/BUSI-XAI/data/processed/masks/malignant/malignant (206)_mask.png,1,/content/drive/MyDrive/BUSI-XAI/data/raw/malignant/malignant (206)_mask.png,792,571,792,571,False,145206,0.32108740646393885,827c34874e81aec87bf58b6c53a85db26666eea2c319c82cb4cd2bf593faf7ae,True,
malignant (207),malignant,/content/drive/MyDrive/BUSI-XAI/data/raw/malignant/malignant (207).png,/content/drive/MyDrive/BUSI-XAI/data/processed/images/malignant/malignant (207).png,/content/drive/MyDrive/BUSI-XAI/data/processed/masks/malignant/malignant (207)_mask.png,1,/content/drive/MyDrive/BUSI-XAI/data/raw/malignant/malignant (207)_mask.png,557,458,557,458,False,28227,0.11064812274113506,20d79aff44c6e65794d5e3b635a2f652af8d96a960aed54a44feee98fd408ae0,True,
malignant (208),malignant,/content/drive/MyDrive/BUSI-XAI/data/raw/malignant/malignant (208).png,/content/drive/MyDrive/BUSI-XAI/data/processed/images/malignant/malignant (208).png,/content/drive/MyDrive/BUSI-XAI/data/processed/masks/malignant/malignant (208)_mask.png,1,/content/drive/MyDrive/BUSI-XAI/data/raw/malignant/malignant (208)_mask.png,617,664,617,664,False,145369,0.35482855245943257,572b04b24730bfbd30efddf90a454009759356b3024f3fb3621cb1f6e2b80693,True,
malignant (209),malignant,/content/drive/MyDrive/BUSI-XAI/data/raw/malignant/malignant (209).png,/content/drive/MyDrive/BUSI-XAI/data/processed/images/malignant/malignant (209).png,/content/drive/MyDrive/BUSI-XAI/data/processed/masks/malignant/malignant (209)_mask.png,1,/content/drive/MyDrive/BUSI-XAI/data/raw/malignant/malignant (209)_mask.png,508,471,508,471,False,5025,0.021001554741962986,d271b1ff5f3240582ba50ed316a0b2faaf520eb1120c954c5625e0d4f2736769,True,
malignant (21),malignant,/content/drive/MyDrive/BUSI-XAI/data/raw/malignant/malignant (21).png,/content/drive/MyDrive/BUSI-XAI/data/processed/images/malignant/malignant (21).png,/content/drive/MyDrive/BUSI-XAI/data/processed/masks/malignant/malignant (21)_mask.png,1,/content/drive/MyDrive/BUSI-XAI/data/raw/malignant/malignant (21)_mask.png,601,367,601,367,False,43594,0.19764515997406684,98065d9890691ea398cde3c4e3798d370fc6efdb2ffecfa5e692e1c293305845,True,
malignant (210),malignant,/content/drive/MyDrive/BUSI-XAI/data/raw/malignant/malignant (210).png,/content/drive/MyDrive/BUSI-XAI/data/processed/images/malignant/malignant (210).png,/content/drive/MyDrive/BUSI-XAI/data/processed/masks/malignant/malignant (210)_mask.png,1,/content/drive/MyDrive/BUSI-XAI/data/raw/malignant/malignant (210)_mask.png,775,587,775,587,False,100618,0.22117491894268285,fcee6253c4d9d04a893f46ba8a5107027d94e6ee0b27c5569904df22995fd0c7,True,
malignant (22),malignant,/content/drive/MyDrive/BUSI-XAI/data/raw/malignant/malignant (22).png,/content/drive/MyDrive/BUSI-XAI/data/processed/images/malignant/malignant (22).png,/content/drive/MyDrive/BUSI-XAI/data/processed/masks/malignant/malignant (22)_mask.png,1,/content/drive/MyDrive/BUSI-XAI/data/raw/malignant/malignant (22)_mask.png,570,474,570,474,False,41476,0.15351247316603744,4dead9ee872c6663cb63a5cb19866738888b8bec32de4a8be833bcc805c51ef0,True,
malignant (23),malignant,/content/drive/MyDrive/BUSI-XAI/data/raw/malignant/malignant (23).png,/content/drive/MyDrive/BUSI-XAI/data/processed/images/malignant/malignant (23).png,/content/drive/MyDrive/BUSI-XAI/data/processed/masks/malignant/malignant (23)_mask.png,1,/content/drive/MyDrive/BUSI-XAI/data/raw/malignant/malignant (23)_mask.png,569,468,569,468,False,87195,0.32744130503357216,10e7a1832c5132fd62841a730910cab21915c75c6f3a01efecdb5f9bf597b751,True,
malignant (24),malignant,/content/drive/MyDrive/BUSI-XAI/data/raw/malignant/malignant (24).png,/content/drive/MyDrive/BUSI-XAI/data/processed/images/malignant/malignant (24).png,/content/drive/MyDrive/BUSI-XAI/data/processed/masks/malignant/malignant (24)_mask.png,1,/content/drive/MyDrive/BUSI-XAI/data/raw/malignant/malignant (24)_mask.png,564,462,564,462,False,55605,0.21339918946301925,730f5351f7b59ecc07ebe90fca330fe65aef6ec5aaa56a1de1544fbfff564aea,True,
malignant (25),malignant,/content/drive/MyDrive/BUSI-XAI/data/raw/malignant/malignant (25).png,/content/drive/MyDrive/BUSI-XAI/data/processed/images/malignant/malignant (25).png,/content/drive/MyDrive/BUSI-XAI/data/processed/masks/malignant/malignant (25)_mask.png,1,/content/drive/MyDrive/BUSI-XAI/data/raw/malignant/malignant (25)_mask.png,563,470,563,470,False,82133,0.31039265333887606,878f70344eaf2bb7c1a577969615fe26b1f951a2bd578868774e5836a632cb42,True,
malignant (26),malignant,/content/drive/MyDrive/BUSI-XAI/data/raw/malignant/malignant (26).png,/content/drive/MyDrive/BUSI-XAI/data/processed/images/malignant/malignant (26).png,/content/drive/MyDrive/BUSI-XAI/data/processed/masks/malignant/malignant (26)_mask.png,1,/content/drive/MyDrive/BUSI-XAI/data/raw/malignant/malignant (26)_mask.png,564,469,564,469,False,12900,0.0487683164723495,8848e850555785ae089ddf88d194ac6385c48788f62a83953837477a85f91628,True,
malignant (27),malignant,/content/drive/MyDrive/BUSI-XAI/data/raw/malignant/malignant (27).png,/content/drive/MyDrive/BUSI-XAI/data/processed/images/malignant/malignant (27).png,/content/drive/MyDrive/BUSI-XAI/data/processed/masks/malignant/malignant (27)_mask.png,1,/content/drive/MyDrive/BUSI-XAI/data/raw/malignant/malignant (27)_mask.png,567,475,567,475,False,7527,0.027947646895015315,396fd4ebaa391d03c2c0bc0074d27bec98c50afc0d5d756e841066a14b6f8110,True,
malignant (28),malignant,/content/drive/MyDrive/BUSI-XAI/data/raw/malignant/malignant (28).png,/content/drive/MyDrive/BUSI-XAI/data/processed/images/malignant/malignant (28).png,/content/drive/MyDrive/BUSI-XAI/data/processed/masks/malignant/malignant (28)_mask.png,1,/content/drive/MyDrive/BUSI-XAI/data/raw/malignant/malignant (28)_mask.png,562,470,562,470,False,8802,0.03332323767698948,a97368084193cf3eeab6e574fbbd87b29384f53723807e322692f993c297a8a4,True,
malignant (29),malignant,/content/drive/MyDrive/BUSI-XAI/data/raw/malignant/malignant (29).png,/content/drive/MyDrive/BUSI-XAI/data/processed/images/malignant/malignant (29).png,/content/drive/MyDrive/BUSI-XAI/data/processed/masks/malignant/malignant (29)_mask.png,1,/content/drive/MyDrive/BUSI-XAI/data/raw/malignant/malignant (29)_mask.png,567,470,567,470,False,46325,0.17383391496866674,4bcb7f282753891124ac86bd9e0da1098523b858edb325e05360441671b7d0d1,True,
malignant (3),malignant,/content/drive/MyDrive/BUSI-XAI/data/raw/malignant/malignant (3).png,/content/drive/MyDrive/BUSI-XAI/data/processed/images/malignant/malignant (3).png,/content/drive/MyDrive/BUSI-XAI/data/processed/masks/malignant/malignant (3)_mask.png,1,/content/drive/MyDrive/BUSI-XAI/data/raw/malignant/malignant (3)_mask.png,425,475,425,475,False,12192,0.060393808049535605,3489fd297564622b3f2d0301017d092dd03e4722caff26f03847df6d5dc2ce86,True,
malignant (30),malignant,/content/drive/MyDrive/BUSI-XAI/data/raw/malignant/malignant (30).png,/content/drive/MyDrive/BUSI-XAI/data/processed/images/malignant/malignant (30).png,/content/drive/MyDrive/BUSI-XAI/data/processed/masks/malignant/malignant (30)_mask.png,1,/content/drive/MyDrive/BUSI-XAI/data/raw/malignant/malignant (30)_mask.png,573,468,573,468,False,70413,0.26257439477334765,19d0f48392ff0ce077dc73ef9fc6047c733495dcd3c6e8a09f3616c855bac01d,True,
malignant (31),malignant,/content/drive/MyDrive/BUSI-XAI/data/raw/malignant/malignant (31).png,/content/drive/MyDrive/BUSI-XAI/data/processed/images/malignant/malignant (31).png,/content/drive/MyDrive/BUSI-XAI/data/processed/masks/malignant/malignant (31)_mask.png,1,/content/drive/MyDrive/BUSI-XAI/data/raw/malignant/malignant (31)_mask.png,723,509,723,509,False,141193,0.38366933237682976,7dec7a0355187bcc135a955ad1837173a9b0073b11efcf4377d7732dcb37d191,True,
malignant (32),malignant,/content/drive/MyDrive/BUSI-XAI/data/raw/malignant/malignant (32).png,/content/drive/MyDrive/BUSI-XAI/data/processed/images/malignant/malignant (32).png,/content/drive/MyDrive/BUSI-XAI/data/processed/masks/malignant/malignant (32)_mask.png,1,/content/drive/MyDrive/BUSI-XAI/data/raw/malignant/malignant (32)_mask.png,557,492,557,492,False,43141,0.1574236254032199,068b4c17a89d4fbf54b58443e6c41056df974be75d4999aa0c5a569f6aba42c5,True,
malignant (33),malignant,/content/drive/MyDrive/BUSI-XAI/data/raw/malignant/malignant (33).png,/content/drive/MyDrive/BUSI-XAI/data/processed/images/malignant/malignant (33).png,/content/drive/MyDrive/BUSI-XAI/data/processed/masks/malignant/malignant (33)_mask.png,1,/content/drive/MyDrive/BUSI-XAI/data/raw/malignant/malignant (33)_mask.png,557,496,557,496,False,60717,0.21977254300110036,9541c42d356adf07cde187b7a487ba45671fcbaba37eb735db2eba5d911c9430,True,
malignant (34),malignant,/content/drive/MyDrive/BUSI-XAI/data/raw/malignant/malignant (34).png,/content/drive/MyDrive/BUSI-XAI/data/processed/images/malignant/malignant (34).png,/content/drive/MyDrive/BUSI-XAI/data/processed/masks/malignant/malignant (34)_mask.png,1,/content/drive/MyDrive/BUSI-XAI/data/raw/malignant/malignant (34)_mask.png,620,589,620,589,False,13849,0.03792376362341859,94d33f13e28d13f75d03c55a93eb77b27ee132acc7321223b87da97c3b888fdd,True,
malignant (35),malignant,/content/drive/MyDrive/BUSI-XAI/data/raw/malignant/malignant (35).png,/content/drive/MyDrive/BUSI-XAI/data/processed/images/malignant/malignant (35).png,/content/drive/MyDrive/BUSI-XAI/data/processed/masks/malignant/malignant (35)_mask.png,1,/content/drive/MyDrive/BUSI-XAI/data/raw/malignant/malignant (35)_mask.png,592,387,592,387,False,40212,0.17551854179761156,ad3cee55cf00ef13e00e11f5f8d0b07528aa53f862f146f45fdf388b099bcc25,True,
malignant (36),malignant,/content/drive/MyDrive/BUSI-XAI/data/raw/malignant/malignant (36).png,/content/drive/MyDrive/BUSI-XAI/data/processed/images/malignant/malignant (36).png,/content/drive/MyDrive/BUSI-XAI/data/processed/masks/malignant/malignant (36)_mask.png,1,/content/drive/MyDrive/BUSI-XAI/data/raw/malignant/malignant (36)_mask.png,623,494,623,494,False,30470,0.09900507535043312,2902fa9f9c5d5053d56778578b83be46b765e4445940ed5bd8b7d3c2047e31b8,True,
malignant (37),malignant,/content/drive/MyDrive/BUSI-XAI/data/raw/malignant/malignant (37).png,/content/drive/MyDrive/BUSI-XAI/data/processed/images/malignant/malignant (37).png,/content/drive/MyDrive/BUSI-XAI/data/processed/masks/malignant/malignant (37)_mask.png,1,/content/drive/MyDrive/BUSI-XAI/data/raw/malignant/malignant (37)_mask.png,626,490,626,490,False,65826,0.2145986829236487,115b1c795217ffb7ef1df54c9a7814573bdd8f12f94be9183d5df480db326c96,True,
malignant (38),malignant,/content/drive/MyDrive/BUSI-XAI/data/raw/malignant/malignant (38).png,/content/drive/MyDrive/BUSI-XAI/data/processed/images/malignant/malignant (38).png,/content/drive/MyDrive/BUSI-XAI/data/processed/masks/malignant/malignant (38)_mask.png,1,/content/drive/MyDrive/BUSI-XAI/data/raw/malignant/malignant (38)_mask.png,1048,578,1048,578,False,20934,0.03455915370189387,125b86683b3e81694acad39dda7807d077bf4cd9e3f8b6abeeb3c81b154676a2,True,
malignant (39),malignant,/content/drive/MyDrive/BUSI-XAI/data/raw/malignant/malignant (39).png,/content/drive/MyDrive/BUSI-XAI/data/processed/images/malignant/malignant (39).png,/content/drive/MyDrive/BUSI-XAI/data/processed/masks/malignant/malignant (39)_mask.png,1,/content/drive/MyDrive/BUSI-XAI/data/raw/malignant/malignant (39)_mask.png,564,469,564,469,False,33347,0.12606798832584795,baa0e30a3d75d6f4f67b13190fb79057e92bc9db9076fd759bf94ee334d2a278,True,
malignant (4),malignant,/content/drive/MyDrive/BUSI-XAI/data/raw/malignant/malignant (4).png,/content/drive/MyDrive/BUSI-XAI/data/processed/images/malignant/malignant (4).png,/content/drive/MyDrive/BUSI-XAI/data/processed/masks/malignant/malignant (4)_mask.png,1,/content/drive/MyDrive/BUSI-XAI/data/raw/malignant/malignant (4)_mask.png,432,473,432,473,False,13990,0.06846566439589695,8f10d11fd42985bb789693908b2eed3515538f8eeb4b109eab34377d49ff5c91,True,
malignant (40),malignant,/content/drive/MyDrive/BUSI-XAI/data/raw/malignant/malignant (40).png,/content/drive/MyDrive/BUSI-XAI/data/processed/images/malignant/malignant (40).png,/content/drive/MyDrive/BUSI-XAI/data/processed/masks/malignant/malignant (40)_mask.png,1,/content/drive/MyDrive/BUSI-XAI/data/raw/malignant/malignant (40)_mask.png,548,461,548,461,False,27952,0.11064490080276138,e06b3c394a18d173190d7eddbf248104f35a821bd0a8320a055f288cd163c17d,True,
malignant (41),malignant,/content/drive/MyDrive/BUSI-XAI/data/raw/malignant/malignant (41).png,/content/drive/MyDrive/BUSI-XAI/data/processed/images/malignant/malignant (41).png,/content/drive/MyDrive/BUSI-XAI/data/processed/masks/malignant/malignant (41)_mask.png,1,/content/drive/MyDrive/BUSI-XAI/data/raw/malignant/malignant (41)_mask.png,580,476,580,476,False,25281,0.09157128368588816,5af30b4c8dbf7b627eae66afe55f79025e72b76af80f5a8855e7bcaa5798da18,True,
malignant (42),malignant,/content/drive/MyDrive/BUSI-XAI/data/raw/malignant/malignant (42).png,/content/drive/MyDrive/BUSI-XAI/data/processed/images/malignant/malignant (42).png,/content/drive/MyDrive/BUSI-XAI/data/processed/masks/malignant/malignant (42)_mask.png,1,/content/drive/MyDrive/BUSI-XAI/data/raw/malignant/malignant (42)_mask.png,578,439,578,439,False,30381,0.11973185361508934,def92549b2928af133ed41c7685b6b44f862ea9377bf08413e272770299b8e37,True,
malignant (43),malignant,/content/drive/MyDrive/BUSI-XAI/data/raw/malignant/malignant (43).png,/content/drive/MyDrive/BUSI-XAI/data/processed/images/malignant/malignant (43).png,/content/drive/MyDrive/BUSI-XAI/data/processed/masks/malignant/malignant (43)_mask.png,1,/content/drive/MyDrive/BUSI-XAI/data/raw/malignant/malignant (43)_mask.png,543,571,543,571,False,85234,0.27490138782724244,7725b8e587c0203f397cfef98cd3c9c927d29c432a6e42ee4cd8e63afc216589,True,
malignant (44),malignant,/content/drive/MyDrive/BUSI-XAI/data/raw/malignant/malignant (44).png,/content/drive/MyDrive/BUSI-XAI/data/processed/images/malignant/malignant (44).png,/content/drive/MyDrive/BUSI-XAI/data/processed/masks/malignant/malignant (44)_mask.png,1,/content/drive/MyDrive/BUSI-XAI/data/raw/malignant/malignant (44)_mask.png,765,580,765,580,False,13556,0.030552174892945684,d62a1ff69dbf3c65bde11cb2c67b3d4b613b301e54d33b7e2d72531d4d1b37d4,True,
malignant (45),malignant,/content/drive/MyDrive/BUSI-XAI/data/raw/malignant/malignant (45).png,/content/drive/MyDrive/BUSI-XAI/data/processed/images/malignant/malignant (45).png,/content/drive/MyDrive/BUSI-XAI/data/processed/masks/malignant/malignant (45)_mask.png,1,/content/drive/MyDrive/BUSI-XAI/data/raw/malignant/malignant (45)_mask.png,781,592,781,592,False,80381,0.1738523895214036,03ea54bcd6661d30d173afe5b46bff1aa42ff46d05b2af541b45e36b71d3353f,True,
malignant (46),malignant,/content/drive/MyDrive/BUSI-XAI/data/raw/malignant/malignant (46).png,/content/drive/MyDrive/BUSI-XAI/data/processed/images/malignant/malignant (46).png,/content/drive/MyDrive/BUSI-XAI/data/processed/masks/malignant/malignant (46)_mask.png,1,/content/drive/MyDrive/BUSI-XAI/data/raw/malignant/malignant (46)_mask.png,785,571,785,571,False,24723,0.055156335404419554,68e6b6996b0c3565eff8237655e9005f2419a8ce55b1aef4d6488d1cc3f0f502,True,
malignant (47),malignant,/content/drive/MyDrive/BUSI-XAI/data/raw/malignant/malignant (47).png,/content/drive/MyDrive/BUSI-XAI/data/processed/images/malignant/malignant (47).png,/content/drive/MyDrive/BUSI-XAI/data/processed/masks/malignant/malignant (47)_mask.png,1,/content/drive/MyDrive/BUSI-XAI/data/raw/malignant/malignant (47)_mask.png,562,471,562,471,False,53149,0.20078805600259914,97832a21743c554e5f88d72bd81112ea5274fff79901e420dc8ca8192ebc420b,True,
malignant (48),malignant,/content/drive/MyDrive/BUSI-XAI/data/raw/malignant/malignant (48).png,/content/drive/MyDrive/BUSI-XAI/data/processed/images/malignant/malignant (48).png,/content/drive/MyDrive/BUSI-XAI/data/processed/masks/malignant/malignant (48)_mask.png,1,/content/drive/MyDrive/BUSI-XAI/data/raw/malignant/malignant (48)_mask.png,552,493,552,493,False,12628,0.04640326895375842,204f8b384bc126c0fa55ad739a668b8bcb69cf934c95fced3af66722d7e19716,True,
malignant (49),malignant,/content/drive/MyDrive/BUSI-XAI/data/raw/malignant/malignant (49).png,/content/drive/MyDrive/BUSI-XAI/data/processed/images/malignant/malignant (49).png,/content/drive/MyDrive/BUSI-XAI/data/processed/masks/malignant/malignant (49)_mask.png,1,/content/drive/MyDrive/BUSI-XAI/data/raw/malignant/malignant (49)_mask.png,622,491,622,491,False,18352,0.06009128951349369,d9f630ab59e7d18ca9e84aa0e3b32005618a50f7e516122edfdbd40926486815,True,
malignant (5),malignant,/content/drive/MyDrive/BUSI-XAI/data/raw/malignant/malignant (5).png,/content/drive/MyDrive/BUSI-XAI/data/processed/images/malignant/malignant (5).png,/content/drive/MyDrive/BUSI-XAI/data/processed/masks/malignant/malignant (5)_mask.png,1,/content/drive/MyDrive/BUSI-XAI/data/raw/malignant/malignant (5)_mask.png,431,476,431,476,False,11825,0.05763906490670514,cf9efce60a9639e9f6482f0dd722baaf88df5625597a4607e23b0b949c5743c7,True,
malignant (50),malignant,/content/drive/MyDrive/BUSI-XAI/data/raw/malignant/malignant (50).png,/content/drive/MyDrive/BUSI-XAI/data/processed/images/malignant/malignant (50).png,/content/drive/MyDrive/BUSI-XAI/data/processed/masks/malignant/malignant (50)_mask.png,1,/content/drive/MyDrive/BUSI-XAI/data/raw/malignant/malignant (50)_mask.png,567,469,567,469,False,21336,0.08023375187554292,1e6870ce6801d9d7afa5696554494c1e80b64c4ec2e1b2d84fe5db03b7c4b900,True,
malignant (51),malignant,/content/drive/MyDrive/BUSI-XAI/data/raw/malignant/malignant (51).png,/content/drive/MyDrive/BUSI-XAI/data/processed/images/malignant/malignant (51).png,/content/drive/MyDrive/BUSI-XAI/data/processed/masks/malignant/malignant (51)_mask.png,1,/content/drive/MyDrive/BUSI-XAI/data/raw/malignant/malignant (51)_mask.png,588,437,588,437,False,22299,0.0867813944799888,5d9cbd2afcd281e8bc96bfca3576c41b2b7f2af2d73e4a14777a98e419fb81df,True,
malignant (52),malignant,/content/drive/MyDrive/BUSI-XAI/data/raw/malignant/malignant (52).png,/content/drive/MyDrive/BUSI-XAI/data/processed/images/malignant/malignant (52).png,/content/drive/MyDrive/BUSI-XAI/data/processed/masks/malignant/malignant (52)_mask.png,1,/content/drive/MyDrive/BUSI-XAI/data/raw/malignant/malignant (52)_mask.png,552,462,552,462,False,52998,0.20781573498964803,f2453652f0f3e2fadf9740cc7cc24c61f982411540aa5843d2bd05af2b674636,True,
malignant (53),malignant,/content/drive/MyDrive/BUSI-XAI/data/raw/malignant/malignant (53).png,/content/drive/MyDrive/BUSI-XAI/data/processed/images/malignant/malignant (53).png,/content/drive/MyDrive/BUSI-XAI/data/processed/masks/malignant/malignant (53)_mask.png,2,/content/drive/MyDrive/BUSI-XAI/data/raw/malignant/malignant (53)_mask.png;/content/drive/MyDrive/BUSI-XAI/data/raw/malignant/malignant (53)_mask_1.png,569,471,569,471,False,15881,0.059257683797327605,bbc8715a43a3967863081087414b6fd4f4aa6e974d053cd5459b149b0dd0aa1e,True,
malignant (54),malignant,/content/drive/MyDrive/BUSI-XAI/data/raw/malignant/malignant (54).png,/content/drive/MyDrive/BUSI-XAI/data/processed/images/malignant/malignant (54).png,/content/drive/MyDrive/BUSI-XAI/data/processed/masks/malignant/malignant (54)_mask.png,1,/content/drive/MyDrive/BUSI-XAI/data/raw/malignant/malignant (54)_mask.png,777,580,777,580,False,27432,0.060870722939688454,abb6768ec7e8b010fe03fba16e7653985b80d5026c8876290ebfd136625b5b96,True,
malignant (55),malignant,/content/drive/MyDrive/BUSI-XAI/data/raw/malignant/malignant (55).png,/content/drive/MyDrive/BUSI-XAI/data/processed/images/malignant/malignant (55).png,/content/drive/MyDrive/BUSI-XAI/data/processed/masks/malignant/malignant (55)_mask.png,1,/content/drive/MyDrive/BUSI-XAI/data/raw/malignant/malignant (55)_mask.png,786,556,786,556,False,20759,0.04750169330184707,db1a918ff4b43cd05f583c2d2bd0e857ab2effc566d0608b7ad9151b9176a270,True,
malignant (56),malignant,/content/drive/MyDrive/BUSI-XAI/data/raw/malignant/malignant (56).png,/content/drive/MyDrive/BUSI-XAI/data/processed/images/malignant/malignant (56).png,/content/drive/MyDrive/BUSI-XAI/data/processed/masks/malignant/malignant (56)_mask.png,1,/content/drive/MyDrive/BUSI-XAI/data/raw/malignant/malignant (56)_mask.png,690,538,690,538,False,70542,0.19002747696783578,ed8696f699022acbefbce630bd95aafd3d119b2b62177412deada0c6f4ca79ff,True,
malignant (57),malignant,/content/drive/MyDrive/BUSI-XAI/data/raw/malignant/malignant (57).png,/content/drive/MyDrive/BUSI-XAI/data/processed/images/malignant/malignant (57).png,/content/drive/MyDrive/BUSI-XAI/data/processed/masks/malignant/malignant (57)_mask.png,1,/content/drive/MyDrive/BUSI-XAI/data/raw/malignant/malignant (57)_mask.png,717,533,717,533,False,47395,0.12401841108852028,acb29fd9f3ae2c71166d833bb6229b452fe04cbf9d24d01bb2a1d278530cc37e,True,
malignant (58),malignant,/content/drive/MyDrive/BUSI-XAI/data/raw/malignant/malignant (58).png,/content/drive/MyDrive/BUSI-XAI/data/processed/images/malignant/malignant (58).png,/content/drive/MyDrive/BUSI-XAI/data/processed/masks/malignant/malignant (58)_mask.png,1,/content/drive/MyDrive/BUSI-XAI/data/raw/malignant/malignant (58)_mask.png,688,558,688,558,False,77150,0.20096169875802283,d61c69a8e923e1952736f964614923d6d57be864d45233735efde8745337db36,True,
malignant (59),malignant,/content/drive/MyDrive/BUSI-XAI/data/raw/malignant/malignant (59).png,/content/drive/MyDrive/BUSI-XAI/data/processed/images/malignant/malignant (59).png,/content/drive/MyDrive/BUSI-XAI/data/processed/masks/malignant/malignant (59)_mask.png,1,/content/drive/MyDrive/BUSI-XAI/data/raw/malignant/malignant (59)_mask.png,682,561,682,561,False,89827,0.2347792222727534,9199b3a650d45fe2c6ff35d020252284c9730a65dbdcdd5d24284fc2ab0092f6,True,
malignant (6),malignant,/content/drive/MyDrive/BUSI-XAI/data/raw/malignant/malignant (6).png,/content/drive/MyDrive/BUSI-XAI/data/processed/images/malignant/malignant (6).png,/content/drive/MyDrive/BUSI-XAI/data/processed/masks/malignant/malignant (6)_mask.png,1,/content/drive/MyDrive/BUSI-XAI/data/raw/malignant/malignant (6)_mask.png,432,478,432,478,False,12527,0.060664613358128006,bce09e99b9cae59be46ef61af2ec9a820f19bb6cc13276324bdc57e8d2a83acf,True,
malignant (60),malignant,/content/drive/MyDrive/BUSI-XAI/data/raw/malignant/malignant (60).png,/content/drive/MyDrive/BUSI-XAI/data/processed/images/malignant/malignant (60).png,/content/drive/MyDrive/BUSI-XAI/data/processed/masks/malignant/malignant (60)_mask.png,1,/content/drive/MyDrive/BUSI-XAI/data/raw/malignant/malignant (60)_mask.png,681,559,681,559,False,62164,0.1632976865022762,2fe3ceda3950402b2da16ece796b4724833cda33ae9cd93c037847943f576d99,True,
malignant (61),malignant,/content/drive/MyDrive/BUSI-XAI/data/raw/malignant/malignant (61).png,/content/drive/MyDrive/BUSI-XAI/data/processed/images/malignant/malignant (61).png,/content/drive/MyDrive/BUSI-XAI/data/processed/masks/malignant/malignant (61)_mask.png,1,/content/drive/MyDrive/BUSI-XAI/data/raw/malignant/malignant (61)_mask.png,566,462,566,462,False,8327,0.031844186437826015,d87baa617edffea977ad131ae5db172cfe2eab99bce288308886c67bcd16392c,True,
malignant (62),malignant,/content/drive/MyDrive/BUSI-XAI/data/raw/malignant/malignant (62).png,/content/drive/MyDrive/BUSI-XAI/data/processed/images/malignant/malignant (62).png,/content/drive/MyDrive/BUSI-XAI/data/processed/masks/malignant/malignant (62)_mask.png,1,/content/drive/MyDrive/BUSI-XAI/data/raw/malignant/malignant (62)_mask.png,693,565,693,565,False,54345,0.13879630693789985,c9574c79e8c802e949773f498620641b219c5675aea2e5ef84089153cbee04b9,True,
malignant (63),malignant,/content/drive/MyDrive/BUSI-XAI/data/raw/malignant/malignant (63).png,/content/drive/MyDrive/BUSI-XAI/data/processed/images/malignant/malignant (63).png,/content/drive/MyDrive/BUSI-XAI/data/processed/masks/malignant/malignant (63)_mask.png,1,/content/drive/MyDrive/BUSI-XAI/data/raw/malignant/malignant (63)_mask.png,795,572,795,572,False,73334,0.16126577824691032,c11e6794b8784af44e92548ee1a98b49b3937b432c8bb6fd023686bc071f3c5c,True,
malignant (64),malignant,/content/drive/MyDrive/BUSI-XAI/data/raw/malignant/malignant (64).png,/content/drive/MyDrive/BUSI-XAI/data/processed/images/malignant/malignant (64).png,/content/drive/MyDrive/BUSI-XAI/data/processed/masks/malignant/malignant (64)_mask.png,1,/content/drive/MyDrive/BUSI-XAI/data/raw/malignant/malignant (64)_mask.png,772,479,772,479,False,25526,0.06902874079202137,167b4072d873f2f25063c5a0c7e4082c30c6effc09c88a02d947b0b0ece48e30,True,
malignant (65),malignant,/content/drive/MyDrive/BUSI-XAI/data/raw/malignant/malignant (65).png,/content/drive/MyDrive/BUSI-XAI/data/processed/images/malignant/malignant (65).png,/content/drive/MyDrive/BUSI-XAI/data/processed/masks/malignant/malignant (65)_mask.png,1,/content/drive/MyDrive/BUSI-XAI/data/raw/malignant/malignant (65)_mask.png,922,584,922,584,False,20141,0.037405654770748524,13e71b8117a5926aa44e19ccbee78630e2cad015580ee49421b95082fea52585,True,
malignant (66),malignant,/content/drive/MyDrive/BUSI-XAI/data/raw/malignant/malignant (66).png,/content/drive/MyDrive/BUSI-XAI/data/processed/images/malignant/malignant (66).png,/content/drive/MyDrive/BUSI-XAI/data/processed/masks/malignant/malignant (66)_mask.png,1,/content/drive/MyDrive/BUSI-XAI/data/raw/malignant/malignant (66)_mask.png,655,584,655,584,False,21299,0.05568074871902123,5ff374ed364a944fc642124d296fd6d0371e4a203ae849296a9dd52ebcfd15bb,True,
malignant (67),malignant,/content/drive/MyDrive/BUSI-XAI/data/raw/malignant/malignant (67).png,/content/drive/MyDrive/BUSI-XAI/data/processed/images/malignant/malignant (67).png,/content/drive/MyDrive/BUSI-XAI/data/processed/masks/malignant/malignant (67)_mask.png,1,/content/drive/MyDrive/BUSI-XAI/data/raw/malignant/malignant (67)_mask.png,946,604,946,604,False,24388,0.04268232922167929,240fff7936ed99eb6cdf99be196ff71f1da0a9f1ca57b1a7928a1fa48468772d,True,
malignant (68),malignant,/content/drive/MyDrive/BUSI-XAI/data/raw/malignant/malignant (68).png,/content/drive/MyDrive/BUSI-XAI/data/processed/images/malignant/malignant (68).png,/content/drive/MyDrive/BUSI-XAI/data/processed/masks/malignant/malignant (68)_mask.png,1,/content/drive/MyDrive/BUSI-XAI/data/raw/malignant/malignant (68)_mask.png,574,464,574,464,False,73482,0.2758996155232488,feb64003680cdfe886f930668a46583226599300c43b80c841b0914ed0735a26,True,
malignant (69),malignant,/content/drive/MyDrive/BUSI-XAI/data/raw/malignant/malignant (69).png,/content/drive/MyDrive/BUSI-XAI/data/processed/images/malignant/malignant (69).png,/content/drive/MyDrive/BUSI-XAI/data/processed/masks/malignant/malignant (69)_mask.png,1,/content/drive/MyDrive/BUSI-XAI/data/raw/malignant/malignant (69)_mask.png,646,461,646,461,False,19023,0.06387715492636145,dd8cc5bb65bb0a5d7b757b9a4944b66f69e6cf30d5a87a6277adbce490d125b3,True,
malignant (7),malignant,/content/drive/MyDrive/BUSI-XAI/data/raw/malignant/malignant (7).png,/content/drive/MyDrive/BUSI-XAI/data/processed/images/malignant/malignant (7).png,/content/drive/MyDrive/BUSI-XAI/data/processed/masks/malignant/malignant (7)_mask.png,1,/content/drive/MyDrive/BUSI-XAI/data/raw/malignant/malignant (7)_mask.png,432,474,432,474,False,10196,0.049792936396311924,b57fccb15b4ab072369e74c622d0de4c6f012d3b52f2b33eb432d25f6ccba9a8,True,
malignant (70),malignant,/content/drive/MyDrive/BUSI-XAI/data/raw/malignant/malignant (70).png,/content/drive/MyDrive/BUSI-XAI/data/processed/images/malignant/malignant (70).png,/content/drive/MyDrive/BUSI-XAI/data/processed/masks/malignant/malignant (70)_mask.png,1,/content/drive/MyDrive/BUSI-XAI/data/raw/malignant/malignant (70)_mask.png,668,463,668,463,False,16182,0.05232084427257795,b4e147cb3f63fd12ecbffe21ecbedc46d42c3da69c743a5b060cc989444c2bae,True,
malignant (71),malignant,/content/drive/MyDrive/BUSI-XAI/data/raw/malignant/malignant (71).png,/content/drive/MyDrive/BUSI-XAI/data/processed/images/malignant/malignant (71).png,/content/drive/MyDrive/BUSI-XAI/data/processed/masks/malignant/malignant (71)_mask.png,1,/content/drive/MyDrive/BUSI-XAI/data/raw/malignant/malignant (71)_mask.png,528,592,528,592,False,74179,0.23731508497133497,c538ec101118df6a1896cf4cb01c3cfbb115a56108f522ff795a9590e2e8dc59,True,
malignant (72),malignant,/content/drive/MyDrive/BUSI-XAI/data/raw/malignant/malignant (72).png,/content/drive/MyDrive/BUSI-XAI/data/processed/images/malignant/malignant (72).png,/content/drive/MyDrive/BUSI-XAI/data/processed/masks/malignant/malignant (72)_mask.png,1,/content/drive/MyDrive/BUSI-XAI/data/raw/malignant/malignant (72)_mask.png,528,598,528,598,False,122106,0.38672468835512314,dc29205494f43ad313f4d08262e43938a92f0b96b1af29f1894ab5bdb9b3ed29,True,
malignant (73),malignant,/content/drive/MyDrive/BUSI-XAI/data/raw/malignant/malignant (73).png,/content/drive/MyDrive/BUSI-XAI/data/processed/images/malignant/malignant (73).png,/content/drive/MyDrive/BUSI-XAI/data/processed/masks/malignant/malignant (73)_mask.png,1,/content/drive/MyDrive/BUSI-XAI/data/raw/malignant/malignant (73)_mask.png,549,474,549,474,False,9757,0.0374943318500073,efbd872593d7150a360050e28d36d83637f2cd5ddd201972378d5f33d2b2027d,True,
malignant (74),malignant,/content/drive/MyDrive/BUSI-XAI/data/raw/malignant/malignant (74).png,/content/drive/MyDrive/BUSI-XAI/data/processed/images/malignant/malignant (74).png,/content/drive/MyDrive/BUSI-XAI/data/processed/masks/malignant/malignant (74)_mask.png,1,/content/drive/MyDrive/BUSI-XAI/data/raw/malignant/malignant (74)_mask.png,558,464,558,464,False,11269,0.043524440736620935,81fe0c759aa7a5b5a5ff64913a9e7ab4f2d61b932a53ff02a1b3eec48189a969,True,
malignant (75),malignant,/content/drive/MyDrive/BUSI-XAI/data/raw/malignant/malignant (75).png,/content/drive/MyDrive/BUSI-XAI/data/processed/images/malignant/malignant (75).png,/content/drive/MyDrive/BUSI-XAI/data/processed/masks/malignant/malignant (75)_mask.png,1,/content/drive/MyDrive/BUSI-XAI/data/raw/malignant/malignant (75)_mask.png,441,412,441,412,False,39280,0.21619003588490412,4024a800e9610f7ce3674c9c32a3a01689e29fde1166e952d8addab8d1306e49,True,
malignant (76),malignant,/content/drive/MyDrive/BUSI-XAI/data/raw/malignant/malignant (76).png,/content/drive/MyDrive/BUSI-XAI/data/processed/images/malignant/malignant (76).png,/content/drive/MyDrive/BUSI-XAI/data/processed/masks/malignant/malignant (76)_mask.png,1,/content/drive/MyDrive/BUSI-XAI/data/raw/malignant/malignant (76)_mask.png,769,494,769,494,False,62583,0.16474152772147432,d156ea6ebdb624c8f8fe7d4be4473c97e40de3d41bfbfcb076d55e026e7ab329,True,
malignant (77),malignant,/content/drive/MyDrive/BUSI-XAI/data/raw/malignant/malignant (77).png,/content/drive/MyDrive/BUSI-XAI/data/processed/images/malignant/malignant (77).png,/content/drive/MyDrive/BUSI-XAI/data/processed/masks/malignant/malignant (77)_mask.png,1,/content/drive/MyDrive/BUSI-XAI/data/raw/malignant/malignant (77)_mask.png,801,587,801,587,False,52504,0.1116662094017912,113b0120e8302030b8f514ed9c6253c5f964796d01d7664193763b88ce7f0e78,True,
malignant (78),malignant,/content/drive/MyDrive/BUSI-XAI/data/raw/malignant/malignant (78).png,/content/drive/MyDrive/BUSI-XAI/data/processed/images/malignant/malignant (78).png,/content/drive/MyDrive/BUSI-XAI/data/processed/masks/malignant/malignant (78)_mask.png,1,/content/drive/MyDrive/BUSI-XAI/data/raw/malignant/malignant (78)_mask.png,880,567,880,567,False,58379,0.11700136283469617,58d3207d8075334fac764d454062e223917b49c8a71ef6c1dd5845a5f6a5c866,True,
malignant (79),malignant,/content/drive/MyDrive/BUSI-XAI/data/raw/malignant/malignant (79).png,/content/drive/MyDrive/BUSI-XAI/data/processed/images/malignant/malignant (79).png,/content/drive/MyDrive/BUSI-XAI/data/processed/masks/malignant/malignant (79)_mask.png,1,/content/drive/MyDrive/BUSI-XAI/data/raw/malignant/malignant (79)_mask.png,564,468,564,468,False,42462,0.16087015821058373,4282221fb8918e3f7d3c1e3ab23e3a42d51cd9debbfc75b5488c82412d74a95d,True,
malignant (8),malignant,/content/drive/MyDrive/BUSI-XAI/data/raw/malignant/malignant (8).png,/content/drive/MyDrive/BUSI-XAI/data/processed/images/malignant/malignant (8).png,/content/drive/MyDrive/BUSI-XAI/data/processed/masks/malignant/malignant (8)_mask.png,1,/content/drive/MyDrive/BUSI-XAI/data/raw/malignant/malignant (8)_mask.png,426,473,426,473,False,11091,0.055042729952654613,fa64fc30860900f3ed1d1a9f56214f0ffd14c04e6fd4f127574ebb19275bfd4c,True,
malignant (80),malignant,/content/drive/MyDrive/BUSI-XAI/data/raw/malignant/malignant (80).png,/content/drive/MyDrive/BUSI-XAI/data/processed/images/malignant/malignant (80).png,/content/drive/MyDrive/BUSI-XAI/data/processed/masks/malignant/malignant (80)_mask.png,1,/content/drive/MyDrive/BUSI-XAI/data/raw/malignant/malignant (80)_mask.png,643,443,643,443,False,28029,0.09839950289451604,f06036bed901078963ee4d02d36bd7ae40d7a606193faae3d20cef7b1522355e,True,
malignant (81),malignant,/content/drive/MyDrive/BUSI-XAI/data/raw/malignant/malignant (81).png,/content/drive/MyDrive/BUSI-XAI/data/processed/images/malignant/malignant (81).png,/content/drive/MyDrive/BUSI-XAI/data/processed/masks/malignant/malignant (81)_mask.png,1,/content/drive/MyDrive/BUSI-XAI/data/raw/malignant/malignant (81)_mask.png,764,452,764,452,False,30692,0.08887782050688041,529e00a37cebcd8b475768479beaaa4be336a6160ef0e82bfa4554540eb02d1f,True,
malignant (82),malignant,/content/drive/MyDrive/BUSI-XAI/data/raw/malignant/malignant (82).png,/content/drive/MyDrive/BUSI-XAI/data/processed/images/malignant/malignant (82).png,/content/drive/MyDrive/BUSI-XAI/data/processed/masks/malignant/malignant (82)_mask.png,1,/content/drive/MyDrive/BUSI-XAI/data/raw/malignant/malignant (82)_mask.png,569,459,569,459,False,30947,0.11849324771892744,529b43793a6459a0ac42118d28830d2648274ad4a25f2c3b384be914ecd9a30d,True,
malignant (83),malignant,/content/drive/MyDrive/BUSI-XAI/data/raw/malignant/malignant (83).png,/content/drive/MyDrive/BUSI-XAI/data/processed/images/malignant/malignant (83).png,/content/drive/MyDrive/BUSI-XAI/data/processed/masks/malignant/malignant (83)_mask.png,1,/content/drive/MyDrive/BUSI-XAI/data/raw/malignant/malignant (83)_mask.png,654,616,654,616,False,20991,0.05210443226498272,6d0cda11b8aac7eb439eab00fa9dd2049e30ef827bb419eb91a03f33992d95c2,True,
malignant (84),malignant,/content/drive/MyDrive/BUSI-XAI/data/raw/malignant/malignant (84).png,/content/drive/MyDrive/BUSI-XAI/data/processed/images/malignant/malignant (84).png,/content/drive/MyDrive/BUSI-XAI/data/processed/masks/malignant/malignant (84)_mask.png,1,/content/drive/MyDrive/BUSI-XAI/data/raw/malignant/malignant (84)_mask.png,649,612,649,612,False,39438,0.09929303000090638,955225a2efc0af51f276ce286c7a3a61d20c816f6ab28cb15f43cd8e0a565d05,True,
malignant (85),malignant,/content/drive/MyDrive/BUSI-XAI/data/raw/malignant/malignant (85).png,/content/drive/MyDrive/BUSI-XAI/data/processed/images/malignant/malignant (85).png,/content/drive/MyDrive/BUSI-XAI/data/processed/masks/malignant/malignant (85)_mask.png,1,/content/drive/MyDrive/BUSI-XAI/data/raw/malignant/malignant (85)_mask.png,733,485,733,485,False,69371,0.1951336830705616,5b4fcfc7b685e3fdf2bb49343eeee4029106d07c52c5fe5033a84d1309114ecf,True,
malignant (86),malignant,/content/drive/MyDrive/BUSI-XAI/data/raw/malignant/malignant (86).png,/content/drive/MyDrive/BUSI-XAI/data/processed/images/malignant/malignant (86).png,/content/drive/MyDrive/BUSI-XAI/data/processed/masks/malignant/malignant (86)_mask.png,1,/content/drive/MyDrive/BUSI-XAI/data/raw/malignant/malignant (86)_mask.png,735,483,735,483,False,82710,0.2329826340474078,b8a38d4cad02e4b128ee86e6c56928d2a5a720d2a6fc18e5ce50d076c01d7054,True,
malignant (87),malignant,/content/drive/MyDrive/BUSI-XAI/data/raw/malignant/malignant (87).png,/content/drive/MyDrive/BUSI-XAI/data/processed/images/malignant/malignant (87).png,/content/drive/MyDrive/BUSI-XAI/data/processed/masks/malignant/malignant (87)_mask.png,1,/content/drive/MyDrive/BUSI-XAI/data/raw/malignant/malignant (87)_mask.png,561,499,561,499,False,30544,0.10910948456628052,00ff8e1909292a80a7c20a7ba71e0a6041f9ce378453587a3d57488ea404b061,True,
malignant (88),malignant,/content/drive/MyDrive/BUSI-XAI/data/raw/malignant/malignant (88).png,/content/drive/MyDrive/BUSI-XAI/data/processed/images/malignant/malignant (88).png,/content/drive/MyDrive/BUSI-XAI/data/processed/masks/malignant/malignant (88)_mask.png,1,/content/drive/MyDrive/BUSI-XAI/data/raw/malignant/malignant (88)_mask.png,775,591,775,591,False,34368,0.07503520550188308,ffb97f0f184fe03faa26187d92181ce94cc4a17087ad6a33bcf6b913f3c97653,True,
malignant (89),malignant,/content/drive/MyDrive/BUSI-XAI/data/raw/malignant/malignant (89).png,/content/drive/MyDrive/BUSI-XAI/data/processed/images/malignant/malignant (89).png,/content/drive/MyDrive/BUSI-XAI/data/processed/masks/malignant/malignant (89)_mask.png,1,/content/drive/MyDrive/BUSI-XAI/data/raw/malignant/malignant (89)_mask.png,786,585,786,585,False,106380,0.23135642982971227,f5fc1452d2cfeb406a13e6100de335fb3798e14a2b5ea5ba5aa05a29b4e4d4b9,True,
malignant (9),malignant,/content/drive/MyDrive/BUSI-XAI/data/raw/malignant/malignant (9).png,/content/drive/MyDrive/BUSI-XAI/data/processed/images/malignant/malignant (9).png,/content/drive/MyDrive/BUSI-XAI/data/processed/masks/malignant/malignant (9)_mask.png,1,/content/drive/MyDrive/BUSI-XAI/data/raw/malignant/malignant (9)_mask.png,430,480,430,480,False,10863,0.05263081395348837,09a8e1d1e00decf4b425009593a923b241bdf4e7a3f103551366f18992da9421,True,
malignant (90),malignant,/content/drive/MyDrive/BUSI-XAI/data/raw/malignant/malignant (90).png,/content/drive/MyDrive/BUSI-XAI/data/processed/images/malignant/malignant (90).png,/content/drive/MyDrive/BUSI-XAI/data/processed/masks/malignant/malignant (90)_mask.png,1,/content/drive/MyDrive/BUSI-XAI/data/raw/malignant/malignant (90)_mask.png,783,587,783,587,False,48021,0.10447956033340514,a40eb1f443cb47470f7f35f001198046ec3180873af3d11fb1ebcce867a43355,True,
malignant (91),malignant,/content/drive/MyDrive/BUSI-XAI/data/raw/malignant/malignant (91).png,/content/drive/MyDrive/BUSI-XAI/data/processed/images/malignant/malignant (91).png,/content/drive/MyDrive/BUSI-XAI/data/processed/masks/malignant/malignant (91)_mask.png,1,/content/drive/MyDrive/BUSI-XAI/data/raw/malignant/malignant (91)_mask.png,550,494,550,494,False,41721,0.1535553919764446,d8bf349626d2950d60bd31235d425a105d0e4b762a8a202ab1161512142e0b16,True,
malignant (92),malignant,/content/drive/MyDrive/BUSI-XAI/data/raw/malignant/malignant (92).png,/content/drive/MyDrive/BUSI-XAI/data/processed/images/malignant/malignant (92).png,/content/drive/MyDrive/BUSI-XAI/data/processed/masks/malignant/malignant (92)_mask.png,1,/content/drive/MyDrive/BUSI-XAI/data/raw/malignant/malignant (92)_mask.png,617,581,617,581,False,22068,0.06156043483961314,84b6e081e43c331a6c7e0bcfdbeec1e36ae3344faa4fce5929ee84bf29f13b6b,True,
malignant (93),malignant,/content/drive/MyDrive/BUSI-XAI/data/raw/malignant/malignant (93).png,/content/drive/MyDrive/BUSI-XAI/data/processed/images/malignant/malignant (93).png,/content/drive/MyDrive/BUSI-XAI/data/processed/masks/malignant/malignant (93)_mask.png,1,/content/drive/MyDrive/BUSI-XAI/data/raw/malignant/malignant (93)_mask.png,554,470,554,470,False,37501,0.1440241185958983,8f2b84be94b453f53a2cd075b90c1dc2bf432eda8ad09a77a5eb0cb160cbda8d,True,
malignant (94),malignant,/content/drive/MyDrive/BUSI-XAI/data/raw/malignant/malignant (94).png,/content/drive/MyDrive/BUSI-XAI/data/processed/images/malignant/malignant (94).png,/content/drive/MyDrive/BUSI-XAI/data/processed/masks/malignant/malignant (94)_mask.png,1,/content/drive/MyDrive/BUSI-XAI/data/raw/malignant/malignant (94)_mask.png,564,452,564,452,False,51666,0.20266898889098098,b8b50a73d5ddb1f6e20733e5702259a5f3c8c25bbf4fa4784718093fccdfe2e3,True,
malignant (95),malignant,/content/drive/MyDrive/BUSI-XAI/data/raw/malignant/malignant (95).png,/content/drive/MyDrive/BUSI-XAI/data/processed/images/malignant/malignant (95).png,/content/drive/MyDrive/BUSI-XAI/data/processed/masks/malignant/malignant (95)_mask.png,1,/content/drive/MyDrive/BUSI-XAI/data/raw/malignant/malignant (95)_mask.png,781,486,781,486,False,56403,0.14859866268316974,26e2a96fd31e8fdd7f589f75502165f0aa744a7aee561e6d8ad8e125d46b2676,True,
malignant (96),malignant,/content/drive/MyDrive/BUSI-XAI/data/raw/malignant/malignant (96).png,/content/drive/MyDrive/BUSI-XAI/data/processed/images/malignant/malignant (96).png,/content/drive/MyDrive/BUSI-XAI/data/processed/masks/malignant/malignant (96)_mask.png,1,/content/drive/MyDrive/BUSI-XAI/data/raw/malignant/malignant (96)_mask.png,560,483,560,483,False,57534,0.21271073646850044,f067cf003ae6ba561e43107677eaa42c39176609d7736da66ddbbdd76288e9b5,True,
malignant (97),malignant,/content/drive/MyDrive/BUSI-XAI/data/raw/malignant/malignant (97).png,/content/drive/MyDrive/BUSI-XAI/data/processed/images/malignant/malignant (97).png,/content/drive/MyDrive/BUSI-XAI/data/processed/masks/malignant/malignant (97)_mask.png,1,/content/drive/MyDrive/BUSI-XAI/data/raw/malignant/malignant (97)_mask.png,583,486,583,486,False,51487,0.18171583056279073,c1c724000d74c0990d768c5c668a024ebb42aa7696b990102b1769a82b433757,True,
malignant (98),malignant,/content/drive/MyDrive/BUSI-XAI/data/raw/malignant/malignant (98).png,/content/drive/MyDrive/BUSI-XAI/data/processed/images/malignant/malignant (98).png,/content/drive/MyDrive/BUSI-XAI/data/processed/masks/malignant/malignant (98)_mask.png,1,/content/drive/MyDrive/BUSI-XAI/data/raw/malignant/malignant (98)_mask.png,770,486,770,486,False,13241,0.035382929827374274,01140df0b2c491e75afef02c4e6febcfe5b2e76e5a377726bbf5bff817f8c146,True,
malignant (99),malignant,/content/drive/MyDrive/BUSI-XAI/data/raw/malignant/malignant (99).png,/content/drive/MyDrive/BUSI-XAI/data/processed/images/malignant/malignant (99).png,/content/drive/MyDrive/BUSI-XAI/data/processed/masks/malignant/malignant (99)_mask.png,1,/content/drive/MyDrive/BUSI-XAI/data/raw/malignant/malignant (99)_mask.png,550,486,550,486,False,15467,0.05786382341937898,bf2afb614a92e60bfe2b05ce7a45615c09b6dff77d26aa789d45742d824b9302,True,
